s_no,tpa,entity_code,hospital_name,address,district,subentities,single_multi,pvt_govt,directrate,edc,edc_date,year,grade,bariatric_surgery,cardiology,cardiothoracic_surgeries,dermatology,ent,endocrinology,follow_up_procedure,gastroenterology,general_medicine,general_surgery,genitourinary_surgery,gynaecology_obstetric_surgery,haemotology,hepatology,infectious_diseases,interventional_cardiology,interventional_radiology,medical_oncology,neonatology,nephrology,neurology,neurosurgery,ofms,ophthalmology_surgeries,orthopedics,paediatric_intensive_care,paediatric_surgeries,paediatrics,plastic_surgery,pmr,psychiatry,pulmonology,radiation_oncology,rehabilitation,rheumatology,spine,surgical_gastro_enterology,surgical_oncology,vascular_surgeries,joint_replacement,latitude,longitude,location_accuracy
158,MA,H_26402,"Pudukottai Dental College Hosp, Pudukottai TN.","Mullur Village, Thanjavur Road, Pudukkottai - 622004, Tamil Nadu", Pudukottai ,GOVT-DME,Multi,GOVT-DME,Govt,95,06-03-2026,2026,A1,False,True,True,True,True,True,True,True,True,True,True,True,True,True,True,True,True,True,True,True,True,True,True,True,True,True,True,True,True,False,True,True,True,False,True,True,True,True,True,True,10.3721881,78.8019821,Village/Town Center
229,MA,H_26317,"Chitra Multi Spl Hosp Pvt Ltd, Virudhunagar, TN.","No 626, Tenkasi Road, Rajapalayam, Virudhunagar, Tamilnadu - 626117", Virudhunagar,Private,Multi,PVT HOSPITAL,Pvt,91,28-10-2025,2025,A6,False,True,False,False,False,False,False,False,True,False,False,False,False,False,False,True,False,False,False,True,False,False,False,False,True,False,False,False,False,False,False,False,False,False,False,False,False,False,False,False,9.6220864,77.9592051,Village/Town Center
161,MA,H_18230,"A.S Imaging Centre Pvt Ltd, Ariyalur TN.","27E PATTUNOOLKARA STREET, ARIYALUR.",Ariyalur,PVT,Multi,PVT HOSPITAL,Pvt,4,12-04-2017,2017,A4,False,True,False,False,False,False,True,True,True,True,True,True,True,False,False,True,False,False,False,True,False,True,False,False,False,False,False,False,False,False,False,False,False,False,True,False,False,False,False,False,11.1530559,79.2585797,District Center
195,MA,H_18437,"Ariyalur Golden Hospital Pvt.Ltd, Ariyalur TN.","81A,PERIYARNAGAR MAIN ROAD,",Ariyalur,PVT,Multi,PVT HOSPITAL,Pvt,4,12-04-2017,2017,A4,False,False,False,False,False,False,True,False,True,False,False,False,False,False,False,False,False,False,False,True,False,False,False,False,True,False,False,False,False,False,False,False,False,False,False,False,False,False,False,False,11.1530559,79.2585797,District Center
2036,MA,H_22534,"DEIC , Ariyalur TN.",,Ariyalur,DEIC,DEIC,DEIC,Govt,0,05-02-2018,2018,,False,False,False,False,False,False,False,False,False,False,False,False,False,False,False,False,False,False,False,False,False,False,False,False,False,False,False,False,False,False,False,False,False,False,False,False,False,False,False,False,11.1530559,79.2585797,District Center
2035,MA,H_22519,"District Diff. abled welfare office,Ariyalur TN.",,Ariyalur,DDWO,DDWO,DDWO,Govt,20,03-07-2018,2018,,False,False,False,False,False,False,False,False,False,False,False,False,False,False,False,False,False,False,False,False,False,False,False,False,False,False,False,False,False,False,False,False,False,False,False,False,False,False,False,False,11.1530559,79.2585797,District Center
1511,MA,H_24572,"Govt Andimadam UPHC, Ariyalur TN.","Govt.Community Health Centre, V ROAD,  ANDIMADAM ,ANDIMADAM (PO &TK), ARIYALUR (DT), 621801",Ariyalur,UPHC,Multi,Govt-MTM,Govt,51,19-08-2021,2021,A1,False,False,False,False,False,False,False,False,False,True,False,False,False,False,False,False,False,False,False,False,True,False,False,False,False,False,False,False,False,False,False,False,False,False,True,False,False,False,False,False,11.1530559,79.2585797,District Center
142,MA,H_25860,"Govt Hospital, Sendurai, Ariyalur TN.","GH,Periyar Nagar,Neivanam,Sendurai,Ariyalur District.",Ariyalur,GOVT-DMS,Multi,GOVT-DMS,Govt,69,12-05-2023,2023,A1,False,True,True,True,True,True,True,True,True,True,True,True,True,True,True,True,True,True,True,True,True,True,True,True,True,True,True,True,True,False,True,True,True,False,True,True,True,True,True,True,11.2691534,79.2346675,Exact Hospital
141,MA,H_25859,"Govt Hospital, Udayarpalayam, Ariyalur TN.","GH,Old Police station road,Udayarpalayam,Ariyalur District.",Ariyalur,GOVT-DMS,Multi,GOVT-DMS,Govt,69,12-05-2023,2023,A1,False,True,True,True,True,True,True,True,True,True,True,True,True,True,True,True,True,True,True,True,True,True,True,True,True,True,True,True,True,False,True,True,True,False,True,True,True,True,True,True,11.209725,79.3663872,Exact Hospital
1635,MA,H_25030,"Govt Kadugur UPHC, Ariyalur TN.","kadugur bphc, main road, kallankurichi via, kadugur, ariyalur",Ariyalur,UPHC,Multi,Govt-MTM,Govt,55,12-11-2021,2021,A1,False,False,False,False,False,False,False,False,False,True,False,False,False,False,False,False,False,False,False,False,True,False,False,False,False,False,False,False,False,False,False,False,False,False,True,False,False,False,False,False,11.1679359,79.1496161,Village/Town Center
1513,MA,H_24580,"Govt Kumiliyam UPHC, Sendurai,  Ariyalur TN.","Govt.Community Health Centre, Udaiyarpalaiyam Main Road, Sendurai, PIN - 621 804 ",Ariyalur,UPHC,Multi,Govt-MTM,Govt,51,19-08-2021,2021,A1,False,False,False,False,False,False,False,False,False,True,False,False,False,False,False,False,False,False,False,False,True,False,False,False,False,False,False,False,False,False,False,False,False,False,True,False,False,False,False,False,11.2720093,79.1865576,Village/Town Center
1512,MA,H_24578,"Govt Meensurtty UPHC, Jayankondam, Ariyalur TN.","Govt.Community Health Centre, Kattumannarkudi Main Road, Meensurity, PIN -612 903Main ",Ariyalur,UPHC,Multi,Govt-MTM,Govt,51,19-08-2021,2021,A1,False,False,False,False,False,False,False,False,False,True,False,False,False,False,False,False,False,False,False,False,True,False,False,False,False,False,False,False,False,False,False,False,False,False,True,False,False,False,False,False,11.1530559,79.2585797,District Center
1514,MA,H_24582,"Govt T.Palur UPHC, Ariyalur TN.","Edankanni Road, T.Palur ",Ariyalur,UPHC,Multi,Govt-MTM,Govt,51,19-08-2021,2021,A1,False,False,False,False,False,False,False,False,False,True,False,False,False,False,False,False,False,False,False,False,True,False,False,False,False,False,False,False,False,False,False,False,False,False,True,False,False,False,False,False,11.1530559,79.2585797,District Center
1515,MA,H_24586,"Govt Thirumanur UPHC,  Ariyalur TN.","THANJAVUR MAIN ROAD, THIRUMARNUR",Ariyalur,UPHC,Multi,Govt-MTM,Govt,51,19-08-2021,2021,A1,False,False,False,False,False,False,False,False,False,True,False,False,False,False,False,False,False,False,False,False,True,False,False,False,False,False,False,False,False,False,False,False,False,False,True,False,False,False,False,False,11.1530559,79.2585797,District Center
1,MA,H_18494,"Govt. Medical College and Hosp, Ariyalur TN.","Perambalur Main Road, Ariyalur Taluk and District - 621704, 
(Landmark - Near Railway Station)",Ariyalur,GOVT-DME,Multi,GOVT-DME,Govt,1,20-03-2017,2017,A1,False,True,True,True,True,True,True,True,True,True,True,True,True,True,True,True,True,True,True,True,True,True,True,True,True,True,True,True,True,False,True,True,True,False,True,True,True,True,True,True,11.1530559,79.2585797,District Center
2,MA,H_18861,"Govt.Head Qrtrs Jayakondam,Ariyalur TN.","T.Palur Main Road , Jayankondam, Udaiyarpalaiyam Taluk, Ariyalur District -621802.
[Landmark Taluk Special Court, Jayankondam].",Ariyalur,GOVT-DMS,Multi,GOVT-DMS,Govt,1,20-03-2017,2017,A1,False,True,True,True,True,True,True,True,True,True,True,True,True,True,True,True,True,True,True,True,True,True,True,True,True,True,True,True,True,False,True,True,True,False,True,True,True,True,True,True,11.1530559,79.2585797,District Center
2123,MA,H_25717,"KVS Scans and Diagnostic, Ariyalur DC.",,Ariyalur,Private,Multi,DC PVT-STANDALONE,Pvt,62,30-08-2022,2022,,False,False,False,False,False,False,False,False,False,False,False,False,False,False,False,False,False,False,False,False,False,False,False,False,False,False,False,False,False,False,False,False,False,False,False,False,False,False,False,False,11.1530559,79.2585797,District Center
391,MA,H_26164,"Nalam Multispeciality Hospital, Ariyalur TN.","166/4,CHIDAMBARAM ROAD,JAYANKONDAM,ARIYALUR,TAMILNADU-621802. ",Ariyalur,PVT,Single,PVT HOSPITAL,Pvt,86,30-04-2025,2025,S1,False,False,False,False,False,False,False,False,False,False,False,False,False,False,False,False,False,False,False,True,False,False,False,False,False,False,False,False,False,False,False,False,False,False,False,False,False,False,False,False,11.1530559,79.2585797,District Center
2170,MA,H_26164 ,"Nalam Multispeciality Hospital, Ariyalur TN. ",,Ariyalur,PVT,Single,PVT HOSPITAL,PVT,86,30-04-2025,2025,,False,False,False,False,False,False,False,False,False,False,False,False,False,False,False,False,False,False,False,False,False,False,False,False,False,False,False,False,False,False,False,False,False,False,False,False,False,False,False,False,11.1530559,79.2585797,District Center
396,MA,H_23841,"New life Critical Care Centre, Ariyalur TN.","M.62 A/62B, Kurumbanchavadi,  Eruthukaranpatti Po, Opp. To Stadium, Ariyalur",Ariyalur,PVT,Multi,PVT HOSPITAL,Pvt,55,12-11-2021,2021,A6,False,False,False,False,False,False,False,False,True,True,False,False,False,False,False,False,False,False,False,False,False,False,False,False,False,False,False,False,False,False,False,False,False,False,False,False,False,False,False,False,11.1530559,79.2585797,District Center
2180,MA,H_26295,"Absolute Special School, Autism, Chengalpattu, TN. ",,Chengalpet,Autism,Single,PVT AUTISM,Pvt,90,24-09-2025,2025,,False,False,False,False,False,False,False,False,False,False,False,False,False,False,False,False,False,False,False,False,False,False,False,False,False,False,False,False,False,False,False,False,False,False,False,False,False,False,False,False,11.6115831,79.4944883,District Center
175,MA,H_21985,"Annai Arul Hospital, Chengalpet TN.",NO 270 MUDICHUR ROAD OLD PERUNGALATHUR CH 63,Chengalpet,Private,Multi,PVT HOSPITAL,Pvt,1,20-03-2017,2017,A2,False,False,False,False,False,False,True,False,True,True,False,False,False,False,False,False,False,False,False,True,False,False,False,False,True,False,False,False,False,False,False,True,False,False,False,False,False,False,False,False,11.6115831,79.4944883,District Center
186,MA,H_22425,"Apollo Speciality Hosptial, OMR, Chengalpet TN.","05/639,OMR Road,Perungudi, Chennai ",Chengalpet,Private,Multi,PVT HOSPITAL,Pvt,13,07-11-2017,2017,A6,False,False,True,False,False,False,True,False,False,False,False,False,False,False,False,True,False,False,False,False,False,False,False,False,False,False,False,False,False,False,False,False,False,False,False,False,False,False,False,False,11.6115831,79.4944883,District Center
206,MA,H_22866,"B.M Hospital, Nanganallur, Chengalpet TN.","36, 5th Main Road, Thillai Ganga Nagar,",Chengalpet,Private,Multi,PVT HOSPITAL,Pvt,31,13-05-2019,2019,A6,False,True,False,False,False,False,True,True,True,False,False,False,False,False,True,False,False,False,False,False,False,False,False,False,False,False,False,False,True,False,False,False,False,False,False,True,False,False,False,False,11.6115831,79.4944883,District Center
208,MA,H_18469,"Balaji Hospital,  TN.","NO: 14, VARADHANAR STREET, VEDHACHALA NAGAR, NEAR HEAD POST OFFICE, CHENGALPATTU",Chengalpet,Private,Multi,PVT HOSPITAL,Pvt,4,12-04-2017,2017,A6,False,False,False,False,False,False,True,False,False,True,True,True,False,False,False,False,False,False,False,False,False,False,False,False,False,False,False,False,False,False,False,False,False,False,False,True,False,False,False,False,12.6885223,79.9820948,Hospital in TN
212,MA,H_23426,"Bharath Medical Col and Hosp, Chengalpet TN.
","7 Works, Road, Chromepet, Chennai, Tamil Nadu 600044, India",Chengalpet,Private,Multi,PVT HOSPITAL,Pvt,49,07-07-2021,2021,A4,False,False,True,False,True,False,False,True,True,True,False,True,False,False,False,False,False,False,True,True,True,False,False,True,True,True,True,True,True,False,False,True,False,False,False,False,True,False,False,True,11.6115831,79.4944883,District Center
220,MA,H_22970,"C-Dot Hospital, Chengalpet TN."," 2/1029, Perumbakkam Main Rd, Kailash Nagar, Perumbakkam, Chennai, Tamil Nadu 600100",Chengalpet,Private,Multi,PVT HOSPITAL,Pvt,32,06-08-2019,2019,A6,False,False,False,False,False,False,False,False,False,False,False,False,False,False,False,False,False,False,False,False,False,False,False,False,True,False,False,False,False,False,False,False,False,False,False,False,False,False,False,False,11.6115831,79.4944883,District Center
3,MA,H_18722,"Chengalpet Medical College, Chengalpet TN.","G.S.T. ROAD, KANCHEEPURAM, CHENGALPATTU, TAMIL NADU 603001",Chengalpet,Medical College Hospital ,Multi,Govt-DME,Govt,1,20-03-2017,2017,A1,False,True,True,True,True,True,True,True,True,True,True,True,True,True,True,True,True,True,True,True,True,True,True,True,True,True,True,True,True,False,True,True,True,False,True,True,True,True,True,True,11.6115831,79.4944883,District Center
226,MA,H_22860,"Chennai Urology And Robotics Inst, OMR, Chengalpet  TN.
","No.148, Old Mahabalipuram Rd, Seevaram, Oggiyamduraipakkam, Tamil Nadu 600096",Chengalpet,Private,Single,PVT HOSPITAL,Pvt,31,13-05-2019,2019,S1,False,False,False,False,False,False,True,False,False,False,True,False,False,False,False,False,False,False,False,True,False,False,False,False,False,False,False,False,False,False,False,False,False,False,False,False,False,False,False,False,11.6115831,79.4944883,District Center
227,MA,H_25842,"Chettinad Hospital and Res Ins, Chengalpattu TN.
","Chettinad Health City, Rajiv Gandhi Salai, Kelambakkam",Chengalpet,Private,Multi,PVT HOSPITAL,Pvt,68,02-05-2023,2023,A4,False,False,False,False,True,False,False,False,True,True,False,True,False,False,False,False,False,False,False,False,False,False,False,True,True,True,False,False,True,False,False,True,False,False,False,False,False,False,False,False,11.6115831,79.4944883,District Center
228,MA,H_18220,"Chettinad Super Speciality Hosp, Chengalpet TN.","RAJIV GANDHI SALAI,KELAMBAKKAM, KANCHIPURAM",Chengalpet,Private,Multi,PVT HOSPITAL,Pvt,4,12-04-2017,2017,A2,False,True,True,False,False,False,False,False,True,True,True,False,False,False,False,True,False,False,True,True,True,True,False,False,False,False,True,False,False,False,False,True,False,False,True,True,False,False,True,False,11.6115831,79.4944883,District Center
252,MA,H_18300,"Dr Kamakshi Memorial Hospital, Chengalpet TN.","1, RADIAL ROAD, PALLIKARANAI, DANDEESWARAR NAGAR, ROSE AVENUE,KANCHEEPURAM",Chengalpet,Private,Multi,PVT HOSPITAL,Pvt,5,19-04-2017,2017,A2,False,True,True,False,True,False,False,True,True,True,False,False,False,False,False,True,False,True,True,True,True,True,False,True,True,False,False,False,True,False,False,True,True,False,False,False,True,False,False,True,11.6115831,79.4944883,District Center
579,MA,H_20052,"Dr Kumars Health Care Pvt Ltd, Chengalpet, TN.","NO. 16, 6TH CROSS STREET, NEW COLONY, CHROMPET, PALLAVAPURAM, NEW COLONY, CHROMEPET,",Chengalpet,Private,Single,PVT HOSPITAL,Pvt,5,19-04-2017,2017,S1,False,False,False,False,False,False,False,False,False,False,False,False,False,False,False,False,False,False,False,False,False,False,False,False,True,False,False,False,False,False,False,False,False,False,False,True,False,False,False,False,11.6115831,79.4944883,District Center
260,MA,H_22863,"Dr. Rela Inst. and Medical Centre, Chengalpet TN.
","#7, CLC Works Rd, Nagappa Nagar, Chromepet, Chennai, Tamil Nadu 600044",Chengalpet,Private,Multi,PVT HOSPITAL,Pvt,31,13-05-2019,2019,A6,False,False,True,False,False,False,True,True,True,False,False,False,True,True,False,True,False,False,False,False,False,False,False,False,False,False,False,False,False,False,False,True,True,False,False,True,False,False,False,False,11.6115831,79.4944883,District Center
268,MA,H_23787,"Easy mom Fertility,maternity,chengalpattu TN.","Plot 1A, Mambakkam - Medavakkam Main Rd, opp. Sekar Stores, VGP Layout, Vengavasal, Chennai, Tamil Nadu 600100",Chengalpet,Private,Single,PVT HOSPITAL,Pvt,53,18-09-2021,2021,S1,False,False,False,False,False,False,True,False,True,False,False,True,False,False,False,False,False,False,False,False,False,False,False,False,False,False,False,False,False,False,False,True,False,False,False,False,False,False,False,False,11.6115831,79.4944883,District Center
2186,MA,H_26403,"First Step Special School, Chengalpet TN.",,Chengalpet,Autism,Multi,PVT AUTISM,Pvt,95,06-03-2026,2026,,False,False,False,False,False,False,False,False,False,False,False,False,False,False,False,False,False,False,False,False,False,False,False,False,False,False,False,False,False,False,False,False,False,False,False,False,False,False,False,False,11.6115831,79.4944883,District Center
279,MA,H_22972,"Gem Hospital And Res Centre Pvt Ltd, Chengalpet TN","Thiruvengadam Nagar, Perungudi, Chennai, Tamil Nadu 600096",Chengalpet,Private,Multi,PVT HOSPITAL,Pvt,32,06-08-2019,2019,A6,True,False,False,False,False,False,True,True,False,False,True,True,False,False,False,False,False,False,False,True,False,False,False,False,False,False,False,False,False,False,False,False,False,False,False,True,False,False,False,False,11.6115831,79.4944883,District Center
2164,MA,H_26112,"Genorime Pvt Ltd, Chengalpet, DC.",,Chengalpet,Private,PVT-STANDALONE,DC PVT-STANDALONE,Pvt,81,04-12-2024,2024,,False,False,False,False,False,False,False,False,False,False,False,False,False,False,False,False,False,False,False,False,False,False,False,False,False,False,False,False,False,False,False,False,False,False,False,False,False,False,False,False,11.6115831,79.4944883,District Center
285,MA,H_18439,"Gleneagles Global Health City, TN.","439, MEDAVAKKAM ROAD, CHERAN NAGAR, PERUMBAKKAM,KANCHEEPURAM",Chengalpet,Private,Multi,PVT HOSPITAL,Pvt,1,20-03-2017,2017,A1,True,True,True,True,True,True,True,True,True,True,True,True,True,True,True,True,True,True,True,True,True,True,True,True,True,True,True,True,True,False,True,True,True,True,True,True,True,True,True,True,11.6115831,79.4944883,District Center
7,MA,H_18866,"Govt Head Qrtrs Hospital, Tambaram, Chengalpet TN.","77, G S T ROAD, TAMBARAM SANATORIUM, CHENNAI",Chengalpet,District Hospital,Multi,Govt-DMS,Govt,1,20-03-2017,2017,A1,False,True,True,True,True,True,True,True,True,True,True,True,True,True,True,True,True,True,True,True,True,True,True,True,True,True,True,True,True,False,True,True,True,False,True,True,True,True,True,True,11.6115831,79.4944883,District Center
5,MA,H_20057,"Govt Hospital, Cheyyur Chengalpet TN.","SH 115, PANAIYUR, CHEYUR, TAMIL NADU 603302",Chengalpet,Sub-district Hospital,Multi,Govt-DMS,Govt,1,20-03-2017,2017,A1,False,True,True,True,True,True,True,True,True,True,True,True,True,True,True,True,True,True,True,True,True,True,True,True,True,True,True,True,True,False,True,True,True,False,True,True,True,True,True,True,11.6115831,79.4944883,District Center
6,MA,H_18864,"Govt Hospital, Madhurandaham Chengalpet TN.","HOSPITAL RD, MADURANTAKAM, TAMIL NADU 603306",Chengalpet,Sub-district Hospital,Multi,Govt-DMS,Govt,1,20-03-2017,2017,A1,False,True,True,True,True,True,True,True,True,True,True,True,True,True,True,True,True,True,True,True,True,True,True,True,True,True,True,True,True,False,True,True,True,False,True,True,True,True,True,True,11.6115831,79.4944883,District Center
111,MA,H_22958,"Govt Hospital, Thiruporur, Chengalpet TN.","GOVT HOSPITAL THIRUPORUR, OMR,  ILLALURE,THIRUPORUR TK,KANCHEEPURAM DIST  603110",Chengalpet,Sub-district Hospital,Multi,Govt-DMS,Govt,30,20-03-2019,2019,A1,False,True,True,True,True,True,True,True,True,True,True,True,True,True,True,True,True,True,True,True,True,True,True,True,True,True,True,True,True,False,True,True,True,False,True,True,True,True,True,True,11.6115831,79.4944883,District Center
120,MA,H_24442,"Govt Hospital,Injabakkam,Chengalpet TN.","VOC St, Cholamandal Artists Village, Injambakkam",Chengalpet,Sub-district Hospital,Multi,Govt-DMS,Govt,50,30-07-2021,2021,A1,False,True,True,True,True,True,True,True,True,True,True,True,True,True,True,True,True,True,True,True,True,True,True,True,True,True,True,True,True,False,True,True,True,False,True,True,True,True,True,True,11.6115831,79.4944883,District Center
121,MA,H_24443,"Govt Hospital,Mahabalipuram, Chengalpet TN.","Pooncheri, Tirukkalukkundram Rd, Mahabalipuram, ",Chengalpet,Sub-district Hospital,Multi,Govt-DMS,Govt,50,30-07-2021,2021,A1,False,True,True,True,True,True,True,True,True,True,True,True,True,True,True,True,True,True,True,True,True,True,True,True,True,True,True,True,True,False,True,True,True,False,True,True,True,True,True,True,11.6115831,79.4944883,District Center
122,MA,H_24439,"Govt Hospital,Thirukalukundram,Chengalpet TN."," Sannathi St, Tirukazhukundram",Chengalpet,Sub-district Hospital,Multi,Govt-DMS,Govt,50,30-07-2021,2021,A1,False,True,True,True,True,True,True,True,True,True,True,True,True,True,True,True,True,True,True,True,True,True,True,True,True,True,True,True,True,False,True,True,True,False,True,True,True,True,True,True,11.6115831,79.4944883,District Center
156,MA,H_26130,"Govt PHC, Nandhivaram, Chengalpattu, TN. ","1, Grand Southern Trunk Rd, Nandhivaram, Guduvancheri, Tamil Nadu 603202",Chengalpet,PHC,Multi,Govt - PHC,Govt,83,30-01-2025,2025,A1,False,False,False,False,False,False,False,False,False,False,False,False,False,False,False,False,False,False,False,True,False,False,False,False,False,False,False,False,False,False,False,False,False,False,False,False,False,False,False,False,11.6115831,79.4944883,District Center
4,MA,H_19477,"Govt Sanatorium, Chengalpet TN.","77, CHENNAI THENI HWY, KADAPERI, TAMBARAM, CHENNAI, TAMIL NADU 600045",Chengalpet,Sub-district Hospital,Multi,Govt-DMS,Govt,1,20-03-2017,2017,A1,False,True,True,True,True,True,True,True,True,True,True,True,True,True,True,True,True,True,True,True,True,True,True,True,True,True,True,True,True,False,True,True,True,False,True,True,True,True,True,True,11.6115831,79.4944883,District Center
2105,MA,H_22811,"Govt. Medical College DEIC, Chennai,TN.",,Chengalpet,DEIC,DEIC,DEIC,Govt,0,21-03-2019,2019,,False,False,False,False,False,False,False,False,False,False,False,False,False,False,False,False,False,False,False,False,False,False,False,False,False,False,False,False,False,False,False,False,False,False,False,False,False,False,False,False,11.6115831,79.4944883,District Center
2126,MA,H_25566,"Govt.DDWO,Chengalpattu TN. ",,Chengalpet,DDWO,DDWO,DDWO,Govt,0,22-03-2022,2022,,False,False,False,False,False,False,False,False,False,False,False,False,False,False,False,False,False,False,False,False,False,False,False,False,False,False,False,False,False,False,False,False,False,False,False,False,False,False,False,False,11.6115831,79.4944883,District Center
1600,MA,H_24884,"Govt.PHC St.Thomas mount,Chengalpattu TN.","2/523, Mambakkam - Medavakkam Main Rd, Medavakkam, Chennai, Tamil Nadu 600100",Chengalpet,PHC,Multi,Govt-MTM,Govt,54,22-10-2021,2021,A1,False,False,False,False,False,False,False,False,False,True,False,False,False,False,False,False,False,False,False,False,True,False,False,False,False,False,False,False,False,False,False,False,False,False,True,False,False,False,False,False,11.6115831,79.4944883,District Center
1601,MA,H_24885,"Govt.PHC Tiruporur,Chengalpattu TN.","P5HQ+G8W,OMR Road,Thiruporur, Tamil Nadu 603110",Chengalpet,PHC,Multi,Govt-MTM,Govt,54,22-10-2021,2021,A1,False,False,False,False,False,False,False,False,False,True,False,False,False,False,False,False,False,False,False,False,True,False,False,False,False,False,False,False,False,False,False,False,False,False,True,False,False,False,False,False,11.6115831,79.4944883,District Center
1630,MA,H_25008,"Govt.PHC,Chithamur,idaikalinadu,Chengulpet TN.","Government Upgrade Primary health centre ,   Idaikazhi nadu , Kadapakkam Post,Cheyyur taluk-603304",Chengalpet,PHC,Multi,Govt-MTM,Govt,55,12-11-2021,2021,A1,False,False,False,False,False,False,False,False,False,True,False,False,False,False,False,False,False,False,False,False,True,False,False,False,False,False,False,False,False,False,False,False,False,False,True,False,False,False,False,False,11.6115831,79.4944883,District Center
2109,MA,H_25008 ,"Govt.PHC,Chithamur,idaikalinadu,Chengulpet TN.",,Chengalpet,PHC,Multi,Govt-MTM,Govt,55,12-11-2021,2021,,False,False,False,False,False,False,False,False,False,False,False,False,False,False,False,False,False,False,False,False,False,False,False,False,False,False,False,False,False,False,False,False,False,False,False,False,False,False,False,False,11.6115831,79.4944883,District Center
1631,MA,H_25009,"Govt.PHC,Tirukalukundram,Sadras,Chengulpet TN.","Government Upgrade Primary health centre ,Sadurangapattinam  ,Kalpakkam-603102                                                        ",Chengalpet,PHC,Multi,Govt-MTM,Govt,55,12-11-2021,2021,A1,False,False,False,False,False,False,False,False,False,True,False,False,False,False,False,False,False,False,False,False,True,False,False,False,False,False,False,False,False,False,False,False,False,False,True,False,False,False,False,False,11.6115831,79.4944883,District Center
1468,MA,H_24470,"Govt.UPHC Achirapakkam,Chengalpattu TN.","Government Upgrade Primary health centre ,Elapakkam road ,Achirapakkam-603301",Chengalpet,PHC,Multi,Govt-MTM,Govt,51,23-08-2021,2021,A1,False,False,False,False,False,False,False,False,False,True,False,False,False,False,False,False,False,False,False,False,True,False,False,False,False,False,False,False,False,False,False,False,False,False,True,False,False,False,False,False,11.6115831,79.4944883,District Center
1469,MA,H_24471,"Govt.UPHC Chunamed,Chengalpattu TN. ","The Block Medical Officer,Govt.Primary Health Centre,Chunambedu - 603401",Chengalpet,PHC,Multi,Govt-MTM,Govt,51,23-08-2021,2021,A1,False,False,False,False,False,False,False,False,False,True,False,False,False,False,False,False,False,False,False,False,True,False,False,False,False,False,False,False,False,False,False,False,False,False,True,False,False,False,False,False,11.6115831,79.4944883,District Center
1471,MA,H_24474,"Govt.UPHC Kelambakkam,Chengalpattu TN.","Government Upgrade Primary health centre , Vandalur Main Road ,Kelambakkam-603103                                                        ",Chengalpet,PHC,Multi,Govt-MTM,Govt,51,23-08-2021,2021,A1,False,False,False,False,False,False,False,False,False,True,False,False,False,False,False,False,False,False,False,False,True,False,False,False,False,False,False,False,False,False,False,False,False,False,True,False,False,False,False,False,11.6115831,79.4944883,District Center
1552,MA,H_24718,"Govt.UPHC Madhuranthagam ,Chengalpattu TN.","Government Upgrade Primary health centre ,zaminendathur,maduranthagam-603311",Chengalpet,PHC,Multi,Govt-MTM,Govt,52,09-08-2021,2021,A1,False,False,False,False,False,False,False,False,False,True,False,False,False,False,False,False,False,False,False,False,True,False,False,False,False,False,False,False,False,False,False,False,False,False,True,False,False,False,False,False,11.6115831,79.4944883,District Center
1473,MA,H_24478,"Govt.UPHC Medavakkam,Chengalpattu TN.","Government Upgrade Primary health centre , Mampakkam Main Road ,Medavakkam , Chennai-600100",Chengalpet,PHC,Multi,Govt-MTM,Govt,51,23-08-2021,2021,A1,False,False,False,False,False,False,False,False,False,True,False,False,False,False,False,False,False,False,False,False,True,False,False,False,False,False,False,False,False,False,False,False,False,False,True,False,False,False,False,False,11.6115831,79.4944883,District Center
1472,MA,H_24476,"Govt.UPHC Nandhivaram,Chengalpattu TN. ","Government Upgrade Primary health centre , GST Main Road ,Nandhivaram ,Chennai - 603202",Chengalpet,PHC,Multi,Govt-MTM,Govt,51,23-08-2021,2021,A1,False,False,False,False,False,False,False,False,False,True,False,False,False,False,False,False,False,False,False,False,True,False,False,False,False,False,False,False,False,False,False,False,False,False,True,False,False,False,False,False,11.6115831,79.4944883,District Center
1470,MA,H_24473,"Govt.UPHC Pavanjur,Chengalpattu TN.","Government Upgrade Primary health centre , kadalur main Road,Pavanjur-603312                                                        ",Chengalpet,PHC,Multi,Govt-MTM,Govt,51,23-08-2021,2021,A1,False,False,False,False,False,False,False,False,False,True,False,False,False,False,False,False,False,False,False,False,True,False,False,False,False,False,False,False,False,False,False,False,False,False,True,False,False,False,False,False,11.6115831,79.4944883,District Center
1665,MA,H_26299,"Govt.UPHC Semmancherry, Chengalpattu TN.  ","	4444, TNSCB 6th Avenue, Semmancherry, Chennai",Chengalpet,UPHC,multi,Govt-MTM,Govt,90,24-09-2025,2025,A1,False,False,False,False,False,False,False,False,False,False,False,False,False,False,False,False,False,False,False,False,True,False,False,False,False,False,False,False,False,False,False,False,False,False,False,False,False,False,False,False,11.6115831,79.4944883,District Center
293,MA,H_18784,"Hariharan Diabetes, Chengalpet TN.","24 & 26, “SWATHI”, 29TH STREET, NCBS COLONY, NANGANALLUR, NCBS COLONY, NANGAINALLUR,KANCHIPURAM",Chengalpet,Private,Multi,PVT HOSPITAL,Pvt,5,19-04-2017,2017,A3,False,True,False,False,False,False,False,False,False,False,False,False,False,False,False,True,False,False,False,True,False,False,False,False,False,False,False,False,False,False,False,False,False,False,False,False,False,False,False,False,11.6115831,79.4944883,District Center
295,MA,H_18780,"Hindu Mission Health Services, Chengalpet TN.","00 FEET ROAD, NEAR EB OFFICE, HINDU COLONY, NANGANALLUR,KANCHIPURAM",Chengalpet,Private,Multi,PVT HOSPITAL,Pvt,1,20-03-2017,2017,A6,False,False,False,False,False,False,False,False,False,False,False,False,False,False,False,False,False,False,False,True,False,False,False,False,False,False,False,False,False,False,False,False,False,False,False,False,False,False,False,False,11.6115831,79.4944883,District Center
296,MA,H_18204,"Hindu Mission Hospital, Chengalpet TN.","103, NH 45, WEST TAMBARAM, TAMBARAM,KANCHIPURAM",Chengalpet,Private,Multi,PVT HOSPITAL,Pvt,1,20-03-2017,2017,A2,False,True,True,False,False,False,True,False,True,True,True,False,False,False,False,True,False,True,False,True,False,False,False,True,True,False,False,False,False,False,False,True,False,False,True,False,True,False,True,True,11.6115831,79.4944883,District Center
304,MA,H_24100,"Jeevan Sumyuktha Hospitals, Chengalpattu TN.","P-14/3,2nd AVENUE, DOMESTIC TARIFF AREA, MAHINDRA WORLD CITY, CHENGALPATTU",Chengalpet,Private,Multi,PVT HOSPITAL,Pvt,63,30-09-2022,2022,A6,False,False,True,False,True,False,False,False,True,False,False,False,False,False,False,False,False,False,False,False,True,False,False,True,False,False,False,False,True,False,False,True,False,False,False,False,True,False,False,False,11.6115831,79.4944883,District Center
306,MA,H_26110,"JJ Hospital, Chengalpet, TN.","55,DR. VARADARAJAN STREET, VEDACHALA NAGAR, CHENGALPATTU",Chengalpet,Private,Multiple,PVT HOSPITAL,Pvt,81,04-12-2024,2024,A6,False,False,False,False,False,False,False,False,False,False,False,True,False,False,False,False,False,False,False,False,False,False,False,False,False,False,False,False,False,False,False,False,False,False,False,False,False,False,False,False,11.6115831,79.4944883,District Center
307,MA,H_23675,"Jolen Hospital, Chengalpattu TN.
","No1 bajanaikoil, Bajanai Koil 2nd St, Sembakkam, Chennai",Chengalpet,Private,Multi,PVT HOSPITAL,Pvt,56,13-01-2022,2022,A4,False,False,False,False,False,False,False,False,False,True,False,False,False,False,False,False,False,False,False,False,False,False,False,False,False,False,False,False,False,False,False,False,False,False,False,False,False,False,False,False,11.6115831,79.4944883,District Center
310,MA,H_25745,"JSP Hospital Pvt Ltd, Chengalpattu TN.
","NO.70, KANCHEEPURAM HIGH ROAD, CHENGALPATTU-603002",Chengalpet,Private,Multi,PVT HOSPITAL,Pvt,63,30-09-2022,2022,A4,False,True,False,True,False,False,True,True,True,True,True,False,False,False,False,False,False,False,False,True,True,False,False,True,True,False,False,False,False,False,False,False,False,False,False,False,False,False,False,True,12.6974472,79.9724747,Hospital in TN
2124,MA,H_25745 ,"JSP Hospital Pvt Ltd, Chengalpet TN.",,Chengalpet,Private,Multi,PVT HOSPITAL,PVT,63,30-09-2022,2022,,False,False,False,False,False,False,False,False,False,False,False,False,False,False,False,False,False,False,False,False,False,False,False,False,False,False,False,False,False,False,False,False,False,False,False,False,False,False,False,False,12.6976172,79.972524,Hospital in TN
316,MA,H_19648,"Karpaga Vinyaga Institute, Chengalpet,TN.","GST ROAD, CHINNA KOLAMBAKKAM, PALAYANOOR P.O., KANCHIPURAM DIST., MADURANTAGAM,",Chengalpet,Private,Multi,PVT HOSPITAL,Pvt,5,19-04-2017,2017,A4,False,True,False,False,False,False,True,False,True,True,True,False,False,False,False,True,False,True,True,True,False,True,True,False,True,False,True,False,True,False,False,True,True,False,False,False,True,False,False,True,11.6115831,79.4944883,District Center
317,MA,H_23669,"Kasturi Hospital, Tambaram, Chengalpattu TN.","NO: 119, SHANMUGAM ROAD, WEST TAMBARAM, CHENNAI-45",Chengalpet,Private,Multi,PVT HOSPITAL,Pvt,58,28-04-2022,2022,A3,False,False,False,False,False,False,False,False,False,False,False,False,False,False,False,False,False,False,False,True,False,False,False,False,False,False,False,False,False,False,False,False,False,False,False,False,False,False,False,False,11.6115831,79.4944883,District Center
2125,MA,H_25704 ,"LifeCell international Pvt Ltd, Chengalpet DC.",,Chengalpet,Private,PVT-STANDALONE,DC PVT-STANDALONE,Pvt,61,26-06-2022,2022,,False,False,False,False,False,False,False,False,False,False,False,False,False,False,False,False,False,False,False,False,False,False,False,False,False,False,False,False,False,False,False,False,False,False,False,False,False,False,False,False,11.6115831,79.4944883,District Center
348,MA,H_25655,"Lions Hemodialysis Centre, Chengalpattu TN.
","No 22/11 Purananooru street Annanagar , Hasthinapuram",Chengalpet,Private,Single,PVT HOSPITAL,Pvt,59,31-05-2022,2022,S2,False,False,False,False,False,False,False,False,False,False,False,False,False,False,False,False,False,False,False,True,False,False,False,False,False,False,False,False,False,False,False,False,False,False,False,False,False,False,False,False,11.6115831,79.4944883,District Center
378,MA,H_18400,"Melmaruvathur Adhiparsakthi Inst, Chengalpet TN.","CRM7+87V, Melmaruvathur, Tamil Nadu 603319",Chengalpet,Private,Multi,PVT HOSPITAL,Pvt,5,19-04-2017,2017,A4,False,True,True,False,True,False,True,False,True,True,True,False,False,False,False,True,False,False,False,True,True,False,False,True,True,False,False,False,True,False,False,True,False,False,True,False,True,False,False,True,11.6115831,79.4944883,District Center
379,MA,H_22865,"Melvin Jones Lions Dialysis, Chengalpet TN."," Sunnambu Kolathur Main Rd, Rose Nagar, Kovilambakkam, Chennai, Tamil Nadu 600129",Chengalpet,Private,Single,PVT HOSPITAL,Pvt,31,13-05-2019,2019,S2,False,False,False,False,False,False,True,False,False,False,False,False,False,False,False,False,False,False,False,True,False,False,False,False,False,False,False,False,False,False,False,False,False,False,False,False,False,False,False,False,11.6115831,79.4944883,District Center
2181,MA,H_26296,"Mothers Special School, ID,Autism, Chengalpet, TN. ",,Chengalpet,Autism,Single,PVT AUTISM,Pvt,90,24-09-2025,2025,,False,False,False,False,False,False,False,False,False,False,False,False,False,False,False,False,False,False,False,False,False,False,False,False,False,False,False,False,False,False,False,False,False,False,False,False,False,False,False,False,11.6115831,79.4944883,District Center
406,MA,H_23671,"One Health hospital, Chengalpattu TN.","No.174/4B, GST Road, Urapakkam , Vandalur(TK )",Chengalpet,Private,Single,PVT HOSPITAL,Pvt,55,12-11-2021,2021,S1,False,False,False,False,False,False,False,False,False,False,False,False,False,False,False,False,False,False,False,True,False,False,False,False,False,False,False,False,False,False,False,False,False,False,False,False,False,False,False,False,11.6115831,79.4944883,District Center
410,MA,H_18233,"Parvathy Ortho Hospital, Chengalpet TN.","241, GRAND SOUTHERN TRUNK ROAD, KAMAKSHI COLONY, CHROMEPET,",Chengalpet,Private,Single,PVT HOSPITAL,Pvt,5,19-04-2017,2017,A3,False,True,True,False,False,False,True,False,False,False,False,False,False,False,False,True,False,False,False,False,False,False,False,False,True,False,False,False,False,False,False,False,False,False,False,False,False,False,False,True,11.6115831,79.4944883,District Center
437,MA,H_26089,"RKP Hospital Pvt Ltd., Chengalpet, TN.
","515, GST ROAD, NANDHIVARAM,",Chengalpet,Private,Multiple,PVT HOSPITAL,Pvt,80,04-10-2024,2024,A6,False,False,False,False,False,False,False,False,False,False,False,False,False,False,False,False,False,False,False,True,False,False,False,False,False,False,False,False,False,False,False,False,False,False,False,False,False,False,False,False,12.9379829,80.1799993,Hospital in TN
439,MA,H_26147,"Rotary club Maraimalainagar, Chengalpattu, TN.
","	Rotary club maraimalai nagar nallamairamanathan medical trust, no.8, pavander salai, NH 2 Maraimalai",Chengalpet,Private,Single,PVT HOSPITAL,Pvt,85,26-03-2025,2025,S2,False,False,False,False,False,False,False,False,False,False,False,False,False,False,False,False,False,False,False,True,False,False,False,False,False,False,False,False,False,False,False,False,False,False,False,False,False,False,False,False,11.6115831,79.4944883,District Center
446,MA,H_23177,"Sai Fertility Centre and Hospital,Chengalpet TN.
"," New no. 43, Old, no. 21, Devarajanar St, behind new bus stand, Vedachalam Nagar, Chengalpattu, Tamil Nadu 603001",Chengalpet,Private,Multi,PVT HOSPITAL,Pvt,35,17-02-2020,2020,A2,False,True,False,True,True,False,False,True,True,True,False,True,True,False,False,False,False,True,False,True,True,True,False,False,True,False,True,True,True,False,True,True,False,False,True,True,False,True,True,False,11.6115831,79.4944883,District Center
453,MA,H_18405,"Sankara Eye Hospital, Chengalpet TN.
","DOOR NO. 1, THIRD CROSS STREET, NEAR MEENAKSHI KRISHNA POLYTECHNIC, SRI SANKARA NAGAR, PAMMAL, ",Chengalpet,Private,Single,PVT HOSPITAL,Pvt,1,20-03-2017,2017,S1,False,False,False,False,False,False,False,False,False,False,False,False,False,False,False,False,False,False,False,False,False,False,False,True,False,False,False,False,False,False,False,False,False,False,False,False,False,False,False,False,11.6115831,79.4944883,District Center
466,MA,H_22683,"Shadithya Health Care, Chengalpet TN.","No.7, Tannery Street Pallavaram",Chengalpet,Private,Multi,PVT HOSPITAL,Pvt,21,16-07-2018,2018,A6,False,False,False,False,True,False,False,False,False,True,True,True,False,False,False,False,False,False,False,False,False,False,False,False,True,False,False,False,False,False,True,False,False,False,False,False,False,False,False,False,11.6115831,79.4944883,Village/Town Center
473,MA,H_21126,"Shri Sathya Sai Medical College, Chengalpet TN.","TIRUPORUR-GUDUVANCHERRY MAIN ROAD, AMMAPETTAI, CHENGALPET TALUK, KANCHEEPURAM",Chengalpet,Private,Multi,PVT HOSPITAL,Pvt,4,12-04-2017,2017,A4,False,False,False,True,True,False,False,False,True,True,True,True,False,False,False,False,False,False,False,True,False,False,False,True,True,True,True,True,True,False,True,True,False,False,True,True,False,False,False,True,11.6115831,79.4944883,District Center
2179,MA,H_26300,"Shrimpex Biotech Services Pvt Ltd, Chengalpet, DC.",,Chengalpet,PVT-STANDALONE,Single,DC PVT-STANDALONE,Pvt,90,24-09-2025,2025,,False,False,False,False,False,False,False,False,False,False,False,False,False,False,False,False,False,False,False,False,False,False,False,False,False,False,False,False,False,False,False,False,False,False,False,False,False,False,False,False,11.6115831,79.4944883,District Center
487,MA,H_18789,"Sree Renga Nursing Home, Chengalpet TN.","VARADAREDDY STREET, 12, VEDACHALAM NAGAR, GOKULAPURAM, CHENGALPATTU",Chengalpet,Private,Multi,PVT HOSPITAL,Pvt,4,12-04-2017,2017,A2,False,False,False,False,False,False,False,False,True,False,False,False,False,False,False,False,False,False,False,True,False,False,False,False,False,False,False,False,False,False,False,False,False,False,False,False,False,False,True,False,11.6115831,79.4944883,District Center
489,MA,H_18793,"Sri Balaji Medical Coll and Hosp, Chengalpet TN.
","NO-7, WORKS ROAD, CHROMPET, KANCHIPURAM",Chengalpet,Private,Multi,PVT HOSPITAL,Pvt,4,12-04-2017,2017,A4,False,True,True,True,True,False,False,False,True,True,True,True,False,True,False,True,False,False,False,True,False,True,False,True,True,True,True,True,True,False,False,True,False,False,True,True,True,False,False,True,11.6115831,79.4944883,District Center
490,MA,H_20050,"Sri Chakara Multi Hospital, Chengalpet TN.
","1, CIVIL AVIATION COLONY, 100 FEET ROAD, NANGANALLUR,  KANCHIPURAM",Chengalpet,Private,Multi,PVT HOSPITAL,Pvt,5,19-04-2017,2017,A6,False,False,True,False,True,False,False,False,True,False,True,False,False,False,False,False,False,False,False,True,True,False,False,True,False,False,False,False,True,False,False,True,False,False,False,False,True,False,False,False,11.6115831,79.4944883,District Center
496,MA,H_26126,"Sri Kauvery Medical Care Ltd, Chengalpattu, TN.
","No.2/473, Radial Road Kovilambakkam, Chennai, Tamil Nadu 600129",Chengalpet,Private,Multiple,PVT HOSPITAL,Pvt,82,06-01-2025,2025,A5,False,True,True,False,True,False,False,False,False,False,False,False,False,False,False,False,False,False,False,False,False,False,False,False,False,False,False,False,False,False,False,False,False,False,False,False,False,False,False,False,11.6115831,79.4944883,District Center
515,MA,H_26007,"Sringeri Sharada Equitas Hospital, Chengalpet, TN.",No:175 Velachery Main Road Gowrivakkam,Chengalpet,Private,Multi,PVT HOSPITAL,Pvt,76,06-05-2024,2024,A6,False,False,False,False,False,False,False,False,True,True,False,True,False,False,False,False,False,True,False,False,False,False,False,False,False,False,False,False,False,False,False,False,True,False,False,True,True,False,False,False,11.6115831,79.4944883,District Center
518,MA,H_18283,"SRM Medical College Hospital, Chengalpet TN.","SRM NAGAR POTHERI, KATTANKULATHUR	",Chengalpet,Private,Multi,PVT HOSPITAL,Pvt,4,12-04-2017,2017,A4,False,True,True,False,True,False,False,False,True,True,True,True,False,True,False,True,True,True,False,True,True,True,False,True,True,False,False,False,True,False,False,True,False,True,True,True,True,False,True,True,11.6115831,79.4944883,District Center
520,MA,H_18623,"St. Thomas Hospital, Chengalpet TN.
","NO. 5/105, DEFENCE COLONY ROAD, ST.THOMAS MOUNT, ",Chengalpet,Private,Multi,PVT HOSPITAL,Pvt,5,19-04-2017,2017,A6,False,False,False,False,False,False,False,False,True,True,True,True,False,False,False,False,False,True,False,True,False,False,False,True,True,False,False,False,True,False,False,True,False,False,False,False,True,False,True,True,11.6115831,79.4944883,District Center
527,MA,H_23134,"Sugam Hospital, Chengalpet TN.
","No. 107 A, Grand Southern Trunk Rd, Sunnambu Colony, Chromepet, Chennai, Tamil Nadu 600044",Chengalpet,Private,Multi,PVT HOSPITAL,Pvt,2,27-03-2017,2017,A3,False,False,False,False,False,False,False,False,True,False,True,False,False,False,False,False,False,False,False,True,False,False,False,False,False,False,False,False,False,False,False,True,False,False,False,False,False,False,False,False,11.6115831,79.4944883,District Center
539,MA,H_18768,"Tagore Medical Coll And Hosp, Chengalpet TN."," MELAKKOTTAIYUR POST, VANDALUR-KELAMBAKKAM RD, RATHINAMANGALAM,",Chengalpet,Private,Multi,PVT HOSPITAL,Pvt,4,12-04-2017,2017,A4,False,True,False,False,True,False,True,False,True,True,True,True,False,False,False,True,True,True,True,True,True,True,True,True,True,False,True,False,False,False,False,True,False,False,True,False,True,False,False,True,11.6115831,79.4944883,District Center
540,MA,H_25625,"Tagore Specialty Hospital,Chengalpattu TN.","No.25, Mahalingam Street, Mahalingapuram, Nungambakkam, Chennai -",Chengalpet,Private,Multi,PVT HOSPITAL,Pvt,57,23-03-2022,2022,A1,False,True,False,True,True,False,False,False,True,False,True,True,False,False,False,False,False,False,False,True,True,False,False,True,True,False,False,True,False,False,True,False,False,False,False,False,False,False,False,False,11.6115831,79.4944883,District Center
556,MA,H_23927,"Unittas Multi Speciality Hospital,chenglapattu TN.","16/17, M.K.REDDY STREET, WEST TAMBARAM, CHENNAI ",Chengalpet,Private,Multi,PVT HOSPITAL,Pvt,54,22-10-2021,2021,A2,False,False,False,False,True,False,True,False,True,True,True,True,False,False,False,False,False,False,True,False,False,True,False,False,True,False,False,False,False,False,False,True,False,False,True,True,False,False,False,True,11.6115831,79.4944883,District Center
558,MA,H_26251,"Vasan Eye Care Hospital, Chengalpattu, TN.
","Door No.286, GST Road, Chrompet, Chennai",Chengalpet,Single,Single,PVT HOSPITAL,Pvt,88,25-06-2025,2025,S2,False,False,False,False,False,False,False,False,False,False,False,False,False,False,False,False,False,False,False,False,False,False,False,True,False,False,False,False,False,False,False,False,False,False,False,False,False,False,False,False,12.9290507,80.1137194,Hospital in TN
1986,MA,H_21999,"Aarthi Scans kilpauk, Chennai DC.",,Chennai,Private,PVT-STANDALONE,DC PVT-STANDALONE,Pvt,2,27-03-2017,2017,,False,False,False,False,False,False,False,False,False,False,False,False,False,False,False,False,False,False,False,False,False,False,False,False,False,False,False,False,False,False,False,False,False,False,False,False,False,False,False,False,13.0836939,80.270186,District Center
1984,MA,H_21986,"Aarthi Scans, Alwarpet, Chennai DC.",,Chennai,Private,PVT-STANDALONE,DC PVT-STANDALONE,Pvt,2,27-03-2017,2017,,False,False,False,False,False,False,False,False,False,False,False,False,False,False,False,False,False,False,False,False,False,False,False,False,False,False,False,False,False,False,False,False,False,False,False,False,False,False,False,False,13.0836939,80.270186,District Center
2106,MA,H_23234,"Aarthi Scans, Vadapalani,Chennai DC.",,Chennai,Private,PVT-STANDALONE,DC PVT-STANDALONE,Pvt,39,10-06-2020,2020,,False,False,False,False,False,False,False,False,False,False,False,False,False,False,False,False,False,False,False,False,False,False,False,False,False,False,False,False,False,False,False,False,False,False,False,False,False,False,False,False,13.0836939,80.270186,District Center
1987,MA,H_21030,"Aarthi Scans,Tondiarpet Chennai DC.",,Chennai,Private,PVT-STANDALONE,DC PVT-STANDALONE,Pvt,2,27-03-2017,2017,,False,False,False,False,False,False,False,False,False,False,False,False,False,False,False,False,False,False,False,False,False,False,False,False,False,False,False,False,False,False,False,False,False,False,False,False,False,False,False,False,13.0836939,80.270186,District Center
164,MA,H_25710 ,"Adambakkam Sudar Hospital, Chennai TN.","3. Medavakkam main road, Chennai 600088",Chennai,Private,Multi,PVT HOSPITAL,Pvt,61,25-07-2022,2022,S2,False,False,False,False,False,False,False,False,False,False,False,False,False,False,False,False,False,False,False,True,False,False,False,False,False,False,False,False,False,False,False,False,False,False,False,False,False,False,False,False,13.0836939,80.270186,Village/Town Center
1990,MA,H_19826,"Advanced Nuclear Research,Chennai DC",,Chennai,Private,PVT-STANDALONE,DC PVT-STANDALONE,Pvt,4,12-04-2017,2017,,False,False,False,False,False,False,False,False,False,False,False,False,False,False,False,False,False,False,False,False,False,False,False,False,False,False,False,False,False,False,False,False,False,False,False,False,False,False,False,False,13.0836939,80.270186,District Center
166,MA,H_22799,"Adyar PM Hospital,Adyar,Chennai TN.","58, Dr Muthu Lakshmi Rd, Indira Nagar, Adyar, Chennai",Chennai,Private,Multi,PVT HOSPITAL,Pvt,29,12-02-2019,2019,A6,False,True,False,True,True,False,True,False,True,False,False,True,False,False,False,False,False,False,False,True,False,False,False,True,True,False,False,False,False,False,False,False,False,False,False,False,False,False,False,False,13.00645,80.2577791,Village/Town Center
168,MA,H_23611,"Amma Hospital, Chennai TN","NO.1 SOWRASTRA NAGAR, 7TH STREET, CHOOLAIMEDU, CHENNAI-94 ",Chennai,Private,Single,PVT HOSPITAL,Pvt,45,24-02-2021,2021,S2,False,False,False,False,False,False,False,False,False,False,False,False,False,False,False,False,False,False,False,True,False,False,False,False,False,False,False,False,False,False,False,False,False,False,False,False,False,False,False,False,13.0626045,80.2305209,Exact Hospital
180,MA,H_24856,"AN-NOOR Eye hospital,Chennai TN.","N0:57,VEPERY HIGH ROAD,PERIAMET CHENNAI",Chennai,Private,Single,PVT HOSPITAL,Pvt,53,18-09-2021,2021,S2,False,False,False,False,False,False,True,False,False,False,False,False,False,False,False,False,False,False,False,False,False,False,False,True,False,False,False,False,False,False,False,False,False,False,False,False,False,False,False,False,13.0849581,80.2669979,Exact Hospital
173,MA,H_26269,"Anchibai Hemraj Katariya Dialysis, Chennai TN.","No. 41, Watkins Street, Perambur, Chennai - 600011	",Chennai,Private,Single,PVT HOSPITAL,Pvt,89,30-07-2025,2025,S2,False,False,False,False,False,False,False,False,False,False,False,False,False,False,False,False,False,False,False,True,False,False,False,False,False,False,False,False,False,False,False,False,False,False,False,False,False,False,False,False,13.0836939,80.270186,Village/Town Center
2037,MA,H_22579,"Anderson Diagnostic Services,Nungamb , Chennai DC.",,Chennai,Private,PVT-STANDALONE,DC PVT-STANDALONE,Pvt,15,02-05-2018,2018,,False,False,False,False,False,False,False,False,False,False,False,False,False,False,False,False,False,False,False,False,False,False,False,False,False,False,False,False,False,False,False,False,False,False,False,False,False,False,False,False,13.0836939,80.270186,District Center
1997,MA,H_22440,"Anderson Diagnostic sevices, Purasai, Chennai DC.",,Chennai,Private,PVT-STANDALONE,DC PVT-STANDALONE,Pvt,14,19-12-2017,2017,,False,False,False,False,False,False,False,False,False,False,False,False,False,False,False,False,False,False,False,False,False,False,False,False,False,False,False,False,False,False,False,False,False,False,False,False,False,False,False,False,13.0836939,80.270186,District Center
177,MA,H_23590,"Annai multi speciality,Virugambakkam,Chennai TN.","121/60, Kaliamman Koil Street, Ganapath Raj Nagar Main Rd, Virugambakkam, Chennai",Chennai,Private,Multi,PVT HOSPITAL,Pvt,43,30-12-2020,2020,A6,False,True,False,False,False,False,False,False,True,True,False,True,False,False,False,False,False,False,False,True,True,False,False,False,True,False,False,False,True,False,False,False,False,False,False,False,False,False,False,False,13.052264,80.1916925,Village/Town Center
182,MA,H_18355,"Apollo Childrens Hospital,Chennai TN.","NO. 15, SHAFEE MOHAMMED ROAD, THOUSAND LIGHTS, CHENNAI",Chennai,Private,Single,PVT HOSPITAL,Pvt,1,20-03-2017,2017,S1,False,True,True,False,False,False,True,False,False,False,False,False,False,False,False,True,False,False,False,False,True,False,False,False,False,False,False,False,False,False,False,False,False,False,False,False,False,False,False,False,13.060131,80.2523656,Exact Hospital
183,MA,H_18644,"Apollo Greams,Chennai TN.","NO:21, GREAMS LANE, OFF GREAMS ROAD, CHENNAI",Chennai,Private,Multi,PVT HOSPITAL,Pvt,1,20-03-2017,2017,A1,False,False,True,False,False,False,True,False,False,False,False,False,False,False,False,True,False,False,False,False,False,False,False,False,False,False,False,False,False,False,False,False,False,False,False,True,False,False,False,False,13.0836939,80.270186,District Center
187,MA,H_18764,"APOLLO SPECIALTY HOSPITAL, Chennai TN.","NO. 320 , PADMA COMPLEX, ANNA SALAI, TEYNAMPET, CHENNAI",Chennai,Private,Multi,PVT HOSPITAL,Pvt,1,20-03-2017,2017,A1,False,False,False,False,False,False,True,False,False,False,False,False,True,False,False,False,False,False,False,False,False,False,False,False,False,False,False,False,False,False,False,False,False,False,False,False,False,False,False,False,13.0177957,80.2711008,Exact Hospital
188,MA,H_22862,"Apollo Spectra Hospital, R.A Puram, Chennai TN."," Sathyadev Ave, opp. Chettinad Vidyashram, MRC Nagar, Raja Annamalai Puram, Chennai",Chennai,Private,Multi,PVT HOSPITAL,Pvt,31,13-05-2019,2019,A6,False,False,False,False,False,False,False,False,False,False,False,False,False,False,False,False,False,False,False,False,False,False,False,False,False,False,False,False,False,False,False,False,False,False,False,True,False,False,False,False,13.0244783,80.253937,Village/Town Center
189,MA,H_18449,"Appasamy Hospitals,Chennai TN.","NO. 1 AND 2, SBI OFFICERS COLONY,1ST STREET, NEAR CHENNAI FORD, ARUMBAKKAM, SBI OFFICERS COLONY, ARUMBAKKAM, CHENNAI,",Chennai,Private,Multi,PVT HOSPITAL,Pvt,5,19-04-2017,2017,A6,False,False,False,False,False,False,False,False,False,True,False,False,False,False,False,False,False,False,False,True,False,False,False,True,True,False,False,False,False,False,False,False,False,False,False,False,False,False,True,True,12.9758647,80.2205016,Exact Hospital
204,MA,H_23667,"AVS Cardiac Center, Chennai TN."," No 93, Triplicane High Rd, Police Quarters, Triplicane, Chennai, Tamil Nadu",Chennai,Private,Multi,PVT HOSPITAL,Pvt,47,21-04-2021,2021,A1,False,True,True,False,False,False,True,False,True,False,False,False,False,False,False,True,False,False,False,True,False,False,False,False,False,False,False,False,False,False,False,True,False,False,False,False,False,False,True,False,13.0836939,80.270186,Village/Town Center
205,MA,H_20111,"Aysha Hospital Kilpauk Chennai TN.
","NO: 91-A, MILLERS ROAD,OPP TO MOTCHAM THEATER, KILPAUK, CHENNAI",Chennai,Private,Multi,PVT HOSPITAL,Pvt,4,12-04-2017,2017,A6,False,False,False,False,False,False,False,False,False,False,False,False,False,False,False,False,False,False,False,True,False,False,False,False,False,False,False,False,False,False,False,False,False,False,False,False,False,False,False,False,13.0832149,80.2379864,Village/Town Center
2107,MA,H_23238,"Balaji Medical Centre, Chennai DC.",,Chennai,Private,PVT-STANDALONE,DC PVT-STANDALONE,Pvt,36,19-06-2020,2020,,False,False,False,False,False,False,False,False,False,False,False,False,False,False,False,False,False,False,False,False,False,False,False,False,False,False,False,False,False,False,False,False,False,False,False,False,False,False,False,False,13.0836939,80.270186,District Center
1996,MA,H_19986,"Bharat Scans Royapettah, Chennai DC.",,Chennai,Private,PVT-STANDALONE,DC PVT-STANDALONE,Pvt,13,07-11-2017,2017,,False,False,False,False,False,False,False,False,False,False,False,False,False,False,False,False,False,False,False,False,False,False,False,False,False,False,False,False,False,False,False,False,False,False,False,False,False,False,False,False,13.0836939,80.270186,District Center
214,MA,H_18759,"Bharathirajaa Speciality Hospital, Chennai TN.","20, GOPATHI NARAYANASWAMI CHETTY ROAD,T NAGAR, CHENNAI",Chennai,Private,Multi,PVT HOSPITAL,Pvt,4,12-04-2017,2017,A2,False,True,True,False,False,False,False,False,True,True,True,False,False,False,False,True,False,False,False,False,False,False,False,False,True,False,False,False,False,False,False,True,False,False,False,False,False,False,False,True,13.0378289,80.231836,Village/Town Center
215,MA,H_18472,"Billroth Hospitals Shenoy Nagar, Chennai TN.",",43, LAKSHMI TALKIES ROAD, SHENOY, NAGAR,, CHENNAI,",Chennai,Private,Multi,PVT HOSPITAL,Pvt,4,12-04-2017,2017,A1,False,True,True,False,False,False,True,True,True,True,True,False,False,False,False,True,False,True,True,True,False,False,False,False,False,True,False,True,False,False,False,True,True,False,False,True,True,False,True,False,13.0757435,80.2272588,Exact Hospital
216,MA,H_18688,"Billroth,Chennai TN.","52, 2ND MAIN ROAD, RA PURAM,GOVINDASWAMY NAGAR, RAJA ANNAMALAI PURAM, RA PURAM, TRUSTPAKKAM, MANDAVELI, CHENNAI",Chennai,Private,Multi,PVT HOSPITAL,Pvt,4,12-04-2017,2017,A2,False,True,True,False,False,False,True,False,True,False,True,False,False,False,False,True,False,False,False,True,False,False,False,False,True,False,False,False,False,False,False,False,False,False,False,False,False,False,False,False,13.0759969,80.2281184,Exact Hospital
217,MA,H_21989,"Bloom Health Care, Chennai TN.","32, Taramani Link Rd, VGP Seetapathi Street, Baby Nagar, Velachery, Chennai",Chennai,Private,Multi,PVT HOSPITAL,Pvt,2,27-03-2017,2017,A2,False,False,False,False,False,False,False,False,True,True,True,False,False,False,False,False,False,False,False,True,False,False,False,False,True,False,False,False,False,False,False,True,False,False,True,True,False,False,False,False,12.9801655,80.2228506,Village/Town Center
219,MA,H_18247,"Cancer Institute Adyar,Chennai TN.","NO 1, EAST CANAL BANK ROAD, GANDHI NAGAR, ADYAR, CHENNAI,",Chennai,Private,Single,PVT HOSPITAL,Pvt,1,20-03-2017,2017,S1,False,False,False,False,False,False,False,False,True,False,False,False,True,False,False,False,False,True,False,False,False,True,False,False,False,False,False,False,False,False,False,False,True,False,True,False,True,False,False,False,13.0061338,80.239884,Exact Hospital
2048,MA,H_22591,"CCH, Adyar, Chennai TN.",,Chennai,CCH,CCH,CCH,Govt,16,14-03-2018,2018,,False,False,False,False,False,False,False,False,False,False,False,False,False,False,False,False,False,False,False,False,False,False,False,False,False,False,False,False,False,False,False,False,False,False,False,False,False,False,False,False,13.0836939,80.270186,District Center
2045,MA,H_22588,"CCH, Ayanavaram, Chennai TN.",,Chennai,CCH,CCH,CCH,Govt,0,14-03-2018,2018,,False,False,False,False,False,False,False,False,False,False,False,False,False,False,False,False,False,False,False,False,False,False,False,False,False,False,False,False,False,False,False,False,False,False,False,False,False,False,False,False,13.0836939,80.270186,District Center
2047,MA,H_22590,"CCH, Kodambakkam, Chennai TN.",,Chennai,CCH,CCH,CCH,Govt,0,14-03-2018,2018,,False,False,False,False,False,False,False,False,False,False,False,False,False,False,False,False,False,False,False,False,False,False,False,False,False,False,False,False,False,False,False,False,False,False,False,False,False,False,False,False,13.0836939,80.270186,District Center
2053,MA,H_22708,"CCH, Nungambakkam, Chennai TN.",,Chennai,CCH,CCH,CCH,Govt,23,05-09-2018,2018,,False,False,False,False,False,False,False,False,False,False,False,False,False,False,False,False,False,False,False,False,False,False,False,False,False,False,False,False,False,False,False,False,False,False,False,False,False,False,False,False,13.0836939,80.270186,District Center
2054,MA,H_22709,"CCH, Perambur, Chennai TN.",,Chennai,CCH,CCH,CCH,Govt,23,05-09-2018,2018,,False,False,False,False,False,False,False,False,False,False,False,False,False,False,False,False,False,False,False,False,False,False,False,False,False,False,False,False,False,False,False,False,False,False,False,False,False,False,False,False,13.0836939,80.270186,District Center
2049,MA,H_22592,"CCH, Perumalpet, Chennai TN.",,Chennai,CCH,CCH,CCH,Govt,16,14-03-2018,2018,,False,False,False,False,False,False,False,False,False,False,False,False,False,False,False,False,False,False,False,False,False,False,False,False,False,False,False,False,False,False,False,False,False,False,False,False,False,False,False,False,13.0836939,80.270186,District Center
2043,MA,H_22585,"CCH, Royapuram, Chennai TN.",,Chennai,CCH,CCH,CCH,Govt,0,14-03-2018,2018,,False,False,False,False,False,False,False,False,False,False,False,False,False,False,False,False,False,False,False,False,False,False,False,False,False,False,False,False,False,False,False,False,False,False,False,False,False,False,False,False,13.0836939,80.270186,District Center
2051,MA,H_22594,"CCH, Saidapet, Chennai TN.",,Chennai,CCH,CCH,CCH,Govt,16,14-03-2018,2018,,False,False,False,False,False,False,False,False,False,False,False,False,False,False,False,False,False,False,False,False,False,False,False,False,False,False,False,False,False,False,False,False,False,False,False,False,False,False,False,False,13.0836939,80.270186,District Center
2050,MA,H_22593,"CCH, Shenoynagar, Chennai TN.",,Chennai,CCH,CCH,CCH,Govt,16,14-03-2018,2018,,False,False,False,False,False,False,False,False,False,False,False,False,False,False,False,False,False,False,False,False,False,False,False,False,False,False,False,False,False,False,False,False,False,False,False,False,False,False,False,False,13.0836939,80.270186,District Center
2046,MA,H_22589,"CCH, Teynampet, Chennai TN.",,Chennai,CCH,CCH,CCH,Govt,0,14-03-2018,2018,,False,False,False,False,False,False,False,False,False,False,False,False,False,False,False,False,False,False,False,False,False,False,False,False,False,False,False,False,False,False,False,False,False,False,False,False,False,False,False,False,13.0836939,80.270186,District Center
2044,MA,H_22586,"CCH, TVK Nagar, Chennai TN.",,Chennai,CCH,CCH,CCH,Govt,0,14-03-2018,2018,,False,False,False,False,False,False,False,False,False,False,False,False,False,False,False,False,False,False,False,False,False,False,False,False,False,False,False,False,False,False,False,False,False,False,False,False,False,False,False,False,13.0836939,80.270186,District Center
2042,MA,H_22597,"CCH,Tondiarpet, Chennai TN.",,Chennai,CCH,CCH,CCH,Govt,0,14-03-2018,2018,,False,False,False,False,False,False,False,False,False,False,False,False,False,False,False,False,False,False,False,False,False,False,False,False,False,False,False,False,False,False,False,False,False,False,False,False,False,False,False,False,13.0836939,80.270186,District Center
2185,MA,H_26373,"Center of excellence for Autism, Chennai, TN.",,Chennai,DDWO,Single,DDWO,Govt,94,21-02-2026,2026,,False,False,False,False,False,False,False,False,False,False,False,False,False,False,False,False,False,False,False,False,False,False,False,False,False,False,False,False,False,False,False,False,False,False,False,False,False,False,False,False,13.0836939,80.270186,District Center
222,MA,H_25826,"Chennai Breast Centre, Chennai TN.","South Beach Avenue, 47, South Beach Avenue 1st St, MRC Nagar, Raja Annamalai Puram, Chennai, Tamil N",Chennai,Private,Single,PVT HOSPITAL,Pvt,67,28-03-2023,2023,S2,False,False,False,False,False,False,False,False,False,True,False,False,False,False,False,False,False,False,False,False,False,False,False,False,False,False,False,False,False,False,False,False,False,False,False,False,False,False,False,False,13.0836939,80.270186,Village/Town Center
223,MA,H_26088,"Chennai Health Foundation Hospital, Chennai, TN.","2B2, Aishwarya Nagar, MTH Road, Oppo To Vivekanadha School, T.M Voil, Ambattur, Chennai - 600053",Chennai,Private,Multiple,PVT HOSPITAL,Pvt,80,04-10-2024,2024,A5,False,True,False,False,False,False,False,True,True,True,False,False,False,False,False,True,False,False,False,False,False,False,False,False,False,False,False,False,False,False,False,False,False,False,False,True,False,False,False,False,13.0836939,80.270186,Village/Town Center
224,MA,H_22088,"Chennai National Hospital, Chennai TN.","12, Jaffar Sarang St, Parrys, George Town, Chennai",Chennai,Private,Multi,PVT HOSPITAL,Pvt,5,19-04-2017,2017,A2,False,True,True,False,False,False,False,False,True,True,False,True,False,False,False,True,False,False,True,True,True,True,False,False,True,True,True,True,False,False,False,False,False,False,False,False,False,False,False,True,13.0963661,80.2914291,Exact Hospital
225,MA,H_23432,"Chennai Orthopedic Centre, Chennai TN.","12, Radhakrishnan Street, Anbu Medicals, Valasaravakkam, Chennai,",Chennai,Private,Multi,PVT HOSPITAL,Pvt,51,19-08-2021,2021,A4,False,False,False,False,False,False,False,False,True,True,False,False,False,False,False,False,False,False,False,False,False,False,False,True,True,False,False,False,True,False,False,False,False,False,True,True,True,False,False,True,13.0836939,80.270186,Village/Town Center
2052,MA,H_22596,"Communicable Disease Hos,Tondiarpet, Chennai TN.",,Chennai,CCH,CCH,CCH,Govt,16,14-03-2018,2018,,False,False,False,False,False,False,False,False,False,False,False,False,False,False,False,False,False,False,False,False,False,False,False,False,False,False,False,False,False,False,False,False,False,False,False,False,False,False,False,False,13.0836939,80.270186,District Center
235,MA,H_18766,"CSI KALYANI GENERAL HOSPITAL, Chennai TN.","NO. 15, DR RADHA KRISHNAN SALAI, MYLAPORE, CHENNAI",Chennai,Private,Multi,PVT HOSPITAL,Pvt,1,20-03-2017,2017,A2,False,False,False,False,False,False,False,False,True,True,True,True,False,False,False,False,False,True,False,True,False,False,False,False,True,False,False,False,False,False,False,True,False,False,False,False,True,False,False,True,13.0316473,80.2700166,Village/Town Center
2039,MA,H_22470,"DEIC ,Chennai TN.",,Chennai,DEIC,DEIC,DEIC,Govt,0,05-02-2018,2018,,False,False,False,False,False,False,False,False,False,False,False,False,False,False,False,False,False,False,False,False,False,False,False,False,False,False,False,False,False,False,False,False,False,False,False,False,False,False,False,False,13.0836939,80.270186,District Center
240,MA,H_26061,"Devraj Manickchand Maternity Hospital, Chennai,TN.","9-10,VINAYAGA MUDALI STREET, SOWCARPET",Chennai,Private,Single,PVT HOSPITAL,Pvt,79,29-08-2024,2024,S2,False,False,False,False,False,False,False,False,False,False,False,False,False,False,False,False,False,False,False,True,False,False,False,False,False,False,False,False,False,False,False,False,False,False,False,False,False,False,False,False,13.0836939,80.270186,District Center
2165,MA,H_26029,"District Diff. Abled Welfare Off,North Chennai TN.",,Chennai,DDWO,DDWO,DDWO,Govt,0,05-06-2024,2024,,False,False,False,False,False,False,False,False,False,False,False,False,False,False,False,False,False,False,False,False,False,False,False,False,False,False,False,False,False,False,False,False,False,False,False,False,False,False,False,False,13.0836939,80.270186,District Center
2041,MA,H_22509,"District Diff. abled welfare office,Chennai TN.",,Chennai,DDWO,DDWO,DDWO,Govt,0,02-05-2018,2018,,False,False,False,False,False,False,False,False,False,False,False,False,False,False,False,False,False,False,False,False,False,False,False,False,False,False,False,False,False,False,False,False,False,False,False,False,False,False,False,False,13.0836939,80.270186,District Center
2038,MA,H_22719,"DOC Medical Services PVT LTD,Chennai DC.",,Chennai,Private,PVT-STANDALONE,DC PVT-STANDALONE,Pvt,24,10-08-2018,2018,,False,False,False,False,False,False,False,False,False,False,False,False,False,False,False,False,False,False,False,False,False,False,False,False,False,False,False,False,False,False,False,False,False,False,False,False,False,False,False,False,13.0836939,80.270186,District Center
253,MA,H_18403,"Dr Mehtas Hospitals Chetpet,Chennai TN.","NO.2, MCNICHOLS RD, 3RD LANE, CHETPET, CHENNAI",Chennai,Private,Multi,PVT HOSPITAL,Pvt,4,12-04-2017,2017,A1,False,False,False,False,False,False,True,False,True,True,True,True,False,False,False,False,False,False,True,True,True,True,False,False,True,False,True,False,False,False,False,True,False,False,False,True,False,False,False,True,13.0717448,80.2437973,Village/Town Center
255,MA,H_18354,"Dr Rai Memorial Cancer Institute,Chennai TN.","NO. 562, CENTURY PLAZA, ANNA SALAI, TEYNAMPET, CHENNAI,",Chennai,Private,Single,PVT HOSPITAL,Pvt,4,12-04-2017,2017,S1,False,False,False,False,False,False,False,False,False,False,False,False,False,False,False,False,False,True,False,False,False,False,False,False,False,False,False,False,False,False,False,False,True,False,False,False,True,False,False,False,13.0836939,80.270186,Village/Town Center
258,MA,H_18621,"Dr. Agarwals Eye Hospital,Chennai TN.","22-A, CATHEDRAL RD, KASTURI ESTATE, TEYNAMPET, CHENNAI",Chennai,Private,Single,PVT HOSPITAL,Pvt,4,12-04-2017,2017,S1,False,False,False,False,False,False,True,False,False,False,False,False,False,False,False,False,False,False,False,False,False,False,False,True,False,False,False,False,False,False,False,False,False,False,False,False,False,False,False,False,12.9832681,80.2176077,Exact Hospital
272,MA,H_20927,"Faith Multispecialty Hospital,Chennai TN.","3/17, SANNATI STREET, KONNUR, VILLIVAKKAM, CHENNAI, ",Chennai,Private,Multi,PVT HOSPITAL,Pvt,5,19-04-2017,2017,A2,False,True,True,False,False,False,False,True,True,True,True,False,False,False,False,True,False,False,False,True,False,True,True,False,True,False,False,False,False,False,False,False,False,False,True,False,False,False,False,True,13.0836939,80.270186,Village/Town Center
273,MA,H_24941,"FIRM Hospitals, Chennai TN.","NO.65, R- BLOCK, 12TH STREET,",Chennai,Private,Single,PVT HOSPITAL,Pvt,55,12-11-2021,2021,S1,False,False,False,False,False,False,True,False,False,False,False,True,False,False,False,False,False,False,False,False,False,False,False,False,False,False,False,False,False,False,False,False,False,False,False,False,False,False,False,False,13.0916464,80.2139939,Exact Hospital
274,MA,H_23668,"Fortis Health Care ltd,Vadapalani Chennai TN."," 23, 1, Arcot Rd, Ottagapalayam, Kannika Puram, Vadapalani, Chennai,",Chennai,Private,Multi,PVT HOSPITAL,Pvt,47,21-04-2021,2021,A1,False,True,True,False,False,False,True,False,True,False,False,False,False,False,False,True,False,False,False,False,False,False,False,False,False,False,False,False,False,False,False,True,False,False,False,False,False,False,False,False,13.0836939,80.270186,Village/Town Center
2100,MA,H_22974,"Gemini Scans Pvt Ltd,Vadapalani,Chennai DC.",,Chennai,Private,PVT-STANDALONE,DC PVT-STANDALONE,Pvt,32,17-08-2019,2019,,False,False,False,False,False,False,False,False,False,False,False,False,False,False,False,False,False,False,False,False,False,False,False,False,False,False,False,False,False,False,False,False,False,False,False,False,False,False,False,False,13.0836939,80.270186,District Center
282,MA,H_23434,"GKM Hospital, Purasaiwakam, Chennai TN.","120/113,PERAMBUR BARRACKS ROAD, PURASAWALKAM",Chennai,Private,Multi,PVT HOSPITAL,Pvt,58,28-04-2022,2022,A4,False,False,False,False,False,False,False,False,False,False,False,True,False,False,False,False,False,False,False,False,False,False,False,False,False,False,False,False,False,False,False,False,False,False,False,False,False,False,False,False,13.0919679,80.2587797,Village/Town Center
144,MA,H_25895,"Government Dental College, Chennai TN.","NO. 3, FRAZER BRIDGE ROAD, CHENNAI-3.",Chennai,Medical College Hospital ,Multi,Govt-DME,Govt,71,08-08-2023,2023,A1,False,True,True,True,True,True,True,True,True,True,True,True,True,True,True,True,True,True,True,True,True,True,True,True,True,True,True,True,True,False,True,True,True,False,True,True,True,True,True,True,13.084889,80.2826483,Exact Hospital
101,MA,H_22551,"Government Peripheral Hosp,KK Nagar,Chennai TN.","Anna Main Rd, Bharathidasan Colony, West Jafferkhanpet, Chennai",Chennai,Sub-district Hospital,Multi,Govt-DMS,Govt,16,14-03-2018,2018,A1,False,True,True,True,True,True,True,True,True,True,True,True,True,True,True,True,True,True,True,True,True,True,True,True,True,True,True,True,True,False,True,True,True,False,True,True,True,True,True,True,13.0279813,80.2095824,Village/Town Center
16,MA,H_18727,"Government Peripheral Hosp,Tondiarpet,Chennai TN.","KAILASAM ST, NEW WASHERMENPET, ROYAPURAM, CHENNAI, TAMIL NADU 600081",Chennai,MCH- attached institution,Multi,Govt-DME,Govt,1,20-03-2017,2017,A1,False,True,True,True,True,True,True,True,True,True,True,True,True,True,True,True,True,True,True,True,True,True,True,True,True,True,True,True,True,False,True,True,True,False,True,True,True,True,True,True,13.1259344,80.2866858,Exact Hospital
1657,MA,H_25731,"Govt Alandur UPHC, Chennai TN.","56 SOWRI STREET ALANDUR, CHENNAI-600016",Chennai,PHC,Multi,Govt-MTM,Govt,62,30-08-2022,2022,A1,False,False,False,False,False,False,False,False,False,False,False,False,False,False,False,False,False,False,False,False,True,False,False,False,False,False,False,False,False,False,False,False,False,False,True,False,False,False,False,False,13.0836939,80.270186,District Center
2135,MA,H_25731 ,"Govt Alandur UPHC, Chennai TN.",,Chennai,PHC,Multi,Govt-MTM,Govt,62,30-08-2022,2022,,False,False,False,False,False,False,False,False,False,False,False,False,False,False,False,False,False,False,False,False,False,False,False,False,False,False,False,False,False,False,False,False,False,False,False,False,False,False,False,False,13.0836939,80.270186,District Center
1653,MA,H_25727,"Govt Ayanavaram UCHC, Chennai TN.","No : 29, United India Nagar, Ayanavaram, Chennai 600023",Chennai,CHC,Multi,Govt-MTM,Govt,62,30-08-2022,2022,A1,False,False,False,False,False,False,False,False,False,False,False,False,False,False,False,False,False,False,False,False,True,False,False,False,False,False,False,False,False,False,False,False,False,False,True,False,False,False,False,False,13.0836939,80.270186,Village/Town Center
2131,MA,H_25727 ,"Govt Ayanavaram UCHC, Chennai TN.",,Chennai,CHC,Multi,Govt-MTM,Govt,62,30-08-2022,2022,,False,False,False,False,False,False,False,False,False,False,False,False,False,False,False,False,False,False,False,False,False,False,False,False,False,False,False,False,False,False,False,False,False,False,False,False,False,False,False,False,13.0836939,80.270186,District Center
1649,MA,H_25706,"Govt CHC Adayar,  Chennai TN.","2,Venkatarathnam Nagar,Adyar,Ch- 20",Chennai,CHC,Multi,Govt-MTM,Govt,61,25-07-2022,2022,A1,False,False,False,False,False,False,False,False,False,False,False,False,False,False,False,False,False,False,False,False,True,False,False,False,False,False,False,False,False,False,False,False,False,False,True,False,False,False,False,False,13.00645,80.2577791,Village/Town Center
2127,MA,H_25706 ,"Govt CHC Adayar,  Chennai TN.",,Chennai,CHC,Multi,Govt-MTM,Govt,61,25-07-2022,2022,,False,False,False,False,False,False,False,False,False,False,False,False,False,False,False,False,False,False,False,False,False,False,False,False,False,False,False,False,False,False,False,False,False,False,False,False,False,False,False,False,13.0836939,80.270186,District Center
1650,MA,H_25707,"Govt CHC RK Nagar,  Chennai TN.","No 88,Kathivakkam high road,Meenambal Nagar",Chennai,CHC,Multi,Govt-MTM,Govt,61,25-07-2022,2022,A1,False,False,False,False,False,False,False,False,False,False,False,False,False,False,False,False,False,False,False,False,True,False,False,False,False,False,False,False,False,False,False,False,False,False,True,False,False,False,False,False,13.1263901,80.2781766,Village/Town Center
2128,MA,H_25707 ,"Govt CHC RK Nagar,  Chennai TN.",,Chennai,CHC,Multi,Govt-MTM,Govt,61,25-07-2022,2022,,False,False,False,False,False,False,False,False,False,False,False,False,False,False,False,False,False,False,False,False,False,False,False,False,False,False,False,False,False,False,False,False,False,False,False,False,False,False,False,False,13.0836939,80.270186,District Center
124,MA,H_24457,"Govt Hospital,Ayanavaram ESI, Chennai TN. ","53, Medavakkam Tank Rd, Thiruvalluvar Nagar, Dr Ambedkar Nagar, Sanyasipuram, Ayanavaram, Chennai",Chennai,Sub-district Hospital,Multi,Govt-DMS,Govt,50,30-07-2021,2021,A1,False,True,True,True,True,True,True,True,True,True,True,True,True,True,True,True,True,True,True,True,True,True,True,True,True,True,True,True,True,False,True,True,True,False,True,True,True,True,True,True,13.0946157,80.23541,Village/Town Center
1659,MA,H_25733,"Govt INJAMBAKKAM UCHC, Chennai TN.","V.O.C STREET, ECR MAIN ROAD, INJAMBAKKAM",Chennai,CHC,Multi,Govt-MTM,Govt,62,30-08-2022,2022,A1,False,False,False,False,False,False,False,False,False,False,False,False,False,False,False,False,False,False,False,False,True,False,False,False,False,False,False,False,False,False,False,False,False,False,True,False,False,False,False,False,13.0836939,80.270186,District Center
2137,MA,H_25733 ,"Govt INJAMBAKKAM UCHC, Chennai TN.",,Chennai,CHC,Multi,Govt-MTM,Govt,62,30-08-2022,2022,,False,False,False,False,False,False,False,False,False,False,False,False,False,False,False,False,False,False,False,False,False,False,False,False,False,False,False,False,False,False,False,False,False,False,False,False,False,False,False,False,13.0836939,80.270186,District Center
102,MA,H_22751,"Govt Institute of mental health, Chennai TN.","Medavakkam Tank Road, Kilpauk, Chennai",Chennai,MCH- attached institution,Multi,Govt-DMS,Govt,26,06-12-2018,2018,A1,False,True,True,True,True,True,True,True,True,True,True,True,True,True,True,True,True,True,True,True,True,True,True,True,True,True,True,True,True,False,True,True,True,False,True,True,True,True,True,True,13.0832149,80.2379864,Village/Town Center
143,MA,H_25882,"Govt Kalaignar Centenary Spr Spl Hosp, Chennai TN.","2688+67M, Alandur Rd, 3rd Phase, Guindy Institutional Area, SIDCO Industrial Estate, Guindy, Chennai, Tamil Nadu 600032",Chennai,Super specialty Hospital,Multi,Govt-DME,Govt,69,12-05-2023,2023,A1,False,True,True,True,True,True,True,True,True,True,True,True,True,True,True,True,True,True,True,True,True,True,True,True,True,True,True,True,True,False,True,True,True,False,True,True,True,True,True,True,13.0097685,80.2179509,Village/Town Center
2098,MA,H_22492,"Govt KAPVMCH DEIC,Trichy TN.",,Chennai,DEIC,DEIC,DEIC,Govt,0,14-02-2018,2018,,False,False,False,False,False,False,False,False,False,False,False,False,False,False,False,False,False,False,False,False,False,False,False,False,False,False,False,False,False,False,False,False,False,False,False,False,False,False,False,False,13.0836939,80.270186,District Center
1654,MA,H_25728,"Govt Manjambakkam UCHC, Chennai TN.","Near Kosapur Junction road, Manjambakkam, CH -68",Chennai,CHC,Multi,Govt-MTM,Govt,62,30-08-2022,2022,A1,False,False,False,False,False,False,False,False,False,False,False,False,False,False,False,False,False,False,False,False,True,False,False,False,False,False,False,False,False,False,False,False,False,False,True,False,False,False,False,False,13.0836939,80.270186,District Center
2132,MA,H_25728 ,"Govt Manjambakkam UCHC, Chennai TN.",,Chennai,CHC,Multi,Govt-MTM,Govt,62,30-08-2022,2022,,False,False,False,False,False,False,False,False,False,False,False,False,False,False,False,False,False,False,False,False,False,False,False,False,False,False,False,False,False,False,False,False,False,False,False,False,False,False,False,False,13.0836939,80.270186,District Center
1664,MA,H_25775,"Govt Mirsahibpet UCHC, Chennai TN.","11,4TH LANE, BEGUM SAHIB STREET, ROYAPETTAH, CHENNAI-600014",Chennai,CHC,Multi,Govt-MTM,Govt,65,06-01-2023,2023,A1,False,False,False,False,False,False,False,False,False,False,False,False,False,False,False,False,False,False,False,False,True,False,False,False,False,False,False,False,False,False,False,False,False,False,True,False,False,False,False,False,13.0836939,80.270186,District Center
2150,MA,H_25775 ,"Govt Mirsahibpet UCHC, Chennai TN.",,Chennai,CHC,Multi,Govt-MTM,Govt,65,06-01-2023,2023,,False,False,False,False,False,False,False,False,False,False,False,False,False,False,False,False,False,False,False,False,False,False,False,False,False,False,False,False,False,False,False,False,False,False,False,False,False,False,False,False,13.0836939,80.270186,District Center
19,MA,H_18724,"Govt Opthomology Hospital,Chennai TN.","OLD NO.132, RUKMANI LAKSHMIPATHY SALAI, EGMORE, CHENNAI, TAMIL NADU 600008",Chennai,MCH- attached institution,Multi,Govt-DME,Govt,1,20-03-2017,2017,A1,False,True,True,True,True,True,True,True,True,True,True,True,True,True,True,True,True,True,True,True,True,True,True,True,True,True,True,True,True,False,True,True,True,False,True,True,True,True,True,True,13.084889,80.2826483,Village/Town Center
1661,MA,H_25735,"Govt PADI UCHC, Chennai TN.","NO 5. CHURCH STREET,TMP NAGAR, PADI CHENNAI TAMILNADU 600050",Chennai,CHC,Multi,Govt-MTM,Govt,62,30-08-2022,2022,A1,False,False,False,False,False,False,False,False,False,False,False,False,False,False,False,False,False,False,False,False,True,False,False,False,False,False,False,False,False,False,False,False,False,False,True,False,False,False,False,False,13.1035851,80.1920425,Village/Town Center
2139,MA,H_25735 ,"Govt PADI UCHC, Chennai TN.",,Chennai,CHC,Multi,Govt-MTM,Govt,62,30-08-2022,2022,,False,False,False,False,False,False,False,False,False,False,False,False,False,False,False,False,False,False,False,False,False,False,False,False,False,False,False,False,False,False,False,False,False,False,False,False,False,False,False,False,13.0836939,80.270186,District Center
123,MA,H_24455,"Govt Peripheral Hospital, Saidapet,Chennai TN.","Jenis Street, Saidapet, Chennai",Chennai,Sub-district Hospital,Multi,Govt-DMS,Govt,50,30-07-2021,2021,A1,False,True,True,True,True,True,True,True,True,True,True,True,True,True,True,True,True,True,True,True,True,True,True,True,True,True,True,True,True,False,True,True,True,False,True,True,True,True,True,True,13.020817,80.2239536,Village/Town Center
1656,MA,H_25730,"Govt Perungudi UCHC, Chennai TN.",NO:1 SCHOOL ROAD KANDANCHAVADI PERUNGUDI,Chennai,CHC,Multi,Govt-MTM,Govt,62,30-08-2022,2022,A1,False,False,False,False,False,False,False,False,False,False,False,False,False,False,False,False,False,False,False,False,True,False,False,False,False,False,False,False,False,False,False,False,False,False,True,False,False,False,False,False,13.0836939,80.270186,District Center
2134,MA,H_25730 ,"Govt Perungudi UCHC, Chennai TN.",,Chennai,CHC,Multi,Govt-MTM,Govt,62,30-08-2022,2022,,False,False,False,False,False,False,False,False,False,False,False,False,False,False,False,False,False,False,False,False,False,False,False,False,False,False,False,False,False,False,False,False,False,False,False,False,False,False,False,False,13.0836939,80.270186,District Center
1660,MA,H_25734,"Govt PORUR UCHC, Chennai TN.","NO - 4 SENTHIL NAGAR , HOSPITAL ROAD , JAI GARDEN CHINNA PORUR CHENNAI - 600116",Chennai,CHC,Multi,Govt-MTM,Govt,62,30-08-2022,2022,A1,False,False,False,False,False,False,False,False,False,False,False,False,False,False,False,False,False,False,False,False,True,False,False,False,False,False,False,False,False,False,False,False,False,False,True,False,False,False,False,False,13.0836939,80.270186,District Center
2138,MA,H_25734 ,"Govt PORUR UCHC, Chennai TN.",,Chennai,CHC,Multi,Govt-MTM,Govt,62,30-08-2022,2022,,False,False,False,False,False,False,False,False,False,False,False,False,False,False,False,False,False,False,False,False,False,False,False,False,False,False,False,False,False,False,False,False,False,False,False,False,False,False,False,False,13.0836939,80.270186,District Center
1651,MA,H_25708,"Govt Pulianthope CHC,Chennai TN.","40, thiruvengadasamy street pulianthope chennai -12",Chennai,CHC,Multi,Govt-MTM,Govt,61,25-07-2022,2022,A1,False,False,False,False,False,False,False,False,False,False,False,False,False,False,False,False,False,False,False,False,True,False,False,False,False,False,False,False,False,False,False,False,False,False,True,False,False,False,False,False,13.0836939,80.270186,Village/Town Center
2129,MA,H_25708 ,"Govt Pulianthope CHC,Chennai TN.",,Chennai,CHC,Multi,Govt-MTM,Govt,61,25-07-2022,2022,,False,False,False,False,False,False,False,False,False,False,False,False,False,False,False,False,False,False,False,False,False,False,False,False,False,False,False,False,False,False,False,False,False,False,False,False,False,False,False,False,13.0836939,80.270186,District Center
1655,MA,H_25729,"Govt Puzhal CHC, Chennai TN.","NO. 1 GNT ROAD, CYCLE SHOP, PUZHAL, CHENNAI - 600066",Chennai,CHC,Multi,Govt-MTM,Govt,62,30-08-2022,2022,A1,False,False,False,False,False,False,False,False,False,False,False,False,False,False,False,False,False,False,False,False,True,False,False,False,False,False,False,False,False,False,False,False,False,False,True,False,False,False,False,False,13.0836939,80.270186,Village/Town Center
2133,MA,H_25729 ,"Govt Puzhal CHC, Chennai TN.",,Chennai,CHC,Multi,Govt-MTM,Govt,62,30-08-2022,2022,,False,False,False,False,False,False,False,False,False,False,False,False,False,False,False,False,False,False,False,False,False,False,False,False,False,False,False,False,False,False,False,False,False,False,False,False,False,False,False,False,13.0836939,80.270186,District Center
1663,MA,H_25744,"Govt Sanjeevarayanpet UCHC, Chennai TN.","NO 109 SOLAIYAPPAN STREET, O.W.PET, CH 21, ROYAPURAM",Chennai,CHC,Multi,Govt-MTM,Govt,63,30-09-2022,2022,A1,False,False,False,False,False,False,False,False,False,False,False,False,False,False,False,False,False,False,False,False,True,False,False,False,False,False,False,False,False,False,False,False,False,False,True,False,False,False,False,False,13.0948991,80.1781217,Village/Town Center
2141,MA,H_25744 ,"Govt Sanjeevarayanpet UCHC, Chennai TN.",,Chennai,CHC,Multi,Govt-MTM,Govt,63,30-09-2022,2022,,False,False,False,False,False,False,False,False,False,False,False,False,False,False,False,False,False,False,False,False,False,False,False,False,False,False,False,False,False,False,False,False,False,False,False,False,False,False,False,False,13.0836939,80.270186,District Center
1662,MA,H_25736,"Govt Thiruvottiyur UCHC, Chennai TN.",No 185 NVN Somu complex backside Thiruvottiyur High Road Thiruvottiyur Chennai 19,Chennai,CHC,Multi,Govt-MTM,Govt,62,30-08-2022,2022,A1,False,False,False,False,False,False,False,False,False,False,False,False,False,False,False,False,False,False,False,False,True,False,False,False,False,False,False,False,False,False,False,False,False,False,True,False,False,False,False,False,13.0836939,80.270186,District Center
2140,MA,H_25736 ,"Govt Thiruvottiyur UCHC, Chennai TN.",,Chennai,CHC,Multi,Govt-MTM,Govt,62,30-08-2022,2022,,False,False,False,False,False,False,False,False,False,False,False,False,False,False,False,False,False,False,False,False,False,False,False,False,False,False,False,False,False,False,False,False,False,False,False,False,False,False,False,False,13.0836939,80.270186,District Center
1658,MA,H_25732,"Govt VADAPALANI UCHC, Chennai TN.",65/119 ARCOT ROAD KODAMBAKKAM CHENNAI 600024,Chennai,CHC,Multi,Govt-MTM,Govt,62,30-08-2022,2022,A1,False,False,False,False,False,False,False,False,False,False,False,False,False,False,False,False,False,False,False,False,True,False,False,False,False,False,False,False,False,False,False,False,False,False,True,False,False,False,False,False,13.0499109,80.2116782,Village/Town Center
2136,MA,H_25732 ,"Govt VADAPALANI UCHC, Chennai TN.",,Chennai,CHC,Multi,Govt-MTM,Govt,62,30-08-2022,2022,,False,False,False,False,False,False,False,False,False,False,False,False,False,False,False,False,False,False,False,False,False,False,False,False,False,False,False,False,False,False,False,False,False,False,False,False,False,False,False,False,13.0836939,80.270186,District Center
2153,MA,H_25944,"Govt Vyasarpadi UPHC TANKER Foundation,Chennai TN.",,Chennai,CCH,CCH,CCH,Govt,72,17-11-2023,2023,,False,False,False,False,False,False,False,False,False,False,False,False,False,False,False,False,False,False,False,False,False,False,False,False,False,False,False,False,False,False,False,False,False,False,False,False,False,False,False,False,13.0836939,80.270186,District Center
20,MA,H_22552,"Govt. Omandhurar Medical coll and hosp,Chennai TN.","Omandurar Government Estate Wallahjah Road, Anna Salai, Opposite to, Chennai",Chennai,Medical College Hospital ,Multi,Govt-DME,Govt,6,15-05-2017,2017,A1,False,True,True,True,True,True,True,True,True,True,True,True,True,True,True,True,True,True,True,True,True,True,True,True,True,True,True,True,True,False,True,True,True,False,True,True,True,True,True,True,13.0836939,80.270186,District Center
2166,MA,H_26097,"Govt. OSTC, Kannagi Nagar, Chennai, TN.",,Chennai,DDWO,DDWO,DDWO,Govt,0,22-11-2024,2024,,False,False,False,False,False,False,False,False,False,False,False,False,False,False,False,False,False,False,False,False,False,False,False,False,False,False,False,False,False,False,False,False,False,False,False,False,False,False,False,False,13.0836939,80.270186,District Center
100,MA,H_22580,"Govt. Periyar Nagar Hospital, Chennai TN.","Karthikeyan Rd, Periyar Nagar West, Perambur, Chennai",Chennai,Sub-district Hospital,Multi,Govt-DMS,Govt,15,02-02-2018,2018,A1,False,True,True,True,True,True,True,True,True,True,True,True,True,True,True,True,True,True,True,True,True,True,True,True,True,True,True,True,True,False,True,True,True,False,True,True,True,True,True,True,13.1153048,80.2233851,Exact Hospital
17,MA,H_18729,"Govt. Royapettah Hospital, Royapetta,Chennai TN.","WESTCOTT ROAD, ROYAPETTAH, OPP YMCA GROUND, CHENNAI, TAMIL NADU 600014",Chennai,MCH- attached institution,Multi,Govt-DME,Govt,1,20-03-2017,2017,A1,False,True,True,True,True,True,True,True,True,True,True,True,True,True,True,True,True,True,True,True,True,True,True,True,True,True,True,True,True,False,True,True,True,False,True,True,True,True,True,True,13.0098474,80.2327816,Village/Town Center
2104,MA,H_22810,"Govt. Stanley Medical College DEIC, Chennai TN.",,Chennai,DEIC,DEIC,DEIC,Govt,0,23-03-2019,2019,,False,False,False,False,False,False,False,False,False,False,False,False,False,False,False,False,False,False,False,False,False,False,False,False,False,False,False,False,False,False,False,False,False,False,False,False,False,False,False,False,13.0836939,80.270186,District Center
9,MA,H_18719,"Govt. Stanley Medical College Hospital,Chennai TN.","305 OSH RD, ROYAPURAM, OLD WASHERMANPET, CHENNAI, TAMIL NADU 600001",Chennai,Medical College Hospital ,Multi,Govt-DME,Govt,1,20-03-2017,2017,A1,False,True,True,True,True,True,True,True,True,True,True,True,True,True,True,True,True,True,True,True,True,True,True,True,True,True,True,True,True,False,True,True,True,False,True,True,True,True,True,True,13.084889,80.2826483,Village/Town Center
10,MA,H_18702,"Govt.Kilpauk Medical CollegeHospitalChennai,TN.","822, POONAMALLEE HIGH RD, NEAR EGA THEATRE, KILPAUK, CHENNAI, TAMIL NADU 600010",Chennai,Medical College Hospital ,Multi,Govt-DME,Govt,1,20-03-2017,2017,A1,False,True,True,True,True,True,True,True,True,True,True,True,True,True,True,True,True,True,True,True,True,True,True,True,True,True,True,True,True,False,True,True,True,False,True,True,True,True,True,True,13.0098474,80.2327816,Village/Town Center
8,MA,H_22620,"Govt.Super Speciality Hospital,Omandur Chennai TN.","Omandurar Government Estate Wallahjah Road, Anna Salai, Opposite to, Chennai",Chennai,Super specialty Hospital,Multi,Govt-DME,Govt,1,20-03-2017,2017,A1,False,True,True,True,True,True,True,True,True,True,True,True,True,True,True,True,True,True,True,True,True,True,True,True,True,True,True,True,True,False,True,True,True,False,True,True,True,True,True,True,13.0836939,80.270186,District Center
12,MA,H_20059,"GOVT.TB HOSPITAL OTTERI , CHENNAI TN.","AYANAVARAM RD, OTTERI, AYANAVARAM, CHENNAI, TAMIL NADU 600023",Chennai,Sub-district Hospital,Multi,Govt-DMS,Govt,1,20-03-2017,2017,A1,False,True,True,True,True,True,True,True,True,True,True,True,True,True,True,True,True,True,True,True,True,True,True,True,True,True,True,True,True,False,True,True,True,False,True,True,True,True,True,True,13.084889,80.2826483,Village/Town Center
1553,MA,H_24719,"Govt.UPHC Kondithop ,Chennai TN.","60,Basin bridge road, old washerman pet",Chennai,PHC,Multi,Govt-MTM,Govt,52,09-08-2021,2021,A1,False,False,False,False,False,False,False,False,False,True,False,False,False,False,False,False,False,False,False,False,True,False,False,False,False,False,False,False,False,False,False,False,False,False,True,False,False,False,False,False,13.1045026,80.2761735,Village/Town Center
2112,MA,H_24946,"Healthcare global enterprises Ltd, Chennai DC. ",,Chennai,Private,PVT-STANDALONE,DC PVT-STANDALONE,Pvt,55,12-11-2021,2021,,False,False,False,False,False,False,False,False,False,False,False,False,False,False,False,False,False,False,False,False,False,False,False,False,False,False,False,False,False,False,False,False,False,False,False,False,False,False,False,False,13.0836939,80.270186,District Center
298,MA,H_23447,"Hycare Super Speciality Hospital, Chennai TN.","No-37, Razzak Garden Main Rd, MMDA Colony, Arumbakkam, Chennai, Tamil Nadu 600106",Chennai,Private,Multi,PVT HOSPITAL,Pvt,43,30-12-2020,2020,A2,False,True,True,False,True,False,True,False,True,True,True,True,False,False,False,True,True,True,False,True,False,False,False,False,True,False,False,False,True,False,False,False,False,False,False,True,True,False,True,True,13.0098474,80.2327816,Village/Town Center
2099,MA,H_22466,"ICH, DEIC ,Chennai TN.",,Chennai,DEIC,DEIC,DEIC,Govt,0,10-07-2018,2018,,False,False,False,False,False,False,False,False,False,False,False,False,False,False,False,False,False,False,False,False,False,False,False,False,False,False,False,False,False,False,False,False,False,False,False,False,False,False,False,False,13.0836939,80.270186,District Center
14,MA,H_18725,"ICH,Egmore,Chennai TN.","HALLS ROAD, EGMORE, CHENNAI, TAMIL NADU 600008",Chennai,MCH- attached institution,Multi,Govt-DME,Govt,1,20-03-2017,2017,A1,False,True,True,True,True,True,True,True,True,True,True,True,True,True,True,True,True,True,True,True,True,True,True,True,True,True,True,True,True,False,True,True,True,False,True,True,True,True,True,True,13.084889,80.2826483,Village/Town Center
13,MA,H_18726,"IOG,Egmore,Chennai TN.","HALLS ROAD, EGMORE, CHENNAI, TAMIL NADU 600008",Chennai,MCH- attached institution,Multi,Govt-DME,Govt,1,20-03-2017,2017,A1,False,True,True,True,True,True,True,True,True,True,True,True,True,True,True,True,True,True,True,True,True,True,True,True,True,True,True,True,True,False,True,True,True,False,True,True,True,True,True,True,13.084889,80.2826483,Village/Town Center
302,MA,H_23673,"Iswarya Fertility, Adyar, Chennai TN.","No. 13, 1st Main Road, Kasturbai Nagar, Opposite Sangeetha Hotel, Adyar,",Chennai,Private,Single,PVT HOSPITAL,Pvt,53,18-09-2021,2021,S1,False,False,False,False,False,False,False,False,False,False,False,True,False,False,False,False,False,False,False,False,False,False,False,False,False,False,False,False,False,False,False,False,False,False,False,False,False,False,False,False,13.0064894,80.2504829,Exact Hospital
303,MA,H_26350,"Iswarya Hospital, Omr, Chennai TN.","110, RAJIV GANDHI SALAI, OMR, KOTTIVAKKAM,CHENNAI 600041",Chennai,Private,Multi,PVT HOSPITAL,Pvt,93,02-01-2026,2026,A6,False,True,True,True,False,False,False,False,True,True,False,False,False,False,False,False,False,True,False,True,False,False,False,False,True,False,False,False,False,False,False,False,False,False,False,False,False,False,False,False,13.0836939,80.270186,Village/Town Center
2110,MA,H_24943,"Jeenomics Laboratory Private Ltd, Chennai DC.",,Chennai,Private,PVT-STANDALONE,DC PVT-STANDALONE,Pvt,55,12-11-2021,2021,,False,False,False,False,False,False,False,False,False,False,False,False,False,False,False,False,False,False,False,False,False,False,False,False,False,False,False,False,False,False,False,False,False,False,False,False,False,False,False,False,13.0836939,80.270186,District Center
1995,MA,H_22363,"Jeevan Stem Cell Foundation, Chennai DC.",,Chennai,Private,PVT-STANDALONE,DC PVT-STANDALONE,Pvt,10,21-08-2017,2017,,False,False,False,False,False,False,False,False,False,False,False,False,False,False,False,False,False,False,False,False,False,False,False,False,False,False,False,False,False,False,False,False,False,False,False,False,False,False,False,False,13.0836939,80.270186,District Center
315,MA,H_21992,"Kanchi Kamakoti Child Trust Hospital ,Chennai TN.","12 A, Nageswara Rd, Tirumurthy Nagar, Nungambakkam, Chennai",Chennai,Private,Multi,PVT HOSPITAL,Pvt,30,20-03-2019,2019,A1,False,False,True,False,False,False,True,False,False,False,False,False,True,False,False,False,False,False,False,False,False,False,False,False,False,False,True,False,False,False,False,False,False,False,False,False,False,False,False,False,13.0574163,80.2459538,Exact Hospital
320,MA,H_19649,"Kauvery Hospital Chennai,TN.","199, LUZ CHURCH RD, KAPALI THOTTAM, MYLAPORE, CHENNAI, ",Chennai,Private,Multi,PVT HOSPITAL,Pvt,3,04-04-2017,2017,A1,False,True,True,True,True,True,True,True,True,True,True,True,True,True,True,True,True,True,True,True,True,True,True,True,True,True,True,True,True,False,True,True,True,True,True,True,True,True,True,True,13.0390564,80.2568208,Exact Hospital
322,MA,H_26026,"Kauvery Hospital, Vadapalani, Chennai, TN.","No: 23/1, Arcot Road, Vadapalani",Chennai,Private,Multi,PVT HOSPITAL,Pvt,77,08-07-2024,2024,A5,False,True,True,False,False,False,False,False,True,True,True,False,False,False,False,True,False,False,False,True,True,True,False,False,True,False,False,False,False,False,False,True,False,False,False,True,False,False,False,False,13.0412891,80.1743109,Village/Town Center
324,MA,H_26267,"Kewalchand Mohanabai Dialysis Centr, Chennai TN.","No. 3, Taylors Estate, 2nd Street. Kodambakkam, Chennai - 600024	",Chennai,Private,Single,PVT HOSPITAL,Pvt,89,30-07-2025,2025,S2,False,False,False,False,False,False,False,False,False,False,False,False,False,False,False,False,False,False,False,True,False,False,False,False,False,False,False,False,False,False,False,False,False,False,False,False,False,False,False,False,13.0836939,80.270186,Village/Town Center
11,MA,H_18731,"KGH,Chennai TN.","CHEPAUK, TRIPLICANE, CHENNAI, TAMIL NADU 600005",Chennai,MCH- attached institution,Multi,Govt-DME,Govt,1,20-03-2017,2017,A1,False,True,True,True,True,True,True,True,True,True,True,True,True,True,True,True,True,True,True,True,True,True,True,True,True,True,True,True,True,False,True,True,True,False,True,True,True,True,True,True,13.084889,80.2826483,Village/Town Center
325,MA,H_26268,"Khivraj Chordia Memorial Dialysis, Chennai TN.","NO. 48, ARUNDALE STREET, MYLAPORE, CHENNAI - 600004",Chennai,Private,Single,PVT HOSPITAL,Pvt,89,30-07-2025,2025,S2,False,False,False,False,False,False,False,False,False,False,False,False,False,False,False,False,False,False,False,True,False,False,False,False,False,False,False,False,False,False,False,False,False,False,False,False,False,False,False,False,13.0836939,80.270186,Village/Town Center
2101,MA,H_23012,"KK Nagar Rehabilitation Centre,DDAWO,Chennai TN.",,Chennai,Govt-DME,DDWO,Govt-DME,Govt,33,08-11-2019,2019,,False,False,False,False,False,False,False,False,False,False,False,False,False,False,False,False,False,False,False,False,False,False,False,False,False,False,False,False,False,False,False,False,False,False,False,False,False,False,False,False,13.0836939,80.270186,District Center
327,MA,H_18267,"KKR ENT Hospital And Institute, Chennai TN.","NO. 274, POONAMALLEE HIGH ROAD, OPP. KMC HOSPITAL, KILPAUK, CHENNAI",Chennai,Private,Single,PVT HOSPITAL,Pvt,4,12-04-2017,2017,S1,False,False,False,False,True,False,False,False,False,False,False,False,False,False,False,False,False,False,False,False,False,False,False,False,False,False,False,False,False,False,False,False,False,False,False,False,False,False,False,False,13.0832149,80.2379864,Village/Town Center
328,MA,H_24101,"KL Hospital, Neelangarai, Chennai TN.","NO 348,EAST COAST ROAD,NEELANGARAI,CHENNAI,",Chennai,Private,Multi,PVT HOSPITAL,Pvt,58,28-04-2022,2022,A5,False,True,False,False,False,False,False,False,True,True,False,True,False,False,False,False,False,False,False,True,True,False,False,False,True,False,False,False,True,False,False,False,False,False,False,False,False,False,False,True,13.0836939,80.270186,Village/Town Center
330,MA,H_25896,"Kolathur Dialysis and Medical Center, Chennai TN.","No 41, 4th circular road, jawahar road, chennai 600082",Chennai,Private,Single,PVT HOSPITAL,Pvt,71,08-08-2023,2023,S2,False,False,False,False,False,False,False,False,False,False,False,False,False,False,False,False,False,False,False,True,False,False,False,False,False,False,False,False,False,False,False,False,False,False,False,False,False,False,False,False,13.0836939,80.270186,Village/Town Center
336,MA,H_18290,"Kumaran Hospital Kilpauk, Chennai TN."," 214, E.V.R PERIYAR SALAI, POONAMALLEE HIGH ROAD, KILPAUK, CHENNAI",Chennai,Private,Multi,PVT HOSPITAL,Pvt,4,12-04-2017,2017,A1,False,True,True,True,True,False,True,True,True,True,True,False,True,False,False,True,False,True,False,True,True,True,False,True,True,False,True,False,False,False,False,True,False,False,False,True,False,False,True,True,13.0790289,80.2490893,Exact Hospital
342,MA,H_18622,"Laksha Hospital,Chennai TN.","NO.15, PS SIVA SWAMY RD, SULLIVAN GARDEN, MYLAPORE, CHENNAI",Chennai,Private,Multi,PVT HOSPITAL,Pvt,5,19-04-2017,2017,A4,False,False,False,False,False,False,True,False,True,True,True,False,False,False,False,False,False,False,False,True,True,True,False,False,True,False,False,False,False,False,False,False,False,False,True,False,False,False,True,True,13.0435469,80.2636349,Exact Hospital
2111,MA,H_24945,"Lamfer Healthcare Private Ltd, Chennai DC.",,Chennai,Private,PVT-STANDALONE,DC PVT-STANDALONE,Pvt,55,12-11-2021,2021,,False,False,False,False,False,False,False,False,False,False,False,False,False,False,False,False,False,False,False,False,False,False,False,False,False,False,False,False,False,False,False,False,False,False,False,False,False,False,False,False,13.0836939,80.270186,District Center
1985,MA,H_21442,"Liberty High Scans, Alwarpet, Chennai DC.",,Chennai,Private,PVT-STANDALONE,DC PVT-STANDALONE,Pvt,2,27-03-2017,2017,,False,False,False,False,False,False,False,False,False,False,False,False,False,False,False,False,False,False,False,False,False,False,False,False,False,False,False,False,False,False,False,False,False,False,False,False,False,False,False,False,13.0836939,80.270186,District Center
347,MA,H_18303,"Lifeline Multispeciality Hospital, Chennai TN.","NO.47/3,NEW AVADI ROAD, KILPAUK, CHENNAI, TAMIL NADU ",Chennai,Private,Multi,PVT HOSPITAL,Pvt,5,19-04-2017,2017,A2,False,False,False,False,False,False,True,False,True,True,True,False,False,False,False,False,False,False,False,True,False,True,False,False,True,False,False,False,True,False,False,False,False,False,False,True,False,False,True,True,13.0836939,80.270186,Village/Town Center
350,MA,H_18365,"M R Hospital,Chennai TN.","20, GOVINDAN STREET, AYYAAVOO COLONY AMINJIKARAI, CHENNAI,",Chennai,Private,Multi,PVT HOSPITAL,Pvt,5,19-04-2017,2017,A6,False,False,False,False,False,False,False,False,False,False,False,False,False,False,False,False,False,False,False,True,False,False,False,False,False,False,False,False,False,False,False,False,False,False,False,False,False,False,False,False,13.0725279,80.2195783,Exact Hospital
353,MA,H_18370,"M.N Eye Hospital,Chennai TN.","781, T H ROAD, OLD WASHERMANPET, CHENNAI,",Chennai,Private,Single,PVT HOSPITAL,Pvt,5,19-04-2017,2017,S1,False,False,False,False,False,False,False,False,True,False,False,False,False,False,False,False,False,False,False,False,False,False,False,True,False,False,False,False,False,False,False,True,False,False,False,False,False,False,False,False,12.996767,80.2603599,Exact Hospital
1998,MA,H_22381,Madhuram Naryanan Ctr fr Exptnl Chl Autism Che TN.,,Chennai,Private,Autism ,PVT AUTISM,Pvt,10,21-08-2017,2017,,False,False,False,False,False,False,False,False,False,False,False,False,False,False,False,False,False,False,False,False,False,False,False,False,False,False,False,False,False,False,False,False,False,False,False,False,False,False,False,False,13.0836939,80.270186,District Center
355,MA,H_19775,"Madras ENT Research Foundation,Chennai TN.","NO:1, I CROS STREET, OFF. II MAIN ROAD, R.A.PURAM,  GOVINDASWAMY NAGAR,CHENNAI",Chennai,Private,Single,PVT HOSPITAL,Pvt,1,20-03-2017,2017,S1,False,False,False,False,True,False,False,False,False,False,False,False,False,False,False,False,False,False,False,False,False,False,False,False,False,False,False,False,False,False,False,False,False,False,False,False,False,False,False,False,13.0268688,80.2541439,Exact Hospital
18,MA,H_18721,"Madras Medical College,Chennai TN.","M M C, PARK TOWN, CHENNAI, TAMIL NADU 600003",Chennai,Medical College Hospital ,Multi,Govt-DME,Govt,1,20-03-2017,2017,A1,False,True,True,True,True,True,True,True,True,True,True,True,True,True,True,True,True,True,True,True,True,True,True,True,True,True,True,True,True,False,True,True,True,False,True,True,True,True,True,True,13.0798914,80.2732723,Exact Hospital
1994,MA,H_22340,"Madras Scans And Labs, Chennai DC.",,Chennai,Private,PVT-STANDALONE,DC PVT-STANDALONE,Pvt,9,18-07-2017,2017,,False,False,False,False,False,False,False,False,False,False,False,False,False,False,False,False,False,False,False,False,False,False,False,False,False,False,False,False,False,False,False,False,False,False,False,False,False,False,False,False,13.0836939,80.270186,District Center
1988,MA,H_19688,"Med All ,Kilpauk,Chennai DC.",,Chennai,Private,PVT-STANDALONE,DC PVT-STANDALONE,Pvt,4,12-04-2017,2017,,False,False,False,False,False,False,False,False,False,False,False,False,False,False,False,False,False,False,False,False,False,False,False,False,False,False,False,False,False,False,False,False,False,False,False,False,False,False,False,False,13.0836939,80.270186,District Center
372,MA,H_18625,"Medical Research Foundation,Chennai TN.","NO. 18, COLLEGE ROAD, NUNGAMBAKKAM, CHENNAI,",Chennai,Private,Single,PVT HOSPITAL,Pvt,5,19-04-2017,2017,S1,False,False,False,False,False,False,False,False,False,False,False,False,False,False,False,False,False,False,False,False,False,False,False,True,False,False,False,False,False,False,False,False,False,False,False,False,False,False,False,False,13.0441485,80.2637114,Exact Hospital
373,MA,H_26127,"Medway Heart Institute, Chennai, TN.","#9, 1st MAIN ROAD, UNITED INDIA COLONY, KODAMBAKKAM",Chennai,Private,Single,PVT HOSPITAL,Pvt,82,06-01-2025,2025,S1,False,True,False,False,False,False,False,False,False,False,False,False,False,False,False,False,False,False,False,False,False,False,False,False,False,False,False,False,False,False,False,False,False,False,False,False,False,False,False,False,13.0511219,80.2247578,Village/Town Center
374,MA,H_22575,"Medway Hospital, Chennai TN.","2, 26, 1st Main Rd, United India Colony, Kodambakkam, Chennai",Chennai,Private,Multi,PVT HOSPITAL,Pvt,15,02-02-2018,2018,A1,False,True,True,True,False,False,True,True,True,True,True,True,False,False,False,True,False,False,True,True,True,True,False,False,True,False,True,False,True,False,False,False,False,False,False,False,True,False,True,False,13.0535971,80.2275376,Exact Hospital
380,MA,H_26006,"Meridian Hospital, Madhavaram, Chennai, TN.","BLOCK 46-D, JAWAHARLAL NEHRU SALAI, MADHAVARAM",Chennai,Private,Multi,PVT HOSPITAL,Pvt,75,25-04-2024,2024,A6,False,True,True,False,False,False,True,False,False,False,False,False,False,False,False,True,False,False,False,True,False,False,False,False,False,False,False,False,False,False,False,False,True,False,False,False,False,False,False,False,13.1363242,80.2157688,Exact Hospital
382,MA,H_26123,"MGM Cancer Institute, Aminijikarai, Chennai, TN.","No.119&121 Nelson Manickam Road, Rajeswari St, Rajaram Mehta Nagar, Aminijikarai, Chennai -600029",Chennai,Private,Single,PVT HOSPITAL,Pvt,82,06-01-2025,2025,S1,False,False,False,False,False,False,False,False,False,False,False,False,True,False,False,False,False,False,False,False,False,False,False,False,False,False,False,False,False,False,False,False,True,False,False,False,False,False,False,False,13.0836939,80.270186,Village/Town Center
383,MA,H_26138,"Mgm Healthcare Malar Adyar, Chennai, TN.","OLD NO 52, NEW NO 111, 1ST MAIN ROAD, GANDHI NAGAR, ADYAR, CHENNAI -600020",Chennai,Private,Multi,PVT HOSPITAL,Pvt,83,30-01-2025,2025,A4,False,True,True,False,False,False,False,False,False,False,False,False,False,False,False,True,False,False,False,False,False,False,False,False,False,False,False,False,False,False,False,False,False,False,False,False,False,False,False,False,13.0836939,80.270186,Village/Town Center
384,MA,H_23009,"MGM HOSPITAL, Chennai TN.","New No 72, Old, No 54, Nelson Manickam Rd, Aminjikarai, Chennai",Chennai,Private,Multi,PVT HOSPITAL,Pvt,33,07-11-2019,2019,A1,True,True,True,False,False,False,True,False,True,False,False,False,False,False,False,True,False,False,False,False,False,False,False,False,False,False,True,False,False,False,False,False,False,False,False,True,False,False,False,False,13.0721399,80.2205453,Village/Town Center
387,MA,H_22294,"Murugan Hospital kilpauk, Chennai TN.","264, 125, Kilpauk Garden Road, Kilpauk, Chennai",Chennai,Private,Multi,PVT HOSPITAL,Pvt,8,24-06-2017,2017,A2,False,True,False,False,True,False,False,False,True,True,True,True,False,False,False,True,False,True,False,True,True,True,False,False,True,False,False,False,True,False,False,False,False,False,True,True,True,False,True,True,13.0833684,80.234299,Exact Hospital
389,MA,H_26354,"Nadi Rcm Tolia Dialysis, Madhavaram, Chennai TN.","CP - 15, TRUCK TERMINAL, CMDA, PONNIAMMANMEDU, MADHAVARAM, CHENNAI - 600110.",Chennai,Private,Single,PVT HOSPITAL,Pvt,93,02-01-2026,2026,S2,False,False,False,False,False,False,False,False,False,False,False,False,False,False,False,False,False,False,False,True,False,False,False,False,False,False,False,False,False,False,False,False,False,False,False,False,False,False,False,False,13.0836939,80.270186,Village/Town Center
392,MA,H_25699,"Namar heart hospital, Royapettah, Chennai TN.","no. 16/7, 3rd cross st, 1st main road, Kurinji nagar Perungudi",Chennai ,Private,Single,PVT HOSPITAL,Pvt,60,28-06-2022,2022,,False,False,False,False,False,False,False,False,False,False,False,False,False,False,False,False,False,False,False,False,False,False,False,False,False,False,False,False,False,False,False,False,False,False,False,False,False,False,False,False,13.0352566,80.1750565,Village/Town Center
393,MA,H_26062,"Narayanaa Hospital, Purasaiwakkam, Chennai, TN.",NO 18 TANA STREET PURASAWALKAM CHENNAI 600007,Chennai,Private,Multiple,PVT HOSPITAL,Pvt,79,30-08-2024,2024,A6,False,False,False,False,False,False,False,False,False,False,False,False,False,False,False,False,False,False,False,True,False,False,False,False,False,False,False,False,False,False,False,False,False,False,False,False,False,False,False,False,13.0836939,80.270186,District Center
155,MA,H_26005,"National Centre of Ageing, Chennai TN.","Alandur Rd, 3rd Phase, Guindy Institutional Area, SIDCO Industrial Estate, Guindy, Chennai, Tamil Nadu 600032",Chennai,Medical College Hospital ,Multi,Govt-DME,Govt,75,25-04-2024,2024,A1,False,True,True,True,True,True,True,True,True,True,True,True,True,True,True,True,True,True,True,True,True,True,True,True,True,True,True,True,True,False,True,True,True,False,True,True,True,True,True,True,13.0157164,80.2163322,Exact Hospital
395,MA,H_18217,"New Hope Medical Center, Chennai TN.","814, POONAMALLEE HIGH RD, OPPOSITE TO KMC,KILPAUK, CHENNAI, ",Chennai,Private,Multi,PVT HOSPITAL,Pvt,4,12-04-2017,2017,A2,False,False,True,False,False,False,True,False,True,True,True,False,False,False,False,False,False,False,False,False,False,True,False,False,True,False,False,False,False,False,False,False,False,False,True,True,False,False,True,True,13.0836939,80.270186,Village/Town Center
397,MA,H_20113,Nichani Hospital Royapuram Chennai TN.,"10, ARATHOON RD, PUDUMANAIKUPPAM, ROYAPURAM, CHENNAI",Chennai,Private,Multi,PVT HOSPITAL,Pvt,4,12-04-2017,2017,A4,False,False,False,False,False,False,False,False,True,True,False,False,False,False,False,False,False,False,False,True,False,True,False,False,True,False,False,False,False,False,False,False,False,False,False,False,False,False,True,False,13.111251,80.2940284,Exact Hospital
402,MA,H_18633,"Noble Hospital,Chennai TN.","4, AUDIAPPA MUDALI STREET, OPP. LADY M.CT.M.SCHOOL, PURASAWAKKAM, PURASAIWAKKAM, CHENNAI,",Chennai,Private,Multi,PVT HOSPITAL,Pvt,5,19-04-2017,2017,A2,True,False,False,False,True,False,False,False,True,True,True,True,False,False,False,False,False,True,False,True,True,True,False,False,True,False,False,False,True,False,False,False,False,False,True,True,True,False,False,True,13.0821536,80.253244,Exact Hospital
408,MA,H_26191,"P.S.Rathanchand Manoharmalkothi DialCtr,Chennai,TN","OLD NO -61,NEW NO-34, KUMMALAMMAN KOILSTREET ,TONDAIRPET CHENNAI-600081 ",Chennai,Private,Single,PVT HOSPITAL,Pvt,87,28-05-2025,2025,S2,False,False,False,False,False,False,False,False,False,False,False,False,False,False,False,False,False,False,False,True,False,False,False,False,False,False,False,False,False,False,False,False,False,False,False,False,False,False,False,False,13.0836939,80.270186,District Center
1652,MA,H_25709,"PADI UCHC-TANKER DIALYSIS UNIT, Chennai TN.","NO 5 CHURCH STREET, MATHIYAZHAGAN NAGAR TMP NAGAR PADI CHENNAI 600050",Chennai,CHC,Multi,Govt-MTM,Govt,61,25-07-2022,2022,A1,False,False,False,False,False,False,False,False,False,False,False,False,False,False,False,False,False,False,False,False,True,False,False,False,False,False,False,False,False,False,False,False,False,False,True,False,False,False,False,False,13.0836939,80.270186,District Center
2130,MA,H_25709 ,"PADI UCHC-TANKER DIALYSIS UNIT, Chennai TN.",,Chennai,CHC,Multi,Govt-MTM,Govt,61,25-07-2022,2022,,False,False,False,False,False,False,False,False,False,False,False,False,False,False,False,False,False,False,False,False,False,False,False,False,False,False,False,False,False,False,False,False,False,False,False,False,False,False,False,False,13.0836939,80.270186,District Center
411,MA,H_18237,"Pavithra Hospitals Pvt Ltd, Chennai TN.","NO 7, ETHIRAJ SWAMY SALAI, ERUKKANCHERI, CHENNAI, ",Chennai,Private,Multi,PVT HOSPITAL,Pvt,5,19-04-2017,2017,A6,False,False,False,False,False,False,False,False,False,False,False,False,False,False,False,False,False,False,False,True,False,False,False,False,False,False,False,False,False,False,False,False,False,False,False,False,False,False,False,False,13.1260907,80.2488406,Exact Hospital
413,MA,H_23542,"Pon Malligai Hospital, Adambakkam, Chennai TN.","NO.1 KAKKAN NAGAR, 1ST MAIN ROAD, ADAMBAKKAM, CHENNAI - 600088.",Chennai,Private,Multi,PVT HOSPITAL,Pvt,54,22-10-2021,2021,A6,False,False,False,False,False,False,False,False,True,False,False,False,False,False,False,False,False,False,False,False,False,False,False,False,False,False,False,False,False,False,False,False,False,False,False,False,False,False,False,False,13.0836939,80.270186,Village/Town Center
417,MA,H_20715,Prashanth Hospital Velachery Chennai TN.,"NO.36 & 36A, VELACHERY MAIN ROAD, NEAR VIJAYA NAGAR BUS STAND, OPPOSITE SUTHERLAND GLOBAL SERVICES, VELACHERY, CHENNAI,",Chennai,Private,Multi,PVT HOSPITAL,Pvt,5,19-04-2017,2017,A1,False,True,True,False,False,False,True,False,True,True,True,False,False,False,False,True,False,False,False,True,True,True,False,False,True,False,False,False,False,False,False,False,False,True,False,False,False,False,False,True,12.9784544,80.2214698,Exact Hospital
1989,MA,H_19412,"Precision Diagnostics,Vadapalani,Chennai DC.",,Chennai,Private,PVT-STANDALONE,DC PVT-STANDALONE,Pvt,4,12-04-2017,2017,,False,False,False,False,False,False,False,False,False,False,False,False,False,False,False,False,False,False,False,False,False,False,False,False,False,False,False,False,False,False,False,False,False,False,False,False,False,False,False,False,13.0836939,80.270186,District Center
418,MA,H_18630,"Pride Super Specialty Hospital, Chennai, TN.","PULIANTHOPE HIGH ROAD, PATTALAM, PULIANTHOPE, CHENNAI,",Chennai,Private,Multi,PVT HOSPITAL,Pvt,4,12-04-2017,2017,A4,False,True,True,False,False,False,True,False,True,True,True,False,False,False,False,True,False,False,False,True,False,False,False,False,True,False,False,False,False,False,False,False,False,False,True,False,False,False,True,True,13.0836939,80.270186,Village/Town Center
419,MA,H_18214,"Prime Indian Hospitals Pvt Ltd, Chennai TN.","NO. 1051, POONAMALLE HIGH ROAD, AMARAVATHI NAGAR, ARUMBAKKAM, AMARAVATHI NAGAR, ARUMBAKKAM, CHENNAI,",Chennai,Private,Multi,PVT HOSPITAL,Pvt,5,19-04-2017,2017,A3,False,False,False,True,False,False,False,False,True,True,True,True,False,False,False,False,False,False,False,True,True,False,False,False,True,False,False,False,False,False,False,False,False,False,False,False,True,False,False,True,13.0836939,80.270186,Village/Town Center
2142,MA,H_25652,"Primex Healthcare Research Pvt.Ltd,Chennai DC.",,Chennai,Private,PVT-STANDALONE,DC PVT-STANDALONE,Pvt,58,28-04-2022,2022,,False,False,False,False,False,False,False,False,False,False,False,False,False,False,False,False,False,False,False,False,False,False,False,False,False,False,False,False,False,False,False,False,False,False,False,False,False,False,False,False,13.0836939,80.270186,District Center
1993,MA,H_22092,"Pro Scan Diagnostics, Chennai DC.",,Chennai,Private,PVT-STANDALONE,DC PVT-STANDALONE,Pvt,5,19-04-2017,2017,,False,False,False,False,False,False,False,False,False,False,False,False,False,False,False,False,False,False,False,False,False,False,False,False,False,False,False,False,False,False,False,False,False,False,False,False,False,False,False,False,13.0836939,80.270186,District Center
420,MA,H_23682,"Promed Hospital, Kottivakkam, Chennai TN","Plot 1, 1\10A, SH 49, near Shraddha School, Valmiki Nagar, Raja Garden, Kottivakkam",Chennai,Private,Multi,PVT HOSPITAL,Pvt,51,19-08-2021,2021,A3,False,True,True,False,True,False,False,False,True,True,False,False,False,False,False,True,False,False,False,False,True,False,False,True,False,False,False,False,True,False,False,True,False,False,False,False,True,False,False,False,12.9751423,80.2582571,Exact Hospital
421,MA,H_18285,"Public Health And Welfare Society, Chennai TN.","174, OLD NO.114, LAKE VIEW ROAD, WEST MAMBALAM, GOKULAM COLONY, RAMAKRISHNAPURAM, WEST MAMBALAM, CHENNAI,",Chennai,Private,Multi,PVT HOSPITAL,Pvt,1,20-03-2017,2017,A2,False,True,True,False,True,False,True,True,True,True,False,True,False,False,False,True,False,False,True,True,True,False,False,True,True,True,False,True,True,False,False,True,False,False,False,False,True,False,True,True,13.0836939,80.270186,Village/Town Center
424,MA,H_23683,"Radha Rajendran Hospital,Chennai TN.","NO -7-10 vembuli Amman Koil Street , Alandur , Chennai - 600016",Chennai,Private,Multi,PVT HOSPITAL,Pvt,57,23-03-2022,2022,A5,False,False,False,False,False,False,False,False,True,False,False,False,False,False,False,False,False,False,False,True,False,False,False,False,False,False,False,False,False,False,False,False,False,False,False,False,False,False,False,False,13.0836939,80.270186,Village/Town Center
425,MA,H_18304,"Radhatri Nethralaya T Nagar, Chennai TN.","12, HINDI PRACHARA SABHA STREET, T. NAGAR, CHENNAI, ",Chennai,Private,Single,PVT HOSPITAL,Pvt,1,20-03-2017,2017,S2,False,False,False,False,False,False,True,False,False,False,False,False,False,False,False,False,False,False,False,False,False,False,False,True,False,False,False,False,False,False,False,False,False,False,False,False,False,False,False,False,13.0836939,80.270186,Village/Town Center
426,MA,H_24109,"Rainbow Childrens Hospital, Guindy, Chennai TN.","Metro Station, 157, Near, Anna Salai, Little Mount, Guindy, Chennai, Tamil Nadu",Chennai,Private,Single,PVT HOSPITAL,Pvt,53,18-09-2021,2021,S1,False,True,True,False,False,False,True,False,True,False,False,False,False,False,False,False,False,False,True,False,False,False,False,False,False,True,True,True,False,False,False,True,False,False,False,False,False,False,False,False,13.0836939,80.270186,Village/Town Center
429,MA,H_18361,"Rajan Eye Care Vidhyodaya East, Chennai TN.","NO. 5 VIDYODAYA 2 CROSS STREET, T NAGAR, CHENNAI-17",Chennai,Private,Single,PVT HOSPITAL,Pvt,84,26-02-2025,2025,S2,False,False,False,False,False,False,False,False,False,False,False,False,False,False,False,False,False,False,False,False,False,False,False,True,False,False,False,False,False,False,False,False,False,False,False,False,False,False,False,False,13.0378289,80.231836,Village/Town Center
1991,MA,H_21210,"Roentgen Scans World Pvt Ltd, Chennai DC.",,Chennai,Private,PVT-STANDALONE,DC PVT-STANDALONE,Pvt,5,19-04-2017,2017,,False,False,False,False,False,False,False,False,False,False,False,False,False,False,False,False,False,False,False,False,False,False,False,False,False,False,False,False,False,False,False,False,False,False,False,False,False,False,False,False,13.0836939,80.270186,District Center
15,MA,H_18730,"RSRM,Tondiarpet, Chennai TN.","CEMETERY ROAD, ROYAPURAM, ROYAPURAM, CHENNAI, TAMIL NADU 600013",Chennai,MCH- attached institution,Multi,Govt-DME,Govt,1,20-03-2017,2017,A1,False,True,True,True,True,True,True,True,True,True,True,True,True,True,True,True,True,True,True,True,True,True,True,True,True,True,True,True,True,False,True,True,True,False,True,True,True,True,True,True,13.0098474,80.2327816,Village/Town Center
444,MA,H_22682,"S.G Hospital, Chennai TN.","16, Perambur High Rd, Shanthi Nagar, Adhisesha Nagar, Jamalia, Chennai",Chennai,Private,Multi,PVT HOSPITAL,Pvt,21,16-07-2018,2018,A6,False,False,False,False,False,False,False,False,False,False,False,False,False,False,False,False,False,False,False,True,False,False,False,False,False,False,False,False,False,False,False,False,False,False,False,False,False,False,False,False,13.1537616,80.3006482,Exact Hospital
447,MA,H_21990,"Sakthi Hospital, Triplicane, Chennai TN.","175, Big St, Police Quarters, Triplicane, Chennai,",Chennai,Private,Multi,PVT HOSPITAL,Pvt,2,27-03-2017,2017,A3,False,False,False,True,False,False,False,False,True,True,True,False,False,False,False,False,False,False,False,True,True,False,False,False,True,False,False,False,False,False,False,True,False,False,False,False,False,False,False,True,13.0836939,80.270186,Village/Town Center
450,MA,H_18647,"Sampat Nursing Home,Chennai TN.","4, NACHIAPPAN STREET, MYLAPORE, CHENNAI, ",Chennai,Private,Multi,PVT HOSPITAL,Pvt,5,19-04-2017,2017,A2,False,False,False,False,False,False,False,False,True,True,False,False,False,False,False,False,False,False,False,False,False,False,False,False,True,False,False,False,False,False,False,False,False,False,False,True,False,False,False,True,13.0365779,80.2728282,Exact Hospital
580,MA,H_26370,"Saraswathy Multispeciality Hospital, Chennai, TN.","91/A, 92/A, Bazaar Road, Sadasiva Nagar, Near Ram Nagar Bus stop, Madipakkam",Chennai,Private,Multi,PVT HOSPITAL,Pvt,94,19-02-2026,2026,A6,False,False,False,False,False,False,False,False,False,False,False,False,False,False,False,False,False,False,False,True,False,False,False,False,True,False,False,False,False,False,False,False,False,False,False,False,False,False,False,False,13.0836939,80.270186,District Center
1992,MA,H_21819,"Saravana Scans Pvt Ltd, Nandanam, Chennai DC.",,Chennai,Private,PVT-STANDALONE,DC PVT-STANDALONE,Pvt,5,19-04-2017,2017,,False,False,False,False,False,False,False,False,False,False,False,False,False,False,False,False,False,False,False,False,False,False,False,False,False,False,False,False,False,False,False,False,False,False,False,False,False,False,False,False,13.0836939,80.270186,District Center
2143,MA,H_25651,"Scans World Pvt.Ltd,Chennai DC.",,Chennai,Private,PVT-STANDALONE,DC PVT-STANDALONE,Pvt,58,28-04-2022,2022,,False,False,False,False,False,False,False,False,False,False,False,False,False,False,False,False,False,False,False,False,False,False,False,False,False,False,False,False,False,False,False,False,False,False,False,False,False,False,False,False,13.0836939,80.270186,District Center
465,MA,H_18461,"Sen Hospital Perambur,Chennai TN.","NEW NO. 51, OLD NO. 18, BUNDER GARDEN ST, BUNDER GARDEN, PERAMBUR, CHENNAI",Chennai,Private,Multi,PVT HOSPITAL,Pvt,24,08-10-2018,2018,A6,False,True,False,False,True,False,True,True,True,True,False,True,False,False,False,False,False,False,False,True,True,False,False,False,True,False,True,True,False,False,False,False,False,False,False,False,False,False,False,True,13.1121242,80.245022,Village/Town Center
469,MA,H_24458,"Shanmugam Multi Speciality, Chennai TN.",139/71 EAST MADA CHURCH STREET ROYAPURAM CHENNAI 600013,Chennai,Private,Multi,PVT HOSPITAL,Pvt,50,30-07-2021,2021,A4,False,True,False,False,True,False,False,True,True,True,True,True,False,False,False,False,False,False,False,False,False,False,False,False,True,False,False,False,False,False,False,False,False,False,False,True,False,False,False,False,13.0836939,80.270186,District Center
477,MA,H_22030,"SIMS, Vadapalani, Chennai TN.","Metro Station, No.1, Jawaharlal Nehru Rd, next to Vadapalani, Landmark:, Vadapalani, Chennai",Chennai,Private,Multi,PVT HOSPITAL,Pvt,1,20-03-2017,2017,A6,False,True,True,False,False,False,True,False,True,False,True,False,False,False,False,False,False,False,False,True,False,False,False,False,False,False,False,False,False,False,False,True,False,False,False,True,False,False,False,False,13.0502979,80.2118301,Village/Town Center
482,MA,H_18323,"Soorya Hospital Saligramam, Chennai TN.","1, ARUNACHALAM RD, VELAYUTHAM COLONY, SALIGRAMAM, CHENNAI",Chennai,Private,Multi,PVT HOSPITAL,Pvt,4,12-04-2017,2017,A2,False,False,True,False,False,False,True,False,False,False,False,False,False,False,False,True,False,False,False,False,False,False,False,False,False,False,False,False,False,False,False,False,False,False,False,False,False,False,False,False,13.0569892,80.2037301,Village/Town Center
485,MA,H_25965,"Spot Hospital A unit of East West, Chennai TN.","No.36, Dr.Ambedkar Road, Kodambakkam, Chennai- 24",Chennai,Private,Single,PVT HOSPITAL,Pvt,73,07-02-2024,2024,S2,False,False,False,False,False,False,False,False,False,False,False,False,False,False,False,False,False,False,False,False,False,False,False,False,True,False,False,False,False,False,False,False,False,False,False,False,False,False,False,False,13.049207,80.2242829,Village/Town Center
512,MA,H_26064,"Sri Srinivasa Hospital Pvt Ltd, Chennai, TN.","47, RAILWAY STATION ROAD, KODAMBAKKAM, CHENNAI - 600 024",Chennai,Private,Multiple,PVT HOSPITAL,Pvt,79,01-09-2024,2024,A6,False,False,False,False,False,False,False,False,False,False,False,False,False,False,False,False,False,False,False,True,False,False,False,False,False,False,False,False,False,False,False,False,False,False,False,False,False,False,False,False,13.049207,80.2242829,Village/Town Center
513,MA,H_26146,"Sri Sumati Vishal Jain Dialysis Cntr, Chennai, TN.","	No -8 ,Lynwood lane,Mahalingapuram,CHENNAI -600034",Chennai,Private,Single,PVT HOSPITAL,Pvt,85,26-03-2025,2025,S2,False,False,False,False,False,False,False,False,False,False,False,False,False,False,False,False,False,False,False,True,False,False,False,False,False,False,False,False,False,False,False,False,False,False,False,False,False,False,False,False,13.0836939,80.270186,Village/Town Center
2154,MA,H_25947,"Sri Venuz Immunogenetics Lab, Chennai DC.",,Chennai,Private,PVT-STANDALONE,DC PVT-STANDALONE,Pvt,72,17-11-2023,2023,,False,False,False,False,False,False,False,False,False,False,False,False,False,False,False,False,False,False,False,False,False,False,False,False,False,False,False,False,False,False,False,False,False,False,False,False,False,False,False,False,13.0836939,80.270186,District Center
2040,MA,H_22518,"SRTC, DEIC, Chennai TN.",,Chennai,DEIC,DEIC,DEIC,Govt,0,21-02-2018,2018,,False,False,False,False,False,False,False,False,False,False,False,False,False,False,False,False,False,False,False,False,False,False,False,False,False,False,False,False,False,False,False,False,False,False,False,False,False,False,False,False,13.0836939,80.270186,District Center
532,MA,H_26063,"Suman Hospital, Thiruvotriyur, Chennai, TN.",No 40 Sathangadu High Road Kaladipet Thiruvotriyur Chennai-19,Chennai,Private,Multiple,PVT HOSPITAL,Pvt,79,31-08-2024,2024,A6,False,False,False,False,False,False,False,False,True,False,False,False,False,False,False,False,False,False,False,True,False,False,False,False,False,False,False,False,False,False,False,False,False,False,False,False,False,False,False,False,13.0836939,80.270186,District Center
546,MA,H_18645,"Thalessemia Welfare Hospital,Chennai TN.","VHS,RAJIVE GANDHI SALAI,TARAMANI,CHENNAI",Chennai,Private,Single,PVT HOSPITAL,Pvt,1,20-03-2017,2017,S2,False,False,False,False,False,False,False,False,True,False,False,False,False,False,False,False,False,False,False,False,False,False,False,False,False,False,False,False,False,False,False,False,False,False,False,False,False,False,False,False,12.9849067,80.2404069,Village/Town Center
549,MA,H_23689,"The Best Hospital, Kodambakkam, Chennai TN.","Vellala St, Ganga Nagar, Kodambakkam, Chennai, ",Chennai,Private,Multi,PVT HOSPITAL,Pvt,49,07-07-2021,2021,A1,False,False,False,False,True,False,False,False,False,True,True,True,False,False,False,False,False,True,False,True,False,False,False,True,True,True,True,True,True,False,False,False,False,False,True,True,True,False,True,False,13.0535089,80.2195494,Exact Hospital
554,MA,H_23550,"Trinity Acute care,chennai TN.","No. 33, Desikan Road, Mylapore, Chennai, Tamil Nadu - 60000",Chennai,Private,Multi,PVT HOSPITAL,Pvt,53,18-09-2021,2021,A3,False,True,True,False,False,False,True,False,True,False,False,False,False,False,False,True,False,False,False,True,False,False,False,False,False,False,False,False,False,False,False,True,False,False,False,False,False,False,True,False,13.0385614,80.2578597,Exact Hospital
2144,MA,H_25686,"UCHC,Injambakkam,Tanker Fondation,Chennai TN.",,Chennai,CCH,CCH,CCH,Govt,60,28-06-2022,2022,,False,False,False,False,False,False,False,False,False,False,False,False,False,False,False,False,False,False,False,False,False,False,False,False,False,False,False,False,False,False,False,False,False,False,False,False,False,False,False,False,13.0836939,80.270186,District Center
2151,MA,H_25777 ,"Uniscans Pvt ltd, Chennai DC.",,Chennai,Private,PVT-STANDALONE,DC PVT-STANDALONE,Pvt,65,06-01-2023,2023,,False,False,False,False,False,False,False,False,False,False,False,False,False,False,False,False,False,False,False,False,False,False,False,False,False,False,False,False,False,False,False,False,False,False,False,False,False,False,False,False,13.0836939,80.270186,District Center
2152,MA,H_25844 ,"Uniscans Pvt ltd, Tondiarpet, Chennai DC.",,Chennai,Private,PVT-STANDALONE,DC PVT-STANDALONE,Pvt,68,02-05-2023,2023,,False,False,False,False,False,False,False,False,False,False,False,False,False,False,False,False,False,False,False,False,False,False,False,False,False,False,False,False,False,False,False,False,False,False,False,False,False,False,False,False,13.0836939,80.270186,District Center
564,MA,H_22750,"Venkataeswara Hospital, Nandhanam, Chennai TN.","36 - A, Pasumpon Muthuramalinga Thevar Rd, Nandanam Extension, Nandanam, Chennai",Chennai,Private,Multi,PVT HOSPITAL,Pvt,26,06-12-2018,2018,A5,False,True,True,False,False,False,False,False,False,False,False,False,False,False,False,True,False,False,False,False,False,False,False,False,True,False,False,False,False,False,False,False,False,False,False,False,False,False,False,False,13.0317092,80.2411957,Village/Town Center
568,MA,H_18626,"Vijaya Hospital,Chennai TN.","NO.434, N.S.K.SALAI, VADAPALANI, CHENNAI",Chennai,Private,Multi,PVT HOSPITAL,Pvt,4,12-04-2017,2017,A1,False,True,True,True,True,True,True,True,True,True,True,True,False,False,True,True,True,True,True,True,True,True,True,True,True,True,True,True,True,False,False,True,True,True,True,True,True,True,True,True,13.038873,80.192755,Exact Hospital
575,MA,H_20055,VOLUNTARY HEALTH SERVICES THARAMANI CHENNAI TN.,"NO 1, RAJIV GANDHI SALAI, THARAMANI, CHENNAI ",Chennai,Private,Multi,PVT HOSPITAL,Pvt,1,20-03-2017,2017,A2,False,False,False,False,False,False,False,False,True,True,True,False,False,False,False,False,False,True,False,True,False,True,False,False,True,False,False,False,False,False,False,False,False,False,True,False,True,False,False,True,12.9851573,80.2409748,Village/Town Center
576,MA,H_18339,"VS Hospitals India Pvt Ltd, Chennai TN."," 13, E SPUR TANK RD, MUKTA GARDENS, CHETPET, CHENNAI",Chennai,Private,Single,PVT HOSPITAL,Pvt,5,19-04-2017,2017,S1,False,False,False,False,False,False,False,False,False,False,False,False,False,False,False,False,False,True,False,False,False,False,False,False,False,False,False,False,False,False,False,False,True,False,False,False,True,False,False,False,13.0717448,80.2437973,Village/Town Center
577,MA,H_18424,"Xcellent Care Super Speciality,Chennai TN.","7TH CROSS STREET, RAJALAKSHMI NAGAR, 100 FEET VELACHERY BYE PASS ROAD, VELACHERY, CHENNAI",Chennai,Private,Multi,PVT HOSPITAL,Pvt,5,19-04-2017,2017,A3,False,False,False,False,False,False,True,False,False,True,True,False,False,False,False,False,False,False,False,False,False,True,False,False,True,False,False,False,False,False,False,False,False,False,False,False,False,False,False,True,12.9801655,80.2228506,Village/Town Center
1204,HITPA,H_19736,"A R Ortho Hospital Pollachi, Coimbatore, TN.","42/1,NEW SCHEME ROAD,POLLACHI.",Coimbatore,PVT,Single,PVT HOSPITAL,PVT,5,19-04-2017,2017,S1,False,False,False,False,False,False,True,False,False,False,False,False,False,False,False,False,False,False,False,False,False,False,False,False,True,False,False,False,False,False,False,False,False,False,False,True,False,False,False,True,11.014417,76.9825779,Village/Town Center
1205,HITPA,H_18248,"Abinand Hospital,Coimbatore TN.","237-F POLLACHI MAIN ROAD SUNDRARPURAM, COIMBATORE - 641024",Coimbatore,PVT,Multi,PVT HOSPITAL,PVT,5,19-04-2017,2017,A3,False,True,False,False,True,False,True,True,True,True,True,True,True,False,False,False,True,False,False,True,True,False,False,True,True,False,False,True,True,False,False,True,False,False,True,False,True,True,True,True,10.9542835,76.9730864,Exact Hospital
2229,HITPA,H_24853,"Agaram Diagnostics, Coimbatore DC.",,Coimbatore,Private,Multi,DC PVT-STANDALONE,Pvt,53,18-09-2021,2021,,False,False,False,False,False,False,False,False,False,False,False,False,False,False,False,False,False,False,False,False,False,False,False,False,False,False,False,False,False,False,False,False,False,False,False,False,False,False,False,False,11.0018115,76.9628425,District Center
1206,HITPA,H_18918,"Alwa Hospital,Coimbatore,TN.","74-A/2,Meenkarai Road, Ambarampalayam-64210",Coimbatore,PVT,Multi,PVT HOSPITAL,PVT,5,19-04-2017,2017,A3,False,True,False,True,True,False,True,True,True,True,True,True,False,False,True,False,False,True,False,False,True,True,False,True,True,False,True,True,True,False,False,False,False,False,False,True,True,True,True,True,10.6553785,77.0037584,Village/Town Center
1203,HITPA,H_26347,"ANP NURSING HOME, COIMBATORE TN.","8/1, JAYA NAGAR, POOCHIYUR, THONDAMUTHUR (PO),",Coimbatore,Private,Multi,PVT HOSPITAL,Pvt,91,02-10-2025,2025,S2,False,False,False,False,False,False,False,False,False,False,False,False,False,False,False,False,False,False,False,True,False,False,False,False,False,False,False,False,False,False,False,False,False,False,False,False,False,False,False,False,11.0070282,76.8654305,Exact Hospital
1207,HITPA,H_18878,"Arathana Ortho Centre Pollachi,Coimbatore TN.","120, COIMBATORE MAIN ROAD OPP. N.M. PETROL BUNK NEAR HONDA SHOW ROOM POLLACHI",Coimbatore,PVT,Single,PVT HOSPITAL,PVT,5,19-04-2017,2017,S1,False,False,False,False,False,False,True,False,False,False,False,False,False,False,False,False,False,False,False,False,False,False,False,False,True,False,False,False,False,False,False,False,False,False,False,True,False,False,False,True,11.0018115,76.9628425,Village/Town Center
1208,HITPA,H_18562,"Aravind Eye Hospital,Coimbatore TN.","OPP TO PSG ARTS & SCIENCE COLLEGE, CIVIL AERODROME POST , AVINASHI ROAD,",Coimbatore,PVT,Single,PVT HOSPITAL,PVT,1,20-03-2017,2017,S1,False,False,False,False,False,False,True,False,False,False,False,False,False,False,False,False,False,False,False,False,False,False,False,True,False,False,False,False,False,False,False,False,False,False,False,False,False,False,False,False,11.0153158,76.9539881,Exact Hospital
2228,HITPA,H_24852,"Arthi Scans and Labs, Coimbatore DC.",,Coimbatore,Private,Multi,DC PVT-STANDALONE,Pvt,53,18-09-2021,2021,,False,False,False,False,False,False,False,False,False,False,False,False,False,False,False,False,False,False,False,False,False,False,False,False,False,False,False,False,False,False,False,False,False,False,False,False,False,False,False,False,11.0018115,76.9628425,District Center
1209,HITPA,H_18566,"Arthy Hospital,Coimbatore TN.","52, NANJUNDAPURAM ROAD, RAMANATHAPURAM, COIMBATORE-641045",Coimbatore,PVT,Multi,PVT HOSPITAL,PVT,5,19-04-2017,2017,A5,False,True,False,False,False,False,True,False,True,False,False,False,False,False,False,False,False,False,False,True,False,False,False,False,False,False,False,False,False,False,False,False,False,False,False,False,False,False,False,False,11.0018115,76.9628425,District Center
1210,HITPA,H_18958,"Arun Hospital Pollachi,Coimbatore TN.","NO,88,NEW SCHEME ROAD,POLLACHI",Coimbatore,PVT,Multi,PVT HOSPITAL,PVT,5,19-04-2017,2017,A3,False,True,False,True,True,False,True,False,False,True,True,True,False,False,False,True,False,True,False,True,True,True,False,True,True,True,True,True,True,False,False,False,False,False,False,True,True,True,False,True,10.6625657,77.0129734,Exact Hospital
2233,HITPA,H_26016,"ASD Hospital, Pollachi, Coimbatore, TN.",,Coimbatore,PVT,Multi,PVT HOSPITAL,PVT,77,03-06-2024,2024,,False,False,False,False,False,False,False,False,False,False,False,False,False,False,False,False,False,False,False,False,False,False,False,False,False,False,False,False,False,False,False,False,False,False,False,False,False,False,False,False,11.0018115,76.9628425,District Center
1211,HITPA,H_18593,"Ashwin Polyclinic,Coimbatore TN.","No.1, Alamu Nagar, Sathy Main Road, Gandhipuram, Coimbatore",Coimbatore,PVT,Multi,PVT HOSPITAL,PVT,2,27-03-2017,2017,A2,False,True,True,True,True,False,True,True,True,True,True,True,False,True,False,True,True,True,True,True,True,True,False,False,True,True,True,True,True,False,False,True,True,False,False,True,True,True,True,True,11.0182714,76.9677744,Village/Town Center
2225,HITPA,H_23485,"Bioline Lab,Coimbatore DC.",,Coimbatore,Private,Multi,DC PVT-STANDALONE,Pvt,40,06-10-2020,2020,,False,False,False,False,False,False,False,False,False,False,False,False,False,False,False,False,False,False,False,False,False,False,False,False,False,False,False,False,False,False,False,False,False,False,False,False,False,False,False,False,11.0018115,76.9628425,District Center
2223,HITPA,H_23231,Bioline Laboratory Coimbatore DC.,,Coimbatore,Private,Multi,DC PVT-STANDALONE,Pvt,36,19-06-2020,2020,,False,False,False,False,False,False,False,False,False,False,False,False,False,False,False,False,False,False,False,False,False,False,False,False,False,False,False,False,False,False,False,False,False,False,False,False,False,False,False,False,11.0018115,76.9628425,District Center
1212,HITPA,H_22342,"Bragathi Hospital,Siddhapudur,Coimbatore TN.","BRAGATHI HOSPITAL 336,CHINNASWAMY ROAD, NEW SIDDHAPUDUR, COIMBATORE 641044",Coimbatore,PVT,Multi,PVT HOSPITAL,PVT,9,18-07-2017,2017,A6,False,False,False,False,False,False,True,False,True,True,False,False,False,False,False,False,False,False,False,False,False,False,False,False,True,False,False,False,False,False,False,False,False,False,False,False,False,False,False,True,11.0215955,76.9770874,Exact Hospital
1213,HITPA,H_24323,"Cardio Diabetic Centre, Coimbatore TN.","136,sHANMUGAM sTREET,Behind Ibaco,Trichy Road,Ramanathapuram,Coimbatore",Coimbatore,PVT,Single,PVT HOSPITAL,PVT,65,06-01-2023,2023,S2,False,True,False,False,False,False,False,False,False,False,False,False,False,False,False,True,False,False,False,False,False,False,False,False,False,False,False,False,False,False,False,False,False,False,False,False,False,False,False,False,10.9947773,76.99213,Village/Town Center
2212,HITPA,H_22494,"Coimbatore Govt Med. College,DEIC,Coimbatore TN.",,Coimbatore,DEIC,DEIC,DEIC,Govt,0,08-05-2018,2018,,False,False,False,False,False,False,False,False,False,False,False,False,False,False,False,False,False,False,False,False,False,False,False,False,False,False,False,False,False,False,False,False,False,False,False,False,False,False,False,False,11.0018115,76.9628425,District Center
1164,HITPA,H_18519,"Coimbatore Govt Medical College,Coimbatore TN.","COIMBATORE MEDICAL COLLEGE HOSPITAL,TRICHY ROAD,COIMBATORE-18",Coimbatore,GOVT-DME,Multi,GOVT-DME,Govt,1,20-03-2017,2017,A1,False,True,True,True,True,True,True,True,True,True,True,True,True,True,True,True,True,True,True,True,True,True,True,True,True,True,True,True,True,True,True,True,True,True,True,True,True,True,True,True,11.0050923,77.0667504,Village/Town Center
1214,HITPA,H_23252,"CSR Nursing Home, Coimbatore TN.","272,7TH STREET EXTENSION, GANDHIPURAM",Coimbatore,PVT,Multi,PVT HOSPITAL,PVT,37,22-07-2020,2020,A6,False,False,False,False,False,False,False,False,True,True,False,True,False,False,False,False,False,False,False,False,False,False,False,False,True,False,False,False,False,False,False,False,False,False,False,False,False,False,False,False,11.0200479,76.9261341,Village/Town Center
1215,HITPA,H_24428,"D.J Hospital, Coimbatore TN.","604-K, OOTY MAIN ROAD, JOTHIPURAM POST, COIMBATORE-641047.",Coimbatore,PVT,Multi,PVT HOSPITAL,PVT,50,30-07-2021,2021,,False,False,False,False,False,False,False,False,False,False,False,False,False,False,False,False,False,False,False,False,False,False,False,False,False,False,False,False,False,False,False,False,False,False,False,False,False,False,False,False,11.0018115,76.9628425,District Center
1216,HITPA,H_21367,"Deepam Hospital,Coimbatore TN.","687,TRICHY ROAD,RAMANATHAPURAM",Coimbatore,PVT,Multi,PVT HOSPITAL,PVT,8,24-06-2017,2017,A5,False,True,False,False,False,False,True,False,True,True,False,True,False,True,False,True,False,False,False,False,False,False,False,False,True,False,False,False,True,False,False,False,False,False,False,True,True,False,False,False,10.996524,77.0039273,Exact Hospital
2211,HITPA,H_22502,"District Diff. abled welfare office,Coimbatore TN.",,Coimbatore,DDWO,DDWO,DDWO,Govt,15,05-02-2018,2018,,False,False,False,False,False,False,False,False,False,False,False,False,False,False,False,False,False,False,False,False,False,False,False,False,False,False,False,False,False,False,False,False,False,False,False,False,False,False,False,False,11.0018115,76.9628425,District Center
1217,HITPA,H_25687,"Dr Agarwal Healthcare Ltd, Coimbatore TN.","1091, Sakthi Arcade, Mettupalayam Road, RS Puram",Coimbatore,PVT,single,PVT HOSPITAL,PVT,60,28-06-2022,2022,S2,False,False,False,False,False,False,False,False,False,False,False,False,False,False,False,False,False,False,False,False,False,False,False,True,False,False,False,False,False,False,False,False,False,False,False,False,False,False,False,False,11.0024842,76.9562462,Village/Town Center
1218,HITPA,H_22967,"Dr. Dasarathan Memorial Hospital, Coimbatore TN.","3/31,Mettupalayam road, K.Vadamadurai,COIMBATORE-641017",Coimbatore,PVT,Multi,PVT HOSPITAL,PVT,32,06-08-2019,2019,A6,False,False,False,False,False,False,False,False,True,True,False,True,False,False,False,False,False,False,True,False,False,False,False,False,False,False,True,True,False,False,False,False,False,False,False,False,False,False,False,False,11.0018115,76.9628425,District Center
1219,HITPA,H_20022,"Dr.Muthus Hospital, Coimbatore TN.","331/1-TRICHY ROAD, SINGANALLUR",Coimbatore,PVT,Single,PVT HOSPITAL,PVT,5,19-04-2017,2017,S1,False,False,False,False,False,False,True,False,False,False,False,False,False,False,False,False,False,False,False,False,False,False,False,False,True,False,False,False,False,False,False,False,False,False,False,True,False,False,False,True,11.0055605,77.0676212,Village/Town Center
1220,HITPA,H_23562,"Dr.Muthus Hospital, Saravanampatti,Coimbatore TN.","No .291 ,Sathy main road ,Saravanampatti,COIMBATORE ",Coimbatore,PVT,Multi,PVT HOSPITAL,PVT,54,22-10-2021,2021,A3,False,True,False,False,False,True,False,True,True,True,False,True,False,False,False,True,False,False,False,False,True,True,False,False,True,False,False,True,False,False,False,False,False,False,False,True,False,False,False,False,11.0747296,77.0027116,Village/Town Center
1221,HITPA,H_24378 ,"FIMS Hospital, Coimbatore TN.","NO.193/145, POLLACHI MAIN ROAD, SUNDARAPURAM, COIMBATORE-641024.",Coimbatore,PVT,Multi,PVT HOSPITAL,PVT,59,31-05-2022,2022,A4,False,False,False,False,False,False,False,False,True,True,True,True,False,False,False,False,False,True,False,True,True,True,False,False,True,False,False,True,False,False,False,False,False,False,False,False,False,False,False,True,10.9579089,76.9724703,Exact Hospital
1222,HITPA,H_25998,"Four Square Med Centre and Hosp PLtd,CoimbatoreTN.","11.SATHYAMOORTHI ROAD, OPPOSITE TO AYYAPPAN POOJA SANGAM, RAM NAGAR, COIMBATORE - 641 009",Coimbatore,PVT,Single,PVT HOSPITAL,PVT,75,25-04-2024,2024,A6,False,False,False,False,False,False,False,False,False,False,False,False,False,False,False,False,False,False,False,True,False,False,False,False,False,False,False,False,False,False,False,False,False,False,False,False,False,False,False,False,11.0136544,76.9628953,Village/Town Center
1223,HITPA,H_18606,"G.Kuppuswamy Naidu Memorial Hosp,Coimbatore TN.","POST BOX NO:6327, NETHAJI ROAD, PAPPANAICKENPALAYAM, COIMBATORE-641037",Coimbatore,PVT,Multi,PVT HOSPITAL,PVT,4,12-04-2017,2017,A1+10%,False,True,True,False,False,False,True,False,False,False,False,False,True,False,False,True,True,True,False,False,False,False,False,False,False,False,False,False,False,False,False,False,True,False,False,False,False,False,False,False,11.0118363,76.9806009,Exact Hospital
1224,HITPA,H_18601,"Ganga Medical Center and Hospital,Coimbatore TN.","NO.313, METTUPALAYAM ROAD, COIMBATORE, TAMIL NADU 641 043",Coimbatore,PVT,Multi,PVT HOSPITAL,PVT,2,27-03-2017,2017,A1,False,False,False,False,False,False,True,False,False,False,False,False,False,False,False,False,False,False,False,False,False,True,False,False,True,False,False,False,True,False,False,False,False,False,False,True,False,False,False,True,11.0018115,76.9628425,Village/Town Center
1225,HITPA,H_24501,"Ganga Women And Child Care Centre, CoimbatoreTN.","GANGA URO, NEPHRO, WOMEN AND CHILD CARE CENTRE UNIT OF GANGA MEDICAL CENTRE AND HOSPITALS PRIVATE LI",Coimbatore,PVT,Multi,PVT HOSPITAL,PVT,51,19-08-2021,2021,,False,False,False,False,False,False,False,False,False,False,False,False,False,False,False,False,False,False,False,False,False,False,False,False,False,False,False,False,False,False,False,False,False,False,False,False,False,False,False,False,11.0018115,76.9628425,District Center
1226,HITPA,H_18591,"Gem Hospital And Research Center,Coimbatore TN.","45A,Pankaja Mill Road , Ramanathapuram, Coimbatore - 641045",Coimbatore,PVT,Multi,PVT HOSPITAL,PVT,4,12-04-2017,2017,A2,True,False,False,False,False,False,True,True,False,False,True,True,False,False,False,False,False,True,False,True,False,False,False,False,False,False,False,False,False,False,False,False,True,False,False,False,True,True,False,False,11.0018115,76.9628425,Village/Town Center
2213,HITPA,H_22571,"Global Occupational Therapy,Autism,Coimbatore TN.",,Coimbatore,Private,Multi,PVT AUTISM,Pvt,16,18-04-2018,2018,,False,False,False,False,False,False,False,False,False,False,False,False,False,False,False,False,False,False,False,False,False,False,False,False,False,False,False,False,False,False,False,False,False,False,False,False,False,False,False,False,11.0018115,76.9628425,District Center
1408,HITPA,H_24594 ,"Govt Dhaliyur UPHC, Coimbatore TN.","Govt.Primary Health Centre,Dhaliyur,Coimbatore",Coimbatore,UPHC,Multi,Govt-MTM,Govt,51,19-08-2021,2021,A1,False,False,False,False,False,False,False,False,True,False,False,False,False,False,False,False,False,False,False,True,False,False,False,False,False,False,False,False,False,False,False,False,False,True,False,False,False,False,False,False,11.0092518,76.8484612,Village/Town Center
1401,HITPA,H_24716,"Govt Ganapathy North Zone UPHC, Coimbatore TN.","Upgraded Primary Health Centre, Shakthi nagar, Trichy road, Pongalur, Palladam, Tirupur - 641667",Coimbatore,UPHC,Multi,Govt-MTM,Govt,51,19-08-2021,2021,A1,False,False,False,False,False,False,False,False,False,False,False,False,False,False,False,False,False,False,False,True,False,False,False,False,False,False,False,False,False,False,False,False,False,True,False,False,False,False,False,False,11.0880071,77.3469948,Village/Town Center
1166,HITPA,H_20926,"Govt hospital Annur,Coimbatore TN.","154,kovai road,annur",Coimbatore,GOVT-DMS,Multi,GOVT-DMS,Govt,2,27-03-2017,2017,A1,False,True,True,True,True,True,True,True,True,True,True,True,True,True,True,True,True,True,True,True,True,True,True,True,True,True,True,True,True,True,True,True,True,True,True,True,True,True,True,True,11.2325,77.102249,Exact Hospital
1167,HITPA,H_18885,"Govt hospital Mettupalayam,Coimbatore TN.",OOTY MAIN ROAD METTUPALAYAM,Coimbatore,GOVT-DMS,Multi,GOVT-DMS,Govt,1,20-03-2017,2017,A1,False,True,True,True,True,True,True,True,True,True,True,True,True,True,True,True,True,True,True,True,True,True,True,True,True,True,True,True,True,True,True,True,True,True,True,True,True,True,True,True,11.2891427,76.9409612,Exact Hospital
1392,HITPA,H_24444,"Govt Hospital, Anaikatti, Coimbatore TN.","Govt Hospital, Anaikatti, Coimbatore",Coimbatore,GOVT PHC,Multi,Govt - PHC,Govt,50,30-07-2021,2021,A1,False,True,True,True,True,True,True,True,True,True,True,True,True,True,True,True,True,True,True,True,True,True,True,True,True,True,True,True,True,False,True,True,True,False,True,True,True,True,True,True,11.1161249,76.7480411,Village/Town Center
1168,HITPA,H_24441,"Govt Hospital, Valparai, Coimbatore TN.","Govt Hospital, Co operative colony,Valparai, Coimbatore",Coimbatore,GOVT-DMS,Multi,GOVT-DMS,Govt,50,30-07-2021,2021,A1,False,True,True,True,True,True,True,True,True,True,True,True,True,True,True,True,True,True,True,True,True,True,True,True,True,True,True,True,True,True,True,True,True,True,True,True,True,True,True,True,10.329979,76.957798,Exact Hospital
1410,HITPA,H_24597,"Govt Kanjampatti UPHC,PollachiSouth Coimbatore TN.","Govt.Primary Health Centre,Kanjampatti,Coimbatore",Coimbatore,UPHC,Multi,Govt-MTM,Govt,51,19-08-2021,2021,A1,False,False,False,False,False,False,False,False,True,False,False,False,False,False,False,False,False,False,False,True,False,False,False,False,False,False,False,False,False,False,False,False,False,True,False,False,False,False,False,False,10.6222676,77.0738153,Village/Town Center
1406,HITPA,H_24592,"Govt Karamadai UPHC, Coimbatore TN.","Govt. Primary Health Centre,Karamadai,Coimbatore",Coimbatore,UPHC,Multi,Govt-MTM,Govt,51,19-08-2021,2021,A1,False,False,False,False,False,False,False,False,True,False,False,False,False,False,False,False,False,False,False,True,False,False,False,False,False,False,False,False,False,False,False,False,False,True,False,False,False,False,False,False,11.2393183,76.9600768,Village/Town Center
1402,HITPA,H_24647,"Govt Kuniyamuthur South Zone UPHC, Coimbatore TN.","Upgraded Primary Health Centre, Erisanampatti, Aanaimalai road, Udumalapet, Tirupur - 642207",Coimbatore,UPHC,Multi,Govt-MTM,Govt,51,19-08-2021,2021,A1,False,False,False,False,False,False,False,False,False,False,False,False,False,False,False,False,False,False,False,True,False,False,False,False,False,False,False,False,False,False,False,False,False,True,False,False,False,False,False,False,11.0880071,77.3469948,Village/Town Center
1416,HITPA,H_25020,"Govt Madukkarai UPHC,Arisipalayam,Coimbatore TN.","Velanthavalam Road, Arisipalaya, Coimbatore",Coimbatore,UPHC,Multi,Govt-MTM,Govt,55,12-11-2021,2021,A1,False,False,False,False,False,False,False,False,True,False,False,False,False,False,False,False,False,False,False,True,False,False,False,False,False,False,False,False,False,False,False,False,False,True,False,False,False,False,False,False,11.0018115,76.9628425,District Center
1407,HITPA,H_24593,"Govt Nallatipalayam UPHC, Coimbatore TN.","Govt.Primary Health Centre,Nallattipalayam,Kinathukadavu,Coimbatore",Coimbatore,UPHC,Multi,Govt-MTM,Govt,51,19-08-2021,2021,A1,False,False,False,False,False,False,False,False,True,False,False,False,False,False,False,False,False,False,False,True,False,False,False,False,False,False,False,False,False,False,False,False,False,True,False,False,False,False,False,False,10.8284322,77.0254459,Village/Town Center
1409,HITPA,H_24595 ,"Govt Negamam UPHC, Pollachi North Coimbatore TN.","Govt.Primary Health Centre,Negamam ,Coimbatore",Coimbatore,UPHC,Multi,Govt-MTM,Govt,51,19-08-2021,2021,A1,False,False,False,False,False,False,False,False,True,False,False,False,False,False,False,False,False,False,False,True,False,False,False,False,False,False,False,False,False,False,False,False,False,True,False,False,False,False,False,False,10.7470722,77.1008245,Village/Town Center
1404,HITPA,H_24588,"Govt Periapodhu UPHC, Anaimalai, Coimbatore TN.","Govt.Primary Health Centre,Anaimalai,Pollachi,Coimbatore",Coimbatore,UPHC,Multi,Govt-MTM,Govt,51,19-08-2021,2021,A1,False,False,False,False,False,False,False,False,True,False,False,False,False,False,False,False,False,False,False,True,False,False,False,False,False,False,False,False,False,False,False,False,False,True,False,False,False,False,False,False,10.6588234,77.00873,Village/Town Center
1405,HITPA,H_24591,"Govt Pogalur UPHC, Annur, Coimbatore TN.","Govt.Primary Health Centre,Annur,Coimbatore",Coimbatore,UPHC,Multi,Govt-MTM,Govt,51,19-08-2021,2021,A1,False,False,False,False,False,False,False,False,True,False,False,False,False,False,False,False,False,False,False,True,False,False,False,False,False,False,False,False,False,False,False,False,False,True,False,False,False,False,False,False,11.2329709,77.103523,Village/Town Center
1413,HITPA, H_24649,"Govt Pooluvapatti UPHC, Coimbatore TN.","Govt.Block Primary Health Centre,Pooluvapatti,Alandurai,Coimbatore",Coimbatore,UPHC,Multi,Govt-MTM,Govt,51,19-08-2021,2021,A1,False,False,False,False,False,False,False,False,True,False,False,False,False,False,False,False,False,False,False,True,False,False,False,False,False,False,False,False,False,False,False,False,False,True,False,False,False,False,False,False,11.0018115,76.9628425,District Center
1417,HITPA,H_25022 ,"Govt Sarcarsamakulam UPHC,S.S.Kulam,Coimbatore TN.","Counity Health Center,Sarkarsaamakulam",Coimbatore,UPHC,Multi,Govt-MTM,Govt,55,12-11-2021,2021,A1,False,False,False,False,False,False,False,False,True,False,False,False,False,False,False,False,False,False,False,True,False,False,False,False,False,False,False,False,False,False,False,False,False,True,False,False,False,False,False,False,11.0018115,76.9628425,District Center
1403,HITPA,H_24648,"Govt Sowripalayam UPHC, Coimbatore TN.","Upgraded Primary Health Centre, Kunnathur, Uthukuli, Tirupur - 638103",Coimbatore,UPHC,Multi,Govt-MTM,Govt,51,19-08-2021,2021,A1,False,False,False,False,False,False,False,False,True,False,False,False,False,False,False,False,False,False,False,True,False,False,False,False,False,False,False,False,False,False,False,False,False,True,False,False,False,False,False,False,11.127834,77.3415747,Village/Town Center
1411,HITPA,H_24599,"Govt V Chandrapuram UPHC, Coimbatore TN.","Govt.Primary Health Centre,V.Chandrapuram,Sulthanpet BLock,Coimbatore",Coimbatore,UPHC,Multi,Govt-MTM,Govt,51,19-08-2021,2021,A1,False,False,False,False,False,False,False,False,True,False,False,False,False,False,False,False,False,False,False,True,False,False,False,False,False,False,False,False,False,False,False,False,False,True,False,False,False,False,False,False,11.0018115,76.9628425,District Center
1414,HITPA,H_24806,"Govt Vadavalli West Zone UPHC, Coimbatore TN.","Maharani Avenue, Thondamuthur road, Vadavalli,Coimbatore, Tamilnadu",Coimbatore,UPHC,Multi,Govt-MTM,Govt,52,06-09-2021,2021,A1,False,False,False,False,False,False,False,False,False,False,False,False,False,False,False,False,False,False,False,True,False,False,False,False,False,False,False,False,False,False,False,False,False,True,False,False,False,False,False,False,11.0018115,76.9628425,Village/Town Center
1462,HITPA,H_26160 ,"Govt Vadugapalayam, Pollachi UPHC, Coimbatore TN","Pollachi UPHC, Coimbatore ",Coimbatore,UPHC,Multi,Govt-MTM,Govt,85,26-03-2025,2025,A1,False,False,False,False,False,False,False,False,True,False,False,False,False,False,False,False,False,False,False,True,False,False,False,False,False,False,False,False,False,False,False,False,False,False,False,False,False,False,False,False,11.0018115,76.9628425,District Center
1415,HITPA,H_24807,"Govt VVM HOME Central Zone UPHC, Coimbatore TN.","D. No. 309/224, Vysiyal Street,Perur Main Road, Coimbatore South, Coimbatore, Tamil Nadu",Coimbatore,UPHC,Multi,Govt-MTM,Govt,52,06-09-2021,2021,A1,False,False,False,False,False,False,False,False,False,False,False,False,False,False,False,False,False,False,False,True,False,False,False,False,False,False,False,False,False,False,False,False,False,True,False,False,False,False,False,False,11.0018115,76.9628425,Village/Town Center
2221,HITPA,H_23451,"Govt. 105 raf and crpf, Coimbatore TN.",,Coimbatore,GOI,GOI,GOI,Govt,39,17-09-2020,2020,,False,False,False,False,False,False,False,False,False,False,False,False,False,False,False,False,False,False,False,False,False,False,False,False,False,False,False,False,False,False,False,False,False,False,False,False,False,False,False,False,11.0018115,76.9628425,District Center
1169,HITPA,H_22644,"Govt. Hospital, Kinathukadavu, Coimbatore TN.","KINATHUKADAVU GH, KINATHUKADAVU,642109",Coimbatore,GOVT-DMS,Multi,GOVT-DMS,Govt,19,21-06-2018,2018,A1,False,True,True,True,True,True,True,True,True,True,True,True,True,True,True,True,True,True,True,True,True,True,True,True,True,True,True,True,True,True,True,True,True,True,True,True,True,True,True,True,10.82107,77.017406,Exact Hospital
1170,HITPA,H_22643,"Govt. Hospital, Kolarpatti,Pollachi,Coimbatore TN.",Govt. Hospital Kolarpatti pollachi Taluk Coimbatore District,Coimbatore,GOVT-DMS,Multi,GOVT-DMS,Govt,19,21-06-2018,2018,A1,False,True,True,True,True,True,True,True,True,True,True,True,True,True,True,True,True,True,True,True,True,True,True,True,True,True,True,True,True,True,True,True,True,True,True,True,True,True,True,True,11.0018115,76.9628425,District Center
1171,HITPA,H_22707,"Govt. Hospital, Kottur, Coimbatore TN.",KAMARAJAR SALAI MAIN ROAD KOTTUR MALAYANDIPATTINAM,Coimbatore,GOVT-DMS,Multi,GOVT-DMS,Govt,23,05-09-2018,2018,A1,False,True,True,True,True,True,True,True,True,True,True,True,True,True,True,True,True,True,True,True,True,True,True,True,True,True,True,True,True,True,True,True,True,True,True,True,True,True,True,True,10.5400649,76.9828064,Exact Hospital
1172,HITPA,H_22566,"Govt. Hospital, Madukkarai, Coimbatore TN.","Government Hospital, Madukkarai Market, Coimbatore",Coimbatore,GOVT-DMS,Multi,GOVT-DMS,Govt,16,14-03-2018,2018,A1,False,True,True,True,True,True,True,True,True,True,True,True,True,True,True,True,True,True,True,True,True,True,True,True,True,True,True,True,True,True,True,True,True,True,True,True,True,True,True,True,10.9037986,76.9635381,Exact Hospital
1173,HITPA,H_22567,"Govt. Hospital, Sundakkamuthur,Coimbatore TN.","Perur - Kovaipudur Main Road, Govt. Hospital, Sundakkamuthur Coimbatore District",Coimbatore,GOVT-DMS,Multi,GOVT-DMS,Govt,16,14-03-2018,2018,A1,False,True,True,True,True,True,True,True,True,True,True,True,True,True,True,True,True,True,True,True,True,True,True,True,True,True,True,True,True,True,True,True,True,True,True,True,True,True,True,True,10.955943,76.9241781,Exact Hospital
1174,HITPA,H_22569,"Govt. Hospital, Thondamuthur, Coimbatore TN.",NARASEEPURAM ROADTHONDAMUTHUR,Coimbatore,GOVT-DMS,Multi,GOVT-DMS,Govt,16,14-03-2018,2018,A1,False,True,True,True,True,True,True,True,True,True,True,True,True,True,True,True,True,True,True,True,True,True,True,True,True,True,True,True,True,True,True,True,True,True,True,True,True,True,True,True,10.9917607,76.8421063,Exact Hospital
1175,HITPA,H_22713,"Govt. Hospital, Vettaikaranpudur,Coimbatore TN.",SETHUMADAI ROAD VETTAIKARANPUDUR-642129 COIMBATORE DT,Coimbatore,GOVT-DMS,Multi,GOVT-DMS,Govt,14,19-12-2017,2017,A1,False,True,True,True,True,True,True,True,True,True,True,True,True,True,True,True,True,True,True,True,True,True,True,True,True,True,True,True,True,True,True,True,True,True,True,True,True,True,True,True,10.564213,76.9196298,Exact Hospital
1176,HITPA,H_22570,"Govt. Hospital,Periyanaickenpalayam,Coimbatore TN.",GOVERNMENT HOSPITAL PERIYANAICKENPALAYA RAILWAY FEEDER ROAD COIMBATORE-641020,Coimbatore,GOVT-DMS,Multi,GOVT-DMS,Govt,15,05-02-2018,2018,A1,False,True,True,True,True,True,True,True,True,True,True,True,True,True,True,True,True,True,True,True,True,True,True,True,True,True,True,True,True,True,True,True,True,True,True,True,True,True,True,True,11.1520934,76.9465875,Exact Hospital
1177,HITPA,H_22390,"Govt. Hospital,sulur,Coimbatore TN.","TRICHY ROAD,SULUR,COIMBATORE-641402.",Coimbatore,GOVT-DMS,Multi,GOVT-DMS,Govt,11,15-09-2017,2017,A1,False,True,True,True,True,True,True,True,True,True,True,True,True,True,True,True,True,True,True,True,True,True,True,True,True,True,True,True,True,True,True,True,True,True,True,True,True,True,True,True,11.0247544,77.1228621,Exact Hospital
1165,HITPA,H_23249,"Govt.ESI Medical College Hospital, Coimbatore TN.",Govt.ESI Medical College Hospital Coimbatore,Coimbatore,GOVT-DME,Multi,GOVT-DME,Govt,37,22-07-2020,2020,A1,False,True,True,True,True,True,True,True,True,True,True,True,True,True,True,True,True,True,True,True,True,True,True,True,True,True,True,True,True,True,True,True,True,True,True,True,True,True,True,True,11.0018115,76.9628425,District Center
1178,HITPA,H_18474,"Govt.Head Quarters Hospital,Coimbatore TN.","GOVERNMENT DISTRICT HEAD QUARTERS HOSPITAL, UDUMALAI RAOD, POLLACHI",Coimbatore,GOVT-DMS,Multi,GOVT-DMS,Govt,1,20-03-2017,2017,A1,False,True,True,True,True,True,True,True,True,True,True,True,True,True,True,True,True,True,True,True,True,True,True,True,True,True,True,True,True,True,True,True,True,True,True,True,True,True,True,True,11.0018115,76.9628425,District Center
1227,HITPA,H_20922,"Gowtham Hospital, Kuniamuthur, Coimbatore TN.","414/1 PALGHAT MAIN ROAD,KUNIYAMUTHUR COIMBATORE.",Coimbatore,PVT,Multi,PVT HOSPITAL,PVT,14,19-12-2017,2017,A4,False,False,False,False,False,False,True,False,False,True,False,True,False,False,False,False,False,False,False,False,True,False,False,False,True,False,False,False,True,False,False,False,False,False,False,True,False,False,False,False,11.0018115,76.9628425,District Center
1228,HITPA,H_18991,"Hindusthan Hospital,Coimbatore TN.",UDAYAMPALAYAM ROAD SOWRIPALAYAM POST,Coimbatore,PVT,Multi,PVT HOSPITAL,PVT,5,19-04-2017,2017,A4,False,True,True,False,False,False,True,True,True,True,False,True,False,False,True,True,False,True,False,True,True,False,False,False,True,False,False,True,False,False,False,False,False,False,False,True,False,False,False,True,11.019682,76.9947731,Exact Hospital
1229,HITPA,H_24300,"JM Polyclinic, Coimbatore TN.",42 New Scheme road pollachi coimbatore,Coimbatore,PVT,Multi,PVT HOSPITAL,PVT,50,30-07-2021,2021,A6,False,False,False,False,True,False,False,False,True,True,True,False,False,False,False,False,False,False,False,False,False,False,False,True,True,False,False,False,False,False,False,False,False,False,False,False,False,False,False,False,11.0018115,76.9628425,District Center
1230,HITPA,H_18234,"K.G.M.Hospital,Coimbatore TN.","1/1, AVINASHI ROAD CHINNIYAMPALAYAM COIMBATORE",Coimbatore,PVT,Multi,PVT HOSPITAL,PVT,1,20-03-2017,2017,A3,False,True,False,True,False,False,True,True,True,True,True,True,False,False,False,False,False,True,False,True,True,True,False,False,True,False,False,False,False,False,False,True,False,False,False,True,False,True,False,True,11.0018115,76.9628425,Village/Town Center
1231,HITPA,H_18998,"K.R.Health Care,Coimbatore TN.","93F, METTUPALAYAM ROAD, PERIYANAICKENPALAYAM, COIMBATORE",Coimbatore,PVT,Multi,PVT HOSPITAL,PVT,5,19-04-2017,2017,A3,False,True,False,True,True,False,True,True,True,True,True,True,False,False,False,True,False,False,False,True,False,True,False,False,True,False,False,True,True,False,False,False,False,False,False,True,False,False,False,False,11.1524401,76.9444596,Village/Town Center
1232,HITPA,H_18894,"Kalpana Medical Ctr Kavundampalayam,Coimbatore TN.","460/3/B-2 METTUPALAYAM ROAD, KAVUNDAMPALAYAM. OPP TO NITHYA ENCLAVE, COIMBATORE-641030",Coimbatore,PVT,Multi,PVT HOSPITAL,PVT,5,19-04-2017,2017,A4,False,False,False,False,False,False,True,True,True,False,True,True,False,False,False,False,False,False,False,False,True,True,False,False,True,False,False,False,True,False,False,False,False,False,False,True,True,False,True,True,11.0018115,76.9628425,District Center
1296,HITPA,H_18999,"Karpagam Hospital Mandapam,Coimbatore TN.",OTHAKKALMANDAPAM,Coimbatore,PVT-MC,Multi,PVT-MC,PVT,1,20-03-2017,2017,A2,False,True,True,True,True,False,True,False,True,True,True,True,False,False,False,True,False,True,False,True,False,True,False,True,True,True,False,True,False,False,False,False,False,False,False,True,False,True,False,True,11.0018115,76.9628425,District Center
1233,HITPA,H_18538,"KG Hospital,Coimbatore TN.",NO.5 GOVT ARTS COLLEGE ROAD RACE COURSE,Coimbatore,PVT,Multi,PVT HOSPITAL,PVT,5,19-04-2017,2017,A1,False,True,True,False,True,False,True,True,True,True,True,True,False,True,False,True,True,True,True,True,True,True,False,True,True,True,True,True,True,False,False,True,False,False,True,True,True,False,True,True,11.0825506,76.997422,Exact Hospital
1234,HITPA,H_18565,"Kiruba Hospital,Coimbatore TN.",13/82 A&B THADAGAM ROAD VELANDIPALAYAM COIMBATORE,Coimbatore,PVT,Multi,PVT HOSPITAL,PVT,5,19-04-2017,2017,A6,False,False,False,False,False,False,True,False,True,True,False,False,False,False,False,False,False,True,False,False,False,False,False,False,False,False,False,False,False,False,False,False,False,False,False,True,False,False,False,False,11.0335068,76.929457,Exact Hospital
1235,HITPA,H_18559,"KM Hospital,Coimbatore TN.","110/14,PALAKKAD ROAD, POLLACHI-1",Coimbatore,PVT,Multi,PVT HOSPITAL,PVT,5,19-04-2017,2017,A5,False,False,False,False,False,False,True,False,True,False,False,False,False,False,False,False,False,True,False,False,False,False,False,False,False,False,False,False,False,False,False,False,False,False,False,False,False,False,False,False,11.0076829,76.9364354,Exact Hospital
1236,HITPA,H_22667,"KMCH City Centre, Ram Nagar, Coimbatore TN.","18,VIVEKANANDA ROAD, RAM NAGAR",Coimbatore,PVT,Multi,PVT HOSPITAL,PVT,21,16-07-2018,2018,A5,False,True,False,False,False,False,True,False,False,False,False,False,False,False,False,True,False,False,False,False,False,False,False,False,False,False,False,False,False,False,False,False,False,False,False,False,False,False,False,False,11.1009324,77.0270697,Village/Town Center
1237,HITPA,H_23521,"KMCH Kovilampalayam Hospital, Coimbatore, TN.","87F,SATHY ROAD,SARKARSAMAKKULAM,KOVILPALAYAM, COIMBATORE 641107",Coimbatore,PVT,Multi,PVT HOSPITAL,PVT,81,04-12-2024,2024,A6,False,False,False,False,False,False,False,False,True,True,False,True,False,False,False,False,False,False,False,True,True,True,False,False,True,False,False,False,False,False,False,False,False,False,False,False,False,False,False,False,11.0018115,76.9628425,Village/Town Center
1238,HITPA,H_22668,"KMCH Sulur centre, Sulur,Coimbatore TN."," 242b, Trichy Rd, Mathiyalagan Nagar, PKT Nagar, Sulur, Tamil Nadu 641402",Coimbatore,PVT,Multi,PVT HOSPITAL,PVT,21,16-07-2018,2018,A3,False,False,False,False,False,False,True,True,True,True,True,True,False,False,False,False,False,False,False,True,True,True,False,False,True,True,False,True,True,False,False,True,False,False,False,True,True,False,False,True,11.0089639,76.9345375,Village/Town Center
1239,HITPA,H_18550,"Kongunad Hospital,Coimbatore TN.","116,117, 11th street, tatabad, coimbatore",Coimbatore,PVT,Multi,PVT HOSPITAL,PVT,5,19-04-2017,2017,A1,False,True,False,False,False,False,True,True,False,True,True,True,False,False,False,True,False,True,False,True,False,True,False,False,True,True,True,True,True,False,False,True,True,False,False,True,True,True,False,True,11.018058,76.9604883,Exact Hospital
1240,HITPA,H_22572,"Kongunad Kidney Centre, Tatabad,Coimbatore TN.","206, 207, 11th street, Tatabad,",Coimbatore,PVT,Single,PVT HOSPITAL,PVT,15,05-02-2018,2018,S1,False,False,False,False,False,False,True,False,False,False,True,False,False,False,False,False,False,False,False,True,False,False,False,False,False,False,False,False,False,False,False,False,False,False,False,False,False,False,False,False,11.0194943,76.9572601,Village/Town Center
1397,HITPA,H_26363,"KOVAI HEART FOUNDATION PVT LTD, COIMBATORE, TN.","D.NO:9, L & T BY-PASS ROAD, IRUGUR, COIMBATORE.",COIMBATORE,PVT,Multi,PVT HOSPITAL,PVT,93,02-01-2026,2026,A6,False,True,True,False,False,False,False,False,False,True,True,True,False,False,False,True,False,False,False,True,False,False,False,False,True,False,False,False,False,False,False,False,False,False,False,True,False,False,False,False,11.0182228,77.0655208,Village/Town Center
1241,HITPA,H_18603,"Kovai Medical Center and Hospital,Coimbatore TN.","POST BOX.3209, AVINASHI ROAD, COIMBATORE",Coimbatore,PVT,Multi,PVT HOSPITAL,PVT,4,12-04-2017,2017,A1,False,True,True,True,True,True,True,True,True,True,True,True,True,True,False,True,True,True,True,True,True,True,False,True,True,True,True,True,True,False,False,True,True,False,True,True,True,True,True,True,11.0096288,76.9806178,Village/Town Center
2227,HITPA,H_24511,"Kovai TI Lab, Coimbatore DC.",,Coimbatore,Private,Multi,DC PVT-STANDALONE,Pvt,51,19-08-2021,2021,,False,False,False,False,False,False,False,False,False,False,False,False,False,False,False,False,False,False,False,False,False,False,False,False,False,False,False,False,False,False,False,False,False,False,False,False,False,False,False,False,11.0018115,76.9628425,District Center
1242,HITPA,H_24035,"KPS Hospitals Pvt ltd, Metupalayam, Coimbatore TN.","208 Annur Rd, Mettupalayam, Tamil Nadu 641301",Coimbatore,PVT,Single,PVT HOSPITAL,PVT,68,02-05-2023,2023,S2,False,False,False,False,False,False,False,False,False,False,False,False,False,False,False,False,False,False,False,True,False,False,False,False,False,False,False,False,False,False,False,False,False,False,False,False,False,False,False,False,11.3003873,76.9402459,Exact Hospital
1243,HITPA,H_23563,"Kumaran MedicalCentre,Kurumbapalyam,Coimbatore TN.","499/500,SATHY MAIN ROAD,KURUMBAPALAYAM,S S KULAM (PO),COIMBATORE",Coimbatore,PVT,Multi,PVT HOSPITAL,PVT,50,30-07-2021,2021,A3,False,True,True,False,False,False,False,False,False,False,False,False,False,False,False,True,False,False,False,False,False,False,False,False,False,False,False,False,False,False,False,False,False,False,False,False,False,False,False,False,11.0018115,76.9628425,District Center
1244,HITPA,H_18901,"Lotus Eye Care Civil Aerodrome Post,Coimbatore TN.","SF NO 770/12,AVINASHI RAOD,CIVIL AERODROME POST",Coimbatore,PVT,Single,PVT HOSPITAL,PVT,5,19-04-2017,2017,S1,False,False,False,False,False,False,True,False,False,False,False,False,False,False,False,False,False,False,False,False,False,False,False,True,False,False,False,False,False,False,False,False,False,False,False,False,False,False,False,False,11.0018115,76.9628425,District Center
1245,HITPA,H_24429,"M.V. Eye Care Centre, Coimbatore TN.","10, KALIDAS ROAD, RAMNAGAR, COIMBATORE",Coimbatore,PVT,Single,PVT HOSPITAL,PVT,50,30-07-2021,2021,S2,False,False,False,False,False,False,False,False,False,False,False,False,False,False,False,False,False,False,False,False,False,False,False,True,False,False,False,False,False,False,False,False,False,False,False,False,False,False,False,False,11.0128979,76.962954,Exact Hospital
1246,HITPA,H_22723,"Madurai Eye Centre, RS Puram, Coimbatore TN.","137, PERIASAMY ROAD EAST, R S PURAM",Coimbatore,PVT,Single,PVT HOSPITAL,PVT,25,26-10-2018,2018,S2,False,False,False,False,False,False,True,False,False,False,False,False,False,False,False,False,False,False,False,False,False,False,False,True,False,False,False,False,False,False,False,False,False,False,False,False,False,False,False,False,11.0018115,76.9628425,District Center
1247,HITPA,H_19623,"Manu Hospital Sungam Byepass Road, Coimbatore TN.","No:01,Paari Nagar, Sungam By-Pass Road, Sungam,Coimbatore-641045.",Coimbatore,PVT,Multi,PVT HOSPITAL,PVT,5,19-04-2017,2017,A3,False,True,False,False,False,False,True,False,True,True,True,False,False,False,False,True,False,False,False,False,True,False,False,True,True,False,False,False,True,False,False,False,False,False,False,True,False,False,True,True,11.0018115,76.9628425,District Center
1248,HITPA,H_21302,"Masonic Medical Centre For Children,Coimbatore TN.","232,RACE COURSE",Coimbatore,PVT,Multi,PVT HOSPITAL,PVT,3,04-04-2017,2017,A5,False,False,False,False,False,False,True,False,True,False,False,False,False,False,False,False,False,False,False,False,False,False,False,False,False,False,False,False,False,False,False,False,False,False,False,False,False,False,False,False,10.9997961,76.9799441,Exact Hospital
1249,HITPA,H_22445,"MCV Memorial ENT Trust Hospital,Coimbatore TN.","115,PALAKAD ROAD,",Coimbatore,PVT,Single,PVT HOSPITAL,PVT,14,19-12-2017,2017,S2,False,False,False,False,True,False,True,False,False,False,False,False,False,False,False,False,False,False,False,False,False,False,False,False,False,False,False,False,False,False,False,False,False,False,False,False,False,False,False,False,10.6627918,76.9995756,Exact Hospital
1250,HITPA,H_24318,"Medwin Hospital, Coimbatore TN.","No. 42 & 43, Kothari Layout, Opposite to Stock Exchange, Trichy Road",Coimbatore,PVT,Multi,PVT HOSPITAL,PVT,62,30-08-2022,2022,A3,False,False,False,False,False,False,False,False,False,True,False,True,False,False,False,False,False,False,False,False,False,False,False,False,True,False,False,False,False,False,False,False,False,False,False,False,False,False,False,True,10.9972946,77.0051728,Exact Hospital
2222,HITPA,H_23224,Microbiological Laboratory Coimbatore DC.,,Coimbatore,Private,Multi,DC PVT-STANDALONE,Pvt,36,19-06-2020,2020,,False,False,False,False,False,False,False,False,False,False,False,False,False,False,False,False,False,False,False,False,False,False,False,False,False,False,False,False,False,False,False,False,False,False,False,False,False,False,False,False,11.0018115,76.9628425,District Center
1251,HITPA,H_24037,"Mowthi Nursing Home Pvt Ltd, Coimbatore TN. ","Address: 19/20 ALAMARAM BUT STOP , Vadavalli, Coimbatore, Tamil Nadu 641041",Coimbatore,PVT,Multi,PVT HOSPITAL,PVT,54,22-10-2021,2021,,False,False,False,False,False,False,False,False,False,False,False,False,False,False,False,False,False,False,False,False,False,False,False,False,False,False,False,False,False,False,False,False,False,False,False,False,False,False,False,False,11.0089639,76.9345375,Village/Town Center
1252,HITPA,H_19001,"N.G Hospital Singanallur,Coimbatore TN.","577, Near singanallur signal, trichy road, coimbatore",Coimbatore,PVT,Multi,PVT HOSPITAL,PVT,5,19-04-2017,2017,A5,False,True,False,False,False,False,True,False,True,True,True,True,False,False,True,True,False,False,False,True,False,False,False,False,True,False,False,True,True,False,False,True,False,False,False,True,False,False,False,True,11.0055605,77.0676212,Village/Town Center
1253,HITPA,H_18198,"N.M.Hospital, Coimbatore TN.","91,92 Rahuman sait colony, Sowripalayam pirivu, Ramanathapuram-45.",Coimbatore,PVT,Multi,PVT HOSPITAL,PVT,5,19-04-2017,2017,A5,False,False,False,False,True,False,True,False,True,True,True,True,False,False,False,False,False,True,False,False,False,False,False,False,True,False,False,True,False,False,False,False,False,False,False,False,False,True,False,False,10.9981109,76.9994702,Exact Hospital
1254,HITPA,H_18993,"Nataraj Medical Care Ctr Madukkarai,Coimbatore TN.",14/11A BAZAAR STREET MADUKKARAI,Coimbatore,PVT,Multi,PVT HOSPITAL,PVT,5,19-04-2017,2017,A6,False,False,False,False,False,False,True,True,True,True,True,True,False,False,False,False,False,True,False,False,False,False,False,False,False,False,False,False,False,False,False,False,False,False,False,False,False,False,False,False,11.0018115,76.9628425,District Center
1255,HITPA,H_20924,"Nehru Urology Centre, Peelamedu, Coimbatore TN.","58/1, 3RD CROSS WEST, BHARATHY COLONY, PEELAMEDU,",Coimbatore,PVT,Single,PVT HOSPITAL,PVT,5,19-04-2017,2017,S1,False,False,False,False,False,False,True,False,False,False,True,False,False,False,False,False,False,False,False,False,False,False,False,False,False,False,False,False,False,False,False,False,False,False,False,False,False,False,False,False,11.0248525,76.9943296,Exact Hospital
1256,HITPA,H_25004,"Nethra Jyothi trust, Coimbatore TN.","NO.55/56, SUBRAMANIAM ROAD,R.S.PURAM (WEST)",Coimbatore,PVT,Single,PVT HOSPITAL,PVT,55,12-11-2021,2021,S2,False,False,False,False,False,False,False,False,False,False,False,False,False,False,False,False,False,False,False,False,False,False,False,False,True,False,False,False,False,False,False,False,False,False,False,False,False,False,False,False,11.0060644,76.954694,Village/Town Center
2232,HITPA,H_25848,"Newbridge centre, Autism, Coimbatore, TN.",,Coimbatore,Private,Multi,PVT AUTISM,Pvt,68,02-05-2023,2023,,False,False,False,False,False,False,False,False,False,False,False,False,False,False,False,False,False,False,False,False,False,False,False,False,False,False,False,False,False,False,False,False,False,False,False,False,False,False,False,False,11.0018115,76.9628425,District Center
1257,HITPA,H_24078,"NRP hospital, sundrapuram, Coimbatore TN.","No 1, LIC Agents Colony, Sundarapuram, Tamil Nadu 641024",Coimbatore,PVT,Multi,PVT HOSPITAL,PVT,51,19-08-2021,2021,A6,False,False,False,False,False,False,False,False,False,True,False,True,False,False,False,False,False,False,False,False,False,False,False,False,True,False,False,False,False,False,False,False,False,False,False,False,False,False,False,False,11.0089639,76.9345375,Village/Town Center
2208,HITPA,H_20017,"Orbito Asia Diagnostics, Coimbatore DC.",,Coimbatore,Private,Multi,DC PVT-STANDALONE,Pvt,5,19-04-2017,2017,,False,False,False,False,False,False,False,False,False,False,False,False,False,False,False,False,False,False,False,False,False,False,False,False,False,False,False,False,False,False,False,False,False,False,False,False,False,False,False,False,11.0018115,76.9628425,District Center
2224,HITPA,H_23265,"Pathogenix Labs, Coimbatore DC.",,Coimbatore,Private,Multi,DC PVT-STANDALONE,Pvt,38,04-08-2020,2020,,False,False,False,False,False,False,False,False,False,False,False,False,False,False,False,False,False,False,False,False,False,False,False,False,False,False,False,False,False,False,False,False,False,False,False,False,False,False,False,False,11.0018115,76.9628425,District Center
1395,HITPA,H_26367,"PERUR SATHALINGA ADIKALAR HOSPITAL AND RESEARCH I, COIMBATORE, TN.","3/177,Mudalipalayam,Kattampatti(Post), SS Kulam(via), Annur(Taluk), Coimbatore-641107",COIMBATORE,PVT,Multi,PVT HOSPITAL,PVT,93,02-01-2026,2026,A6,False,False,False,False,False,False,False,False,False,False,False,False,False,False,False,False,False,False,False,False,False,False,False,False,False,False,False,False,False,False,False,False,False,False,False,False,False,False,False,False,11.0018115,76.9628425,District Center
1396,HITPA,H_26364,"PGS HOSPITAL, COIMBATORE,TN.","271 &1, opposite to jeganadha perumal temple, near womens polytechnic, Siddhapudur, Avarampalayam, C",COIMBATORE,PVT,Multi,PVT HOSPITAL,PVT,93,02-01-2026,2026,A4,False,False,False,False,False,False,False,False,True,False,True,True,False,False,False,False,False,False,False,False,False,False,False,False,True,False,True,True,False,False,False,False,False,False,False,False,False,False,False,False,11.0153485,76.9524368,Exact Hospital
1258,HITPA,H_20020,"Pills Hospital Pollachi, Coimbatore TN.","70/53,BHARATHI ROAD, LIG COLONY-1 MAHALINGAPURAM",Coimbatore,PVT,Multi,PVT HOSPITAL,PVT,5,19-04-2017,2017,A4,False,False,False,False,False,True,True,True,True,True,True,True,False,False,False,False,False,True,False,False,False,False,False,False,False,False,False,True,True,False,False,False,False,False,False,False,False,False,True,False,10.66419,77.010376,Exact Hospital
1259,HITPA,H_23609,"PIMS Hospital, Palakkad TN.","PALAKKAD INSTITUTE OF MEDICAL SCIENCES, OPP DEER FOREST, WALAYAR,PALAKKAD-678624",Coimbatore,PVT,Multi,PVT HOSPITAL,PVT,45,24-02-2021,2021,A6,False,True,False,True,False,False,False,False,True,True,True,True,False,False,False,False,False,False,False,True,True,False,False,False,True,True,False,False,False,False,False,False,False,False,False,False,False,False,False,False,11.0018115,76.9628425,District Center
1260,HITPA,H_22722,"Ponnammal Duraisamy Eye Hospital, Coimbatore TN.","No: 178, Sarojini Street, Ramnagar, Coimbatore 641009.",Coimbatore,PVT,Single,PVT HOSPITAL,PVT,25,26-10-2018,2018,S2,False,False,False,False,False,False,True,False,False,False,False,False,False,False,False,False,False,False,False,False,False,False,False,True,False,False,False,False,False,False,False,False,False,False,False,False,False,False,False,False,11.0018115,76.9628425,Village/Town Center
1261,HITPA,H_25939,"Prabhu Poly Clinic, Coimbatore, TN. ","95, NEW SCHEME ROAD, POLLACHI",Coimbatore,PVT,Multi,PVT HOSPITAL,PVT,72,17-11-2023,2023,A6,False,True,False,False,False,False,False,False,True,True,False,False,False,False,False,True,False,False,False,False,False,False,False,False,False,False,False,False,False,False,False,False,False,False,False,False,False,False,False,False,10.6627285,77.0096353,Exact Hospital
1262,HITPA,H_21133,"Preethi Medical Centre, Coimbatore TN.","258,9th street,Extn,Opp. CSI Church,Gandhipuram,",Coimbatore,PVT,Multi,PVT HOSPITAL,PVT,5,19-04-2017,2017,A4,False,False,False,False,False,False,True,False,True,True,True,True,False,False,False,False,False,False,False,False,True,False,False,False,True,False,False,False,False,False,False,False,False,False,False,True,False,False,False,True,11.0208486,76.9649585,Exact Hospital
1263,HITPA,H_24325,"Prema Hospital, kaniyur, Coimbatore TN.","Karumathampatti,Sulur,Coimbatore",Coimbatore,PVT,Multi,PVT HOSPITAL,PVT,50,30-07-2021,2021,,False,False,False,False,False,False,False,False,False,False,False,False,False,False,False,False,False,False,False,False,False,False,False,False,False,False,False,False,False,False,False,False,False,False,False,False,False,False,False,False,11.1022616,77.169606,Exact Hospital
1297,HITPA,H_18597,"PSG Hospitals,Coimbatore TN.","AVINASHI ROAD, PEELAMEDU, COIMBATORE-641004",Coimbatore,PVT-MC,Multi,PVT-MC,PVT,0,22-05-2021,2021,A1,False,True,True,True,True,True,True,True,True,True,True,True,False,True,False,True,True,True,True,True,True,True,False,True,True,True,True,True,True,False,False,True,True,False,True,True,True,True,True,True,11.0188398,77.0073136,Exact Hospital
1264,HITPA,H_24427,"R S Hospital, Coimbatore TN.","224/6, EAST SAMBANDAM ROAD, RS PURAM,COIMBATORE",Coimbatore,PVT,Single,PVT HOSPITAL,PVT,50,30-07-2021,2021,S2,False,False,False,False,False,False,False,False,False,False,False,False,False,False,False,False,False,False,False,False,False,False,False,False,True,False,False,False,False,False,False,False,False,False,False,False,False,False,False,False,11.0091279,76.954667,Exact Hospital
1265,HITPA,H_24337,"Rajam Medi Centre and Hosp P Ltd, Coimbatore TN.","190/91,pollachi road,Sidco,Coimbatore",Coimbatore,PVT,Multi,PVT HOSPITAL,PVT,51,19-08-2021,2021,A6,False,False,False,False,False,False,False,False,True,True,False,True,False,False,False,False,False,False,False,False,False,False,False,False,False,False,False,False,False,False,False,False,False,False,False,False,False,False,False,False,10.9379091,76.9660872,Village/Town Center
1266,HITPA,H_18560,"Ram Polyclinic,Coimbatore TN.",NO 146/2A NEW SCHEME ROAD POLLACHI,Coimbatore,PVT,Multi,PVT HOSPITAL,PVT,5,19-04-2017,2017,A3,False,True,False,False,True,False,True,True,True,True,True,True,False,False,False,False,False,True,False,False,True,True,False,True,True,False,True,True,True,False,False,False,False,False,False,True,False,True,True,True,11.0018115,76.9628425,District Center
1267,HITPA,H_24903,"RAO Hospital, Coimbatore TN.","120, WEST PERIASAMY ROAD, R. S. PURAM, COIMBATORE",Coimbatore,PVT,Single,PVT HOSPITAL,PVT,54,22-10-2021,2021,S2,False,False,False,False,False,False,False,False,False,False,False,True,False,False,False,False,False,False,False,False,False,False,False,False,False,False,False,False,False,False,False,False,False,False,False,False,False,False,False,False,11.018513,76.9445555,Exact Hospital
1268,HITPA,H_23560,"Reni Kidney Care, Coimbatore TN.",6/3 Bharathi Street (Thirugnanasambandar St),Coimbatore,PVT,Single,PVT HOSPITAL,PVT,41,05-11-2020,2020,S2,False,False,False,False,False,False,False,False,False,False,True,False,False,False,False,False,False,False,False,True,False,False,False,False,False,False,False,False,False,False,False,False,False,False,False,False,False,False,False,False,11.0018115,76.9628425,District Center
1269,HITPA,H_18996,"Rex Ortho Hospital Poomarket,Coimbatore TN.",43-RR LAY OUT BEHIND SHANMUGA THEATRE POO MARKET BUS STOP METTUPALAYAM ROAD COIMBATORE,Coimbatore,PVT,Single,PVT HOSPITAL,PVT,5,19-04-2017,2017,S1,False,False,False,False,False,False,True,False,False,False,False,False,False,False,False,False,False,False,False,False,False,False,False,False,True,False,False,False,False,False,False,False,False,False,False,True,False,False,False,True,11.0018115,76.9628425,District Center
1270,HITPA,H_18989,"Richmond Hospital Trichy Road,Coimbatore TN.",1287 TRICHY ROAD,Coimbatore,PVT,Multi,PVT HOSPITAL,PVT,5,19-04-2017,2017,A3,False,False,False,False,False,False,True,False,False,False,False,False,False,False,False,False,False,False,False,False,True,False,False,False,True,False,False,False,True,False,False,False,False,False,False,True,False,False,False,True,11.0018115,76.9628425,District Center
1271,HITPA,H_23522,"Royal Care Hospital, LandT Road, Coimbatore TN.","1/520, L & T Bye Pass Road,neelambur Coimbatore, Tamil Nadu",Coimbatore,PVT,Multi,PVT HOSPITAL,PVT,49,07-07-2021,2021,A1,False,True,True,True,True,False,False,False,True,True,True,True,False,False,False,False,False,True,False,True,True,True,False,False,True,True,False,True,True,False,False,False,True,False,False,True,True,True,True,True,11.0644299,77.0861309,Village/Town Center
1272,HITPA,H_21520,"Royal Care Super Specialty Hospital,Coimbatore TN.","372F, DR. NANJAPPA ROAD, COIMBATORE",Coimbatore,PVT,Multi,PVT HOSPITAL,PVT,5,19-04-2017,2017,A3,False,True,True,True,True,False,True,True,True,True,False,True,True,False,False,True,True,True,True,True,True,True,False,False,True,True,True,False,True,False,False,True,False,False,False,True,True,False,True,True,11.0159629,76.9680592,Village/Town Center
1273,HITPA,H_18967,"S.P.T Hospital Ramnagar,Coimbatore TN.","50, Vivekananda Road Ram Nagar Coimbatore",Coimbatore,PVT,Multi,PVT HOSPITAL,PVT,4,12-04-2017,2017,A4,False,True,False,False,False,False,True,True,True,True,True,False,False,False,True,False,False,True,False,True,True,True,False,False,True,False,True,False,True,False,False,False,False,False,True,False,False,False,True,True,11.0018115,76.9628425,Village/Town Center
1274,HITPA,H_18927,"Sangeetha Super Specialilty Hosp,Coimbatore TN.","402-H,Palakkad main road Kuniyamuthur,coimbatore.",Coimbatore,PVT,Multi,PVT HOSPITAL,PVT,2,27-03-2017,2017,A3,False,True,False,False,False,False,True,False,True,True,False,True,False,False,False,False,False,False,False,False,False,False,False,False,True,False,False,False,True,False,False,False,False,False,False,False,False,False,False,False,11.0018115,76.9628425,District Center
1275,HITPA,H_22669,"Sathya Medical Center, Coimbatore TN.","58-63,TataBad First street, Sivanandhacolony, coimbatore.",Coimbatore,PVT,Multi,PVT HOSPITAL,PVT,21,16-07-2018,2018,A6,False,True,False,False,True,False,True,False,False,True,False,True,False,False,False,False,False,True,False,False,False,False,False,False,True,False,True,False,False,False,False,False,False,False,False,True,True,True,True,False,11.0018115,76.9628425,District Center
1276,HITPA,H_22744,"Sathyam Kidney Care Centre, Coimbatore TN.","No 5/621 A, Thadagam Road,Near KNG Pudur Pirivu, Coimbatore - 641108,",Coimbatore,PVT,Single,PVT HOSPITAL,PVT,26,06-12-2018,2018,S2,False,False,False,False,False,False,True,False,False,False,True,False,False,False,False,False,False,False,False,True,False,False,False,False,False,False,False,False,False,False,False,False,False,False,False,False,False,False,False,False,11.053409,76.9170556,Exact Hospital
1277,HITPA,H_21372,"Sathyan Eye Care Hospital and CGF,Coimbatore TN.","77, Om Sakthi Nagar, Sowripalayam Pirivu, Ramanathapuram,Coimbatore",Coimbatore,PVT,Single,PVT HOSPITAL,PVT,5,19-04-2017,2017,S2,False,False,False,False,False,False,True,False,False,False,False,False,False,False,False,False,False,False,False,False,False,False,False,True,False,False,False,False,False,False,False,False,False,False,False,False,False,False,False,False,10.9947773,76.99213,Village/Town Center
1278,HITPA,H_18975,"Shankara Eye Hospital,Coimbatore TN.","16A, SATHY ROAD, SIVANANDHAPURAM, SARAVANAMPATTY COIMBATORE 641035",Coimbatore,PVT,Single,PVT HOSPITAL,PVT,1,20-03-2017,2017,S1,False,False,False,False,False,False,True,False,False,False,False,False,False,False,False,False,False,False,False,False,False,False,False,True,False,False,False,False,False,False,False,False,False,False,False,False,False,False,False,False,11.0749991,77.0025833,Village/Town Center
1279,HITPA,H_20019,"Shree Sivaa Hospital, Coimbatore TN.","61, ATHIPALAYAM PIRIVU, SATHY ROAD,",Coimbatore,PVT,Multi,PVT HOSPITAL,PVT,5,19-04-2017,2017,A4,False,False,False,False,False,False,True,False,True,True,True,True,False,False,False,False,False,False,False,True,True,False,False,False,True,False,False,False,True,False,False,False,False,False,False,True,True,False,False,True,11.0450728,76.9856121,Exact Hospital
1280,HITPA,H_22444,"Shree Vetrivel Hospital,Mettupalayam,CoimbatoreTN.","5/435 opposite to ctc depot,Kovai Main Road,Mettupalayam-641301",Coimbatore,PVT,Single,PVT HOSPITAL,PVT,14,19-12-2017,2017,S2,False,False,False,False,False,False,True,False,False,False,False,False,False,False,False,False,False,False,False,False,False,False,False,False,True,False,False,False,False,False,False,False,False,False,False,False,False,False,False,True,11.0018115,76.9628425,District Center
1281,HITPA,H_22822,"Shri Andavar Eye Care Retina centre,Coimbatore,TN.","NO.4 LIG COLONY, PALLADAM ROAD,POLLACHI -642002 ,COIMBATORE",Coimbatore,PVT,Single,PVT HOSPITAL,PVT,30,20-03-2019,2019,S2,False,False,False,False,False,False,False,False,False,False,False,False,False,False,False,False,False,False,False,False,False,False,False,True,False,False,False,False,False,False,False,False,False,False,False,False,False,False,False,False,10.6588234,77.00873,Village/Town Center
1282,HITPA,H_23573,"SLV Hospital and Cancer Centre, Coimbatore TN.",PARSN 3 RD GATE,Coimbatore,PVT,Multi,PVT HOSPITAL,PVT,42,09-12-2020,2020,A6,False,False,False,False,False,False,False,False,True,True,False,False,False,False,False,False,False,True,False,False,False,False,False,False,False,False,False,False,False,False,False,False,False,False,False,False,False,True,False,False,11.0018115,76.9628425,District Center
1283,HITPA,H_21972,"SMF Hospital,Annur,Coimbatore TN.","15/A,SMF Hospitsl,Opp to police station,Kovai Road,Annur,Coimbatore-641 653.",Coimbatore,PVT,Multi,PVT HOSPITAL,PVT,1,20-03-2017,2017,A6,False,False,False,False,False,False,True,False,True,True,False,False,False,False,False,False,False,False,False,True,False,False,False,False,False,False,False,False,False,False,False,False,False,False,False,False,False,False,False,False,11.2329709,77.103523,Village/Town Center
1412,HITPA, H_24602,"Somanur UPHC, Sulur Coimbatore TN.","Govt.Primary Health Centre,Near Panchayat Office,Somanur,Sulur Block,Coimbatore",Coimbatore,UPHC,Multi,Govt-MTM,Govt,51,19-08-2021,2021,A1,False,False,False,False,False,False,False,False,True,False,False,False,False,False,False,False,False,False,False,True,False,False,False,False,False,False,False,False,False,False,False,False,False,True,False,False,False,False,False,False,11.0018115,76.9628425,District Center
1284,HITPA,H_18994,"Sowmiya Hospital Karamadai,Coimbatore TN.","SOWMIYA HOSPITAL, KANNAR PALAYAM, KARAMADAI, COIMBATORE-641104",Coimbatore,PVT,Multi,PVT HOSPITAL,PVT,5,19-04-2017,2017,A5,False,False,False,False,True,False,True,False,True,True,True,False,False,False,False,False,False,False,False,False,False,False,False,False,False,False,False,False,False,False,False,False,False,False,False,False,False,False,False,False,11.2377363,76.9652218,Exact Hospital
2230,HITPA,H_25591 ,"Spectrum Scans and Diagnostics, Coimbatore DC.",,Coimbatore,Private,Multi,DC PVT-STANDALONE,Pvt,57,23-03-2022,2022,,False,False,False,False,False,False,False,False,False,False,False,False,False,False,False,False,False,False,False,False,False,False,False,False,False,False,False,False,False,False,False,False,False,False,False,False,False,False,False,False,11.0018115,76.9628425,District Center
1285,HITPA,H_18324,"Sree Abirami Hospital, Coimbatore TN.","33, Madukkarai Road, Sundarapuram.",Coimbatore,PVT,Multi,PVT HOSPITAL,PVT,4,12-04-2017,2017,A1,False,True,True,True,False,False,False,True,True,True,True,True,False,False,False,True,False,True,True,True,True,True,False,True,True,True,True,True,True,False,False,False,False,False,False,True,True,True,True,True,10.8726264,76.9572927,Village/Town Center
1286,HITPA,H_18882,"Sri Bala Medical Ctr Ramanathapuram,Coimbatore TN.","901, TRICHY ROAD, RAMANATHAPURAM COIMBATORE",Coimbatore,PVT,Multi,PVT HOSPITAL,PVT,5,19-04-2017,2017,A4,False,True,False,True,True,False,True,True,True,True,True,True,False,False,False,False,False,True,False,True,True,False,False,False,True,False,False,False,False,False,False,True,False,False,False,False,True,True,False,False,11.0050923,77.0667504,Village/Town Center
1287,HITPA,H_18326,"Sri Lakshmi Hospital, Coimbatore TN.","18/121, Mettupalayam Road, Behind Indian Bank, Thudiyalur, Coimbatore",Coimbatore,PVT,Multi,PVT HOSPITAL,PVT,4,12-04-2017,2017,A2,False,True,True,False,True,False,False,True,True,True,True,True,False,True,True,True,True,True,False,True,True,True,False,False,True,True,True,True,True,False,False,True,False,False,True,True,True,True,True,True,11.0782349,76.9409348,Exact Hospital
1288,HITPA,H_18599,"Sri Ramakrishna Hospital,Coimbatore TN.","395,SAROJINI NAIDU ROAD,COIMBATORE-641044",Coimbatore,PVT,Multi,PVT HOSPITAL,PVT,4,12-04-2017,2017,A1+10%,False,True,True,True,True,False,True,False,True,True,True,True,False,True,False,True,True,True,True,True,True,True,False,False,True,True,True,True,True,False,False,True,True,False,False,True,True,True,True,True,11.0236666,76.9765146,Exact Hospital
2226,HITPA,H_24436,"Swastik Diagnostic Centre, Coimbatore DC.",,Coimbatore,Private,Multi,DC PVT-STANDALONE,Pvt,50,30-07-2021,2021,,False,False,False,False,False,False,False,False,False,False,False,False,False,False,False,False,False,False,False,False,False,False,False,False,False,False,False,False,False,False,False,False,False,False,False,False,False,False,False,False,11.0018115,76.9628425,District Center
1289,HITPA,H_19622,"The Eye Foundation RS Puram, Coimbatore TN.","NO.582-A, D.B.ROAD, R.S.PURAM",Coimbatore,PVT,Single,PVT HOSPITAL,PVT,5,19-04-2017,2017,S1,False,False,False,False,False,False,True,False,False,False,False,False,False,False,False,False,False,False,False,False,False,False,False,True,False,False,False,False,False,False,False,False,False,False,False,False,False,False,False,False,11.024259,77.0025808,Village/Town Center
1290,HITPA,H_26054,"Valli Orthopedic and Sports Hospital, Salem, TN.","Site No:154/2D,MEYYANOOR ROAD,SALEM",Coimbatore,PVT,Single,PVT HOSPITAL,PVT,79,28-08-2024,2024,S2,False,False,False,False,False,False,False,False,False,False,False,False,False,False,False,False,False,False,False,False,False,False,False,False,True,False,False,False,False,False,False,False,False,False,False,False,False,False,False,False,11.0018115,76.9628425,District Center
1291,HITPA,H_24430,"Vasan Eye Care, Coimbatore TN.",81/83 TV Swamy road west rspuram,Coimbatore,Private,Single,PVT HOSPITAL,Pvt,88,25-06-2025,2025,S2,False,False,False,False,False,False,False,False,False,False,False,False,False,False,False,False,False,False,False,False,False,False,False,False,False,False,False,False,False,False,False,False,False,False,False,False,False,False,False,False,10.957713,76.9543156,Exact Hospital
1292,HITPA,H_19628,"Vela Hospital Pvt Ltd Singanallur, Coimbatore TN.","KOTHARI MILL LANE,TRICHY ROAD,",Coimbatore,PVT,Multi,PVT HOSPITAL,PVT,5,19-04-2017,2017,A6,False,False,False,False,False,False,False,False,False,False,False,False,False,False,False,False,False,False,False,True,False,False,False,False,False,False,False,False,False,False,False,False,False,False,False,False,False,False,False,False,11.0017873,77.0300545,Exact Hospital
1293,HITPA,H_23250,"VG Hospital, Coimbatore TN.","No 76A, Mettupalayam Road, Thudiyalur Post, Coimbatore.",Coimbatore,PVT,Multi,PVT HOSPITAL,PVT,37,22-07-2020,2020,A6,False,False,False,False,False,False,False,False,True,True,False,True,False,False,False,False,False,False,False,True,False,False,False,False,True,False,False,False,False,False,False,False,False,False,False,False,False,False,False,False,11.0705492,76.9425297,Exact Hospital
1294,HITPA,H_18595,"VGM Hospital,Coimbatore TN.","NO.2100,TRICHY ROAD,RAJALAKSHMI MILLS STOP,COIMBATORE",Coimbatore,PVT,Multi,PVT HOSPITAL,PVT,5,19-04-2017,2017,A2,False,False,False,False,False,False,True,True,False,True,False,False,False,True,False,False,False,True,False,True,False,False,False,False,True,False,False,False,False,False,False,False,False,False,False,False,True,False,False,False,10.9986666,77.0143291,Exact Hospital
2209,HITPA,H_22388,"Vidya Vikasini Opp. school, Autism, Coimbatore TN.",,Coimbatore,Private,Multi,PVT AUTISM,Pvt,10,29-08-2017,2017,,False,False,False,False,False,False,False,False,False,False,False,False,False,False,False,False,False,False,False,False,False,False,False,False,False,False,False,False,False,False,False,False,False,False,False,False,False,False,False,False,11.0018115,76.9628425,District Center
1295,HITPA,H_18404,"Vikram ENT Hospital and Institute, Coimbatore TN.","69,WEST VENKATASAMY ROAD, R.S PURAM COIMBATORE-641002",Coimbatore,PVT,Single,PVT HOSPITAL,PVT,4,12-04-2017,2017,S2,False,False,False,False,True,False,True,False,False,False,False,False,False,False,False,False,False,False,False,False,False,False,False,False,False,False,False,False,False,False,False,False,False,False,False,False,False,False,False,False,11.0018115,76.9628425,District Center
718,Vidal,H_18211,"A G Padmavathys Hospital Pvt Limited,Cuddalore TN.","RS.NO127/1A, VILLIANUR MAIN ROAD, ARUMPARTHAPURAM, PUDUCHERRY",Cuddalore,Private,Multi,PVT HOSPITAL,Pvt,4,12-04-2017,2017,A2,False,True,True,True,True,True,True,False,True,True,False,True,False,False,True,True,True,False,True,True,False,False,False,False,True,True,False,True,False,False,False,False,False,False,True,False,False,False,True,True,11.5202071,79.3396356,District Center
719,Vidal,H_24412,"Abiraami Hospital, Cuddalore TN.",24-ALC Campus Manjakuppam Cuddalore-607001,Cuddalore,Private,Single,PVT HOSPITAL,Pvt,50,30-07-2021,2024,A6,False,False,False,False,False,False,False,False,False,False,False,False,False,False,False,False,False,False,False,False,False,False,False,False,True,False,False,False,False,False,False,False,False,False,False,False,False,False,False,False,11.7559244,79.7617192,Exact Hospital
720,Vidal,H_18387,"Aravind Eye Hospital, Pondicherry TN.","Cuddalore Main Road, Thavalakuppam, Pondicherry",Cuddalore,Private,Single,PVT HOSPITAL,Pvt,5,19-04-2017,2017,S1,False,False,False,False,False,False,False,False,False,False,False,False,False,False,False,False,False,False,False,False,False,False,False,True,False,False,False,False,False,False,False,False,False,False,False,False,False,False,False,False,11.8645974,79.7545235,Village/Town Center
729,Vidal,H_18686,"Arupadaiveedu medical college,Cuddalore TN.","PONDY -CUDDALORE MAIN ROAD 
KIRUMAMBAKKAM
PUDUCHERRY - 607 403",Cuddalore,Private,Multi,PVT HOSPITAL,Pvt,4,12-04-2017,2017,A4,False,True,False,True,False,False,True,True,True,True,True,True,False,False,True,True,False,True,False,True,True,True,False,False,True,False,False,False,False,False,False,True,False,False,False,True,False,False,False,True,11.5202071,79.3396356,District Center
721,Vidal,H_22015,"Chandra Hospital,Cuddalore,TN.","118/835 JUNCTION ROAD,VRIDDHACHALAM",Cuddalore,Private,Multi,PVT HOSPITAL,Pvt,2,27-03-2017,2017,A6,False,False,False,False,False,False,True,False,False,True,False,True,False,False,False,False,False,False,False,False,False,False,False,False,False,False,False,False,False,False,False,False,False,False,False,False,True,False,False,False,11.5202071,79.3396356,District Center
722,Vidal,H_23711,"Cuddalore speciality hospital,Cuddalore TN.","45, BASHYAM STREET MANJAKUPPAM CUDDALORE ",Cuddalore,Private,Multi,PVT HOSPITAL,Pvt,79,28-08-2024,2020,A6,False,True,False,False,False,False,False,False,True,True,True,True,False,False,False,False,False,False,False,True,False,False,False,False,True,False,False,False,True,False,False,True,False,False,False,False,False,False,False,False,11.7426938,79.7503064,Village/Town Center
723,Vidal,H_20054,EAST COAST HOSPITAL PONDICHERRY TN.,"No 1, Paris Nagar,Moolakulam,Puducherry",Cuddalore,Private,Multi,PVT HOSPITAL,Pvt,5,19-04-2017,2017,A5,False,True,True,False,False,False,True,False,True,True,True,True,False,False,True,True,True,True,True,True,True,False,False,False,False,False,False,True,False,False,False,True,False,False,False,False,False,False,True,False,11.5202071,79.3396356,District Center
1886,Vidal,H_22401,"Global Trust Differently Abled,Autism,Cuddalore TN",,Cuddalore,Private,Autism ,PVT AUTISM,Pvt,12,25-09-2017,2017,,False,False,False,False,False,False,False,False,False,False,False,False,False,False,False,False,False,False,False,False,False,False,False,False,False,False,False,False,False,False,False,False,False,False,False,False,False,False,False,False,11.5202071,79.3396356,District Center
697,Vidal,H_25852,"Govt Bhuvanagiri Taluk Hospital , Cuddalore TN.","Govt. Taluk. Hospital,Kacheri pillaiyar koil st,Bhuvanagiri",Cuddalore,Sub-district Hospital,Multi,Govt-DMS,Govt,69,12-05-2023,2023,A1,False,True,True,True,True,True,True,True,True,True,True,True,True,True,True,True,True,True,True,True,True,True,True,True,True,True,True,True,True,False,True,True,True,False,True,True,True,True,True,True,11.5202071,79.3396356,District Center
582,Vidal,H_21148,"Govt Hospital kattumannarkudi,Cuddalore TN.","CHIDAMBARAM MAIN ROAD,UDAIYARKUDI,KATTUMANNARKOIL",Cuddalore,Sub-district Hospital,Multi,Govt-DMS,Govt,1,20-03-2017,2017,A1,False,True,True,True,True,True,True,True,True,True,True,True,True,True,True,True,True,True,True,True,True,True,True,True,True,True,True,True,True,False,True,True,True,False,True,True,True,True,True,True,11.5202071,79.3396356,District Center
583,Vidal,H_21146,"Govt Hospital Kurinjipadi, Cuddalore TN.","S.K.S NAGAR, NEAR BUS STAND,KURINJIPADI",Cuddalore,Sub-district Hospital,Multi,Govt-DMS,Govt,1,20-03-2017,2017,A1,False,True,True,True,True,True,True,True,True,True,True,True,True,True,True,True,True,True,True,True,True,True,True,True,True,True,True,True,True,False,True,True,True,False,True,True,True,True,True,True,11.560854,79.5975832,Exact Hospital
584,Vidal,H_21147,"Govt Hospital Panruti, Cuddalore TN.","KUMBAKONAM ROAD, GOVT HOSPITAL, PANRUTI",Cuddalore,Sub-district Hospital,Multi,Govt-DMS,Govt,1,20-03-2017,2017,A1,False,True,True,True,True,True,True,True,True,True,True,True,True,True,True,True,True,True,True,True,True,True,True,True,True,True,True,True,True,False,True,True,True,False,True,True,True,True,True,True,11.7674836,79.5491037,Exact Hospital
589,Vidal,H_22124,"Govt Hospital Parangipetai,Cuddalore TN.","Kutchery street, cuddalore, Parangipettai,",Cuddalore,Sub-district Hospital,Multi,Govt-DMS,Govt,6,15-05-2017,2017,A1,False,True,True,True,True,True,True,True,True,True,True,True,True,True,True,True,True,True,True,True,True,True,True,True,True,True,True,True,True,False,True,True,True,False,True,True,True,True,True,True,11.4905673,79.7568983,Village/Town Center
585,Vidal,H_21149,"Govt Hospital Tittakudi, Cuddalore TN.","Cuddalore Main Road,Thittakudi",Cuddalore,Sub-district Hospital,Multi,Govt-DMS,Govt,1,20-03-2017,2017,A1,False,True,True,True,True,True,True,True,True,True,True,True,True,True,True,True,True,True,True,True,True,True,True,True,True,True,True,True,True,False,True,True,True,False,True,True,True,True,True,True,11.359096,79.1259986,Exact Hospital
696,Vidal,H_25851,"Govt Veppur Taluk Hospital , Cuddalore TN.","poolambadi road , veppur , Cuddalore district ",Cuddalore,Sub-district Hospital,Multi,Govt-DMS,Govt,69,12-05-2023,2023,A1,False,True,True,True,True,True,True,True,True,True,True,True,True,True,True,True,True,True,True,True,True,True,True,True,True,True,True,True,True,False,True,True,True,False,True,True,True,True,True,True,11.5512914,79.0747811,Village/Town Center
586,Vidal,H_18862,"Govt. Chidambaram Hospital, Cuddalore TN.","SP KOIL STREET,CHIDAMBARAM(TK),CUDDALORE(DT).",Cuddalore,Sub-district Hospital,Multi,Govt-DMS,Govt,1,20-03-2017,2017,A1,False,True,True,True,True,True,True,True,True,True,True,True,True,True,True,True,True,True,True,True,True,True,True,True,True,True,True,True,True,False,True,True,True,False,True,True,True,True,True,True,11.5202071,79.3396356,District Center
587,Vidal,H_18863,"Govt. Virudhachalam Hospital, Cuddalore TN.","Thenkottai veethi, virudhachalam",Cuddalore,Sub-district Hospital,Multi,Govt-DMS,Govt,1,20-03-2017,2017,A1,False,True,True,True,True,True,True,True,True,True,True,True,True,True,True,True,True,True,True,True,True,True,True,True,True,True,True,True,True,False,True,True,True,False,True,True,True,True,True,True,11.5154858,79.3171992,Exact Hospital
1922,Vidal,H_22520,"Govt.DDWO,Cuddalore TN.",,Cuddalore,DDWO,DDWO,DDWO,Govt,0,22-02-2018,2018,,False,False,False,False,False,False,False,False,False,False,False,False,False,False,False,False,False,False,False,False,False,False,False,False,False,False,False,False,False,False,False,False,False,False,False,False,False,False,False,False,11.5202071,79.3396356,District Center
588,Vidal,H_18475,"Govt.Head Quarters Hospital,Cuddalore TN.","Nellikuppam Main Road,Cuddalore",Cuddalore,District Hospital,Multi,Govt-DMS,Govt,1,20-03-2017,2017,A1,False,True,True,True,True,True,True,True,True,True,True,True,True,True,True,True,True,True,True,True,True,True,True,True,True,True,True,True,True,False,True,True,True,False,True,True,True,True,True,True,11.7567213,79.7590497,Exact Hospital
1921,Vidal,H_22479,"Govt.Head Quarters Hospital,DEIC, Cuddalore TN.",,CUDDALORE,DEIC,DEIC,DEIC,Govt,0,14-02-2018,2018,,False,False,False,False,False,False,False,False,False,False,False,False,False,False,False,False,False,False,False,False,False,False,False,False,False,False,False,False,False,False,False,False,False,False,False,False,False,False,False,False,11.5202071,79.3396356,District Center
1666,Vidal,H_24604,"GUPHC, Annagramam, Oraiyur, Cuddalore TN.","Govt Primary Health Centre , Main Road, Annagramam, Panruti, Cuddalore District, Tamil Nadu, 607108",Cuddalore,CHC,Multi,Govt-MTM,Govt,51,19-08-2021,2021,A1,False,False,False,False,False,False,False,False,False,False,False,False,False,False,False,False,False,False,False,False,False,True,False,False,False,False,False,False,False,False,False,False,False,False,True,False,False,False,False,False,11.8069236,79.5142663,Village/Town Center
1667,Vidal,H_24605,"GUPHC, Bhuvanagiri, Krishnapuram, Cuddalore TN. ","GOVT Primary Health Centre,KRISHNAPURAM, BHUVANAGIRI TK, CUDDALORE Tamil Nadu 608704",Cuddalore,CHC,Multi,Govt-MTM,Govt,51,19-08-2021,2021,A1,False,False,False,False,False,False,False,False,False,False,False,False,False,False,False,False,False,False,False,False,False,True,False,False,False,False,False,False,False,False,False,False,False,False,True,False,False,False,False,False,11.5262111,79.7530715,Village/Town Center
1669,Vidal,H_24608,"GUPHC, Kammapuram, Cuddalore TN.","Govt. PHC Kammapuram, Virudhachalam Taluk",Cuddalore,CHC,Multi,Govt-MTM,Govt,51,19-08-2021,2021,A1,False,False,False,False,False,False,False,False,False,False,False,False,False,False,False,False,False,False,False,False,False,True,False,False,False,False,False,False,False,False,False,False,False,False,True,False,False,False,False,False,11.5202071,79.3396356,District Center
1670,Vidal,H_24609,"GUPHC, Kattumannarkoil, Ayangudi, Cuddalore TN","444, jinna street, Ayangudi, Tamil Nadu 608306",Cuddalore,CHC,Multi,Govt-MTM,Govt,51,19-08-2021,2021,A1,False,False,False,False,False,False,False,False,False,False,False,False,False,False,False,False,False,False,False,False,False,True,False,False,False,False,False,False,False,False,False,False,False,False,True,False,False,False,False,False,11.5262111,79.7530715,Village/Town Center
1671,Vidal,H_24611,"GUPHC, Keerapalayam, Orathur, Cuddalore TN.",Govt uphc orathur - 608201,Cuddalore,CHC,Multi,Govt-MTM,Govt,51,19-08-2021,2021,A1,False,False,False,False,False,False,False,False,False,False,False,False,False,False,False,False,False,False,False,False,False,True,False,False,False,False,False,False,False,False,False,False,False,False,True,False,False,False,False,False,11.5202071,79.3396356,District Center
1672,Vidal,H_24613,"GUPHC, Kumaratchi, Cuddalore TN.","Govt.primary health centre,kumaratchi ",Cuddalore,CHC,Multi,Govt-MTM,Govt,51,19-08-2021,2021,A1,False,False,False,False,False,False,False,False,False,False,False,False,False,False,False,False,False,False,False,False,False,True,False,False,False,False,False,False,False,False,False,False,False,False,True,False,False,False,False,False,11.52565,79.389844,Village/Town Center
1673,Vidal,H_24614,"GUPHC, Kurinjipadi, Vadalur, Cuddalore TN.","Govt.CHC, Vadalur, Virudhachalam Main Road, Opp. To Sathiya Ganan Sabai, Vadalur",Cuddalore,CHC,Multi,Govt-MTM,Govt,51,19-08-2021,2021,A1,False,False,False,False,False,False,False,False,False,False,False,False,False,False,False,False,False,False,False,False,False,True,False,False,False,False,False,False,False,False,False,False,False,False,True,False,False,False,False,False,11.5202071,79.3396356,District Center
1674,Vidal,H_24623,"GUPHC, Mangalur, Cuddalore TN. ",GUPHC Mangalur - 606108,Cuddalore,CHC,Multi,Govt-MTM,Govt,51,19-08-2021,2021,A1,False,False,False,False,False,False,False,False,False,False,False,False,False,False,False,False,False,False,False,False,False,True,False,False,False,False,False,False,False,False,False,False,False,False,True,False,False,False,False,False,11.5202071,79.3396356,District Center
1668,Vidal,H_24607,"GUPHC, Naduveerapattu, Cuddalore TN.","Govt.Primary Health centre, Naduveerapattu,  Cuddalore taluk.",Cuddalore,CHC,Multi,Govt-MTM,Govt,51,19-08-2021,2021,A1,False,False,False,False,False,False,False,False,False,False,False,False,False,False,False,False,False,False,False,False,False,True,False,False,False,False,False,False,False,False,False,False,False,False,True,False,False,False,False,False,11.72171,79.626636,Village/Town Center
1675,Vidal,H_24624,"GUPHC, Nallur, Pennadam, Cuddalore TN. ",Govt Upgraded PHC Pennadam - 606105,Cuddalore,CHC,Multi,Govt-MTM,Govt,51,19-08-2021,2021,A1,False,False,False,False,False,False,False,False,False,False,False,False,False,False,False,False,False,False,False,False,False,True,False,False,False,False,False,False,False,False,False,False,False,False,True,False,False,False,False,False,11.5202071,79.3396356,District Center
1676,Vidal,H_24625,"GUPHC, Panruti, Marungur, Cuddalore TN.","Upgraded Primary Health Centre,Marungur Main road, Marungur,Panruti tk",Cuddalore,CHC,Multi,Govt-MTM,Govt,51,19-08-2021,2021,A1,False,False,False,False,False,False,False,False,False,False,False,False,False,False,False,False,False,False,False,False,False,True,False,False,False,False,False,False,False,False,False,False,False,False,True,False,False,False,False,False,11.65543,79.538547,Village/Town Center
1678,Vidal,H_24968,"GUPHC,Karaikadu,Cuddalore,TN.","Govt  upgraded primary health center, Karaikadu, Kannarapettai ",Cuddalore,UGPHC,Multi,Govt-MTM,Govt,55,12-11-2021,2021,A1,False,False,False,False,False,False,False,False,False,False,False,False,False,False,False,False,False,False,False,False,False,True,False,False,False,False,False,False,False,False,False,False,False,False,True,False,False,False,False,False,11.6774253,79.7493057,Village/Town Center
1679,Vidal,H_24969,"GUPHC,Kattumannarkoil,Muttam,Cuddalore,TN.","Govt Upgraded PHC Muttam, Kattumannarkoil Taluk",Cuddalore,CHC/ UGPHC,Multi,Govt-MTM,Govt,55,12-11-2021,2021,A1,False,False,False,False,False,False,False,False,False,False,False,False,False,False,False,False,False,False,False,False,False,True,False,False,False,False,False,False,False,False,False,False,False,False,True,False,False,False,False,False,11.5202071,79.3396356,District Center
1681,Vidal,H_24974,"GUPHC,Kattumannarkoil,Srimushnam,Cuddalore TN.",Govt upgraded primary health centre Srimushnam ,Cuddalore,UGPHC,Multi,Govt-MTM,Govt,55,12-11-2021,2021,A1,False,False,False,False,False,False,False,False,False,False,False,False,False,False,False,False,False,False,False,False,False,True,False,False,False,False,False,False,False,False,False,False,False,False,True,False,False,False,False,False,11.5202071,79.3396356,District Center
1682,Vidal,H_24975,"GUPHC,Kurinjipadi,Theerthanagiri,Cuddalore,TN.","Govt PHC, Theerthanagiri",Cuddalore,UGPHC,Multi,Govt-MTM,Govt,55,12-11-2021,2021,A1,False,False,False,False,False,False,False,False,False,False,False,False,False,False,False,False,False,False,False,False,False,True,False,False,False,False,False,False,False,False,False,False,False,False,True,False,False,False,False,False,11.5202071,79.3396356,District Center
1683,Vidal,H_24976,"GUPHC,Kurinjipadi,Thiruchopuram,Cuddalore TN.","Govt PHC, Sivan Koil Street, Thiruchopuram",Cuddalore,UGPHC,Multi,Govt-MTM,Govt,55,12-11-2021,2021,A1,False,False,False,False,False,False,False,False,False,False,False,False,False,False,False,False,False,False,False,False,False,True,False,False,False,False,False,False,False,False,False,False,False,False,True,False,False,False,False,False,11.3001011,79.5534269,Village/Town Center
1685,Vidal,H_24978,"GUPHC,Mangalur,Tholudar,Cuddalore,TN.","Govt primary health centre, Tholudur, chinnasalem main road - 606303",Cuddalore,UGPHC,Multi,Govt-MTM,Govt,55,12-11-2021,2021,A1,False,False,False,False,False,False,False,False,False,False,False,False,False,False,False,False,False,False,False,False,False,True,False,False,False,False,False,False,False,False,False,False,False,False,True,False,False,False,False,False,11.5202071,79.3396356,District Center
1680,Vidal,H_24973,"GUPHC,Parangipettai,Puduchathiram,Cuddalore,TN.","Govt UPHC PUDUCHATHIRAM, Bhuvanagiri Taluk",Cuddalore,CHC/ UGPHC/ Main PHC,Multi,Govt-MTM,Govt,55,12-11-2021,2021,A1,False,False,False,False,False,False,False,False,False,False,False,False,False,False,False,False,False,False,False,False,False,True,False,False,False,False,False,False,False,False,False,False,False,False,True,False,False,False,False,False,11.5202071,79.3396356,District Center
1684,Vidal,H_24977,"GUPHC,Thiruvandipuram,Cuddalore,TN.","Govt primary health centre Thiruvandhipuram, Cuddalore",Cuddalore,UGPHC,Multi,Govt-MTM,Govt,55,12-11-2021,2021,A1,False,False,False,False,False,False,False,False,False,False,False,False,False,False,False,False,False,False,False,False,False,True,False,False,False,False,False,False,False,False,False,False,False,False,True,False,False,False,False,False,11.5202071,79.3396356,District Center
1677,Vidal,H_24626,"GUPHC,Virudhachalam, Mangalampettai, Cuddalore TN.","Upgraded primary health centre,mangalampettai  ,vridhachalam main road,vridhachalam Tk",Cuddalore,CHC,Multi,Govt-MTM,Govt,51,19-08-2021,2021,A1,False,False,False,False,False,False,False,False,False,False,False,False,False,False,False,False,False,False,False,False,False,True,False,False,False,False,False,False,False,False,False,False,False,False,True,False,False,False,False,False,11.5202071,79.3396356,District Center
730,Vidal,H_19771,"Jipmer Hospital Pondicherry,TN.","Dhanvantri Nagar, Gorimedu, Puducherry,",Cuddalore,Private,Multi,PVT HOSPITAL,Pvt,3,04-04-2017,2017,A4,True,True,True,True,True,True,True,True,True,True,True,True,True,True,True,True,True,True,True,True,True,True,False,True,True,True,True,True,True,True,False,True,True,False,True,True,True,True,True,True,11.8499139,79.7887536,Village/Town Center
1885,Vidal,H_19413,"Krishna Advanced Mri Ct,Nellikuppam,Cuddalore Dc.",,Cuddalore,Private,PVT-STANDALONE,DC PVT-STANDALONE,Pvt,2,27-03-2017,2017,,False,False,False,False,False,False,False,False,False,False,False,False,False,False,False,False,False,False,False,False,False,False,False,False,False,False,False,False,False,False,False,False,False,False,False,False,False,False,False,False,11.5202071,79.3396356,District Center
724,Vidal,H_22096,"Krishna Cancer Institute,Cuddalore,TN."," 76/1, Nellikuppam Main Road, Near Thottapattu EB Sub Station, Thottapattu, Cuddalore",Cuddalore,Private,Single,PVT HOSPITAL,Pvt,5,19-04-2017,2017,S2,False,False,False,False,False,False,True,False,False,False,False,False,False,False,False,False,False,True,False,False,False,False,False,False,False,False,False,False,False,False,False,False,True,False,False,False,False,True,False,False,11.5202071,79.3396356,District Center
725,Vidal,H_18771,"KRISHNA HOSPITAL, Cuddalore TN.","NO, 17-A, HOSPITAL ROAD,CUDDALORE",Cuddalore,Private,Multi,PVT HOSPITAL,Pvt,4,12-04-2017,2017,A2,False,True,True,False,False,False,True,False,True,True,True,True,False,False,True,True,False,True,False,True,False,False,False,False,True,True,True,True,True,False,False,True,False,False,False,True,False,False,True,True,11.7575315,79.7616392,Exact Hospital
731,Vidal,H_18614,"Mahatma Gandhi Medical College,Pondicherry TN.",PONDY CUDDALORE MAIN ROAD PILLAIYARKUPPAM PUDUCHERRY,Cuddalore,Private,Multi,PVT HOSPITAL,Pvt,4,12-04-2017,2017,A4,False,True,True,False,True,True,True,True,True,True,True,True,False,True,True,True,True,True,True,True,True,True,False,True,True,True,True,True,True,False,False,True,False,False,True,True,True,True,True,True,11.5202071,79.3396356,District Center
732,Vidal,H_18801,"MANAKULA VINAYAGAR MEDICAL COLLEGE, PONDICHERRY TN","Kalitheerthalkuppam, Madagadipet, Puducherry",Cuddalore,Private,Multi,PVT HOSPITAL,Pvt,4,12-04-2017,2017,A4,False,True,True,True,True,False,True,True,True,True,True,True,False,True,False,True,False,True,True,True,True,True,False,True,True,True,True,True,True,False,False,True,False,False,True,True,False,True,True,True,11.921586,79.6281968,Hospital in TN
726,Vidal, H_18245,"PIMS, Pondicherry TN."," Kalathumettupathai, Ganapathichettikulam, Village No.20, Kalapet, Puducherry",Cuddalore,Private,Multi,PVT HOSPITAL,Pvt,1,20-03-2017,2017,A4,False,True,True,False,True,False,True,True,True,True,True,True,False,False,False,True,False,True,True,True,True,True,False,True,True,True,True,True,False,False,False,True,False,False,False,True,False,False,True,True,11.5202071,79.3396356,District Center
727,Vidal,H_22028,"Puducherry Cancer Trust and ResCtr,Pondicherry,TN.","M.A.Shanmugam, Sengeni Ammal Square, South River Bank Road,  chunnambar, Thavalakuppam, Puducherry.",Cuddalore,Private,Single,PVT HOSPITAL,Pvt,1,20-03-2017,2017,S1,False,False,False,False,False,False,True,False,False,False,False,False,False,False,False,False,False,True,False,False,False,False,False,False,False,False,False,False,False,False,False,False,True,False,False,False,False,False,False,False,11.8645974,79.7545235,Village/Town Center
581,Vidal,H_18357,"Rajah Muthiah Med Coll And Hospital, Cuddalore TN.","ANNAMALAI UNIVERSITY, ANNAMALAI NAGAR,Chidambaram",Cuddalore,Medical College Hospital ,Multi,Govt-DME,Govt,1,20-03-2017,2017,A1,False,True,True,True,True,True,True,True,True,True,True,True,True,True,True,True,True,True,True,True,True,True,True,True,True,True,True,True,True,False,True,True,True,False,True,True,True,True,True,True,11.3899768,79.7122498,Village/Town Center
733,Vidal,H_21408,"Sri Lakshmi Narayana Institute, Pondicherry TN.","osudu, agaram village, koodapakkam post, villianur commune, pudhucherry.",Cuddalore,Private,Multi,PVT HOSPITAL,Pvt,4,12-04-2017,2017,A6,False,True,False,False,False,False,True,False,True,True,False,True,False,False,True,True,False,False,True,True,False,False,False,False,True,False,False,False,True,False,False,False,False,False,False,False,False,False,False,False,11.5202071,79.3396356,District Center
1071,Vidal,H_26377,"Sri Sai Karthik Hospital, Cuddalore, TN.","40 S P DURAI SAMY NAGAR, Vadakuthu, Neyveli",Cuddalore,Private,Multi,PVT HOSPITAL,Pvt,94,18-02-2026,2026,A6,False,False,False,False,False,False,False,False,True,True,False,False,False,False,False,False,False,False,False,True,False,False,False,False,False,False,False,False,False,False,False,False,False,False,False,False,False,False,False,False,11.5202071,79.3396356,District Center
734,Vidal,H_18802,"SRI VENKATESWARA MEDICAL COLLEGE, PONDICHERRY TN.","No.13-A,Pondy - Villupuram Main Road, Ariyur,Puducherry ",Cuddalore,Private,Multi,PVT HOSPITAL,Pvt,4,12-04-2017,2017,A4,False,True,True,True,True,False,True,False,True,True,True,True,False,False,True,True,False,True,True,True,False,True,False,True,True,True,False,True,True,False,False,True,False,False,False,True,True,True,True,True,11.5202071,79.3396356,District Center
728,Vidal,H_22095,"Subha Anandham Medical Centre,Cuddalore,TN.","11 A/ 3, Hospital Road,Cuddalore ",Cuddalore,Private,Multi,PVT HOSPITAL,Pvt,5,19-04-2017,2017,A6,False,False,False,False,False,False,False,False,True,False,False,False,False,False,False,False,False,False,False,True,False,False,False,False,False,False,False,False,True,False,False,True,False,False,False,False,False,False,False,False,11.3929072,79.7173537,Village/Town Center
1978,Vidal,H_26324,"Uniscans and Labs Pvt Ltd, Cuddalore, DC.",,Cuddalore,Private,Multi,DC PVT-STANDALONE,Pvt,91,30-10-2025,2025,,False,False,False,False,False,False,False,False,False,False,False,False,False,False,False,False,False,False,False,False,False,False,False,False,False,False,False,False,False,False,False,False,False,False,False,False,False,False,False,False,11.5202071,79.3396356,District Center
735,Vidal,H_18346,"Vinayaga Mission Hospital, Pondicherry TN.","KEEZHAKASAKUDIMEDU, KOTTUCHERRY (PO), KARAIKAL , PONDYCHERRY",Cuddalore,Private,Multi,PVT HOSPITAL,Pvt,4,12-04-2017,2017,A4,False,False,False,False,False,False,True,False,True,True,False,True,False,False,True,False,False,False,False,True,False,False,False,False,True,False,False,False,False,False,False,True,False,False,False,False,False,False,False,True,11.5202071,79.3396356,District Center
169,MA,H_26128,"Ammakannu Speciality Hospital, Dharmapuri, TN.
","82-1, SALEM MAIN ROAD, DHARMAPURI",Dharmapuri,Private,Multiple,PVT HOSPITAL,Pvt,82,06-01-2025,2025,A6,False,False,False,False,False,False,False,False,True,True,False,False,False,False,False,False,False,False,False,False,False,False,False,False,False,False,False,False,False,False,False,False,False,False,False,False,False,False,False,False,12.1456131,78.1132217,District Center
211,MA,H_22072,"BGR Hospital,Dharmapurai TN.","2B, RAMALINGAM CHETTI STREET",Dharmapuri,Private,Multi,PVT HOSPITAL,Pvt,4,12-04-2017,2017,A6,False,False,False,False,False,False,True,False,True,True,True,False,False,False,False,False,False,False,False,False,False,False,False,False,False,False,True,False,True,False,False,True,False,False,True,True,True,False,False,False,12.1347988,78.1589864,Village/Town Center
213,MA,H_26188,"Bharathi Speciality Hospital, Dharmapuri, TN.
","165-1B , B AGRAHARAM VILLAGE , PENNAGRAM MAIN ROAD , KONANGIHALLI PANCHAYAT DHARMAPURI , TAMILNADU",Dharmapuri,Private,Multi,PVT HOSPITAL,Pvt,87,28-05-2025,2025,A6,False,False,False,False,False,False,False,False,True,False,False,False,False,False,False,False,False,False,True,True,False,False,False,False,True,True,False,False,False,False,False,False,False,False,False,False,False,False,False,False,12.1456131,78.1132217,District Center
1999,MA,H_20045,"D.N.V.Diagnostics, Dharmapuri DC.",,Dharmapuri,Private,PVT-STANDALONE,DC PVT-STANDALONE,Pvt,5,20-04-2017,2017,,False,False,False,False,False,False,False,False,False,False,False,False,False,False,False,False,False,False,False,False,False,False,False,False,False,False,False,False,False,False,False,False,False,False,False,False,False,False,False,False,12.1456131,78.1132217,District Center
2055,MA,H_20956,"District Diff. abled welfare office,Dharmapuri TN.",,Dharmapuri,DDWO,DDWO,DDWO,Govt,15,18-04-2018,2018,,False,False,False,False,False,False,False,False,False,False,False,False,False,False,False,False,False,False,False,False,False,False,False,False,False,False,False,False,False,False,False,False,False,False,False,False,False,False,False,False,12.1456131,78.1132217,District Center
246,MA,H_18347,"DNV Ortho Care,Dharampuri TN.","72 AB, SALEM MAIN ROAD, near pachamuthu matric higher secondary school",Dharmapuri,Private,Single,PVT HOSPITAL,Pvt,4,12-04-2017,2017,S1,False,False,False,False,False,False,True,False,False,False,False,False,False,False,False,False,False,False,False,False,False,False,False,False,True,False,False,False,False,False,False,False,False,False,True,False,False,False,False,True,12.1456131,78.1132217,District Center
247,MA,H_18681,"DNV Polyclinic,Dharmapuri TN.","NO.7,RAJAGOPAL GOUNDER STREET DHARMAPURI - 636 701",Dharmapuri,Private,Multi,PVT HOSPITAL,Pvt,1,20-03-2017,2017,S1,False,False,False,False,False,False,True,False,False,False,False,False,False,False,False,False,False,False,False,False,False,False,False,False,True,False,False,False,False,False,False,False,False,False,True,False,False,False,False,True,12.1347988,78.1589864,Village/Town Center
2000,MA,H_19896,"Doppler Scan, Dharmapuri DC.",,Dharmapuri,Private,PVT-STANDALONE,DC PVT-STANDALONE,Pvt,5,20-04-2017,2017,,False,False,False,False,False,False,False,False,False,False,False,False,False,False,False,False,False,False,False,False,False,False,False,False,False,False,False,False,False,False,False,False,False,False,False,False,False,False,False,False,12.1456131,78.1132217,District Center
286,MA,H_26125,"Global Critical Care Hospital, Dharmapuri TN.
","3/34-2A,NETHAJI BYE PASS ROAD,OPP GOVT ARTS COLLAGE,DHARMAPURI",Dharmapuri,Private,Single,PVT HOSPITAL,Pvt,82,06-01-2025,2025,S2,False,False,False,False,False,False,False,False,True,True,False,False,False,False,False,False,False,False,False,True,False,False,False,False,True,False,False,False,False,False,False,False,False,False,False,False,False,False,False,False,12.1456131,78.1132217,District Center
22,MA,H_18896,"Govt Hospital Harur,Dharmapuri TN.","DHARMAPURI MAIN ROAD, HARUR (TK) DHARMAPURI (DT)",Dharmapuri,Sub-district Hospital,Multi,Govt-DMS,Govt,1,20-03-2017,2017,A1,False,True,True,True,True,True,True,True,True,True,True,True,True,True,True,True,True,True,True,True,True,True,True,True,True,True,True,True,True,False,True,True,True,False,True,True,True,True,True,True,12.061178,78.4756913,Exact Hospital
23,MA,H_20068,"Govt Hospital, Palacode, Dharmapuri TN.","Government Hospital, Bye pass Road, Palacode",Dharmapuri,Sub-district Hospital,Multi,Govt-DMS,Govt,1,20-03-2017,2017,A1,False,True,True,True,True,True,True,True,True,True,True,True,True,True,True,True,True,True,True,True,True,True,True,True,True,True,True,True,True,False,True,True,True,False,True,True,True,True,True,True,12.2964824,78.0761735,Exact Hospital
24,MA,H_21136,"Govt Hospital, Pappireddipatti, Dharmapuri TN.",PAPPIREDDIPATTI.PIN;636905,Dharmapuri,Sub-district Hospital,Multi,Govt-DMS,Govt,1,20-03-2017,2017,A1,False,True,True,True,True,True,True,True,True,True,True,True,True,True,True,True,True,True,True,True,True,True,True,True,True,True,True,True,True,False,True,True,True,False,True,True,True,True,True,True,12.08724,78.290259,Exact Hospital
21,MA,H_18695,"Govt. Dharmapuri Medical College,Dharmapuri TN.","NETHAJI BYE-PASS ROAD,",Dharmapuri,Medical College Hospital ,Multi,Govt-DME,Govt,1,20-03-2017,2017,A1,False,True,True,True,True,True,True,True,True,True,True,True,True,True,True,True,True,True,True,True,True,True,True,True,True,True,True,True,True,False,True,True,True,False,True,True,True,True,True,True,12.1456131,78.1132217,District Center
25,MA,H_18476,"Govt. Head Quarters Hospital,Dharmapuri TN.","Govt Dist HQRS Hospital, Pennagaram dHARMAPURI DISTRICT",Dharmapuri,District Hospital,Multi,Govt-DMS,Govt,1,20-03-2017,2017,A1,False,True,True,True,True,True,True,True,True,True,True,True,True,True,True,True,True,True,True,True,True,True,True,True,True,True,True,True,True,False,True,True,True,False,True,True,True,True,True,True,12.1456131,78.1132217,District Center
2149,MA,H_25631,"Govt.MC,DEIC,ChengalpattuTN. ",,Dharmapuri,DEIC,DEIC,DEIC,Govt,0,04-04-2022,2022,,False,False,False,False,False,False,False,False,False,False,False,False,False,False,False,False,False,False,False,False,False,False,False,False,False,False,False,False,False,False,False,False,False,False,False,False,False,False,False,False,12.1456131,78.1132217,District Center
1518,MA,H_24619,"GUPHC,D.Thurinchipatti,Dharmapuri TN. ","D.Thurinjipatti,D.Thurunjipatti (P.o),Dharmapuri Dt & Tk ",Dharmapuri,PHC,Multi,Govt-MTM,Govt,51,19-08-2021,2021,A1,False,False,False,False,False,False,False,False,False,True,False,False,False,False,False,False,False,False,False,False,True,False,False,False,False,False,False,False,False,False,False,False,False,False,True,False,False,False,False,False,12.1456131,78.1132217,District Center
1519,MA,H_24620,"GUPHC,Harur,Theerthamalai,Dharmapuri TN.","Theerthamalai, Theerthamali(Po) Harur Tk, Dharmapuri",Dharmapuri,PHC,Multi,Govt-MTM,Govt,51,19-08-2021,2021,A1,False,False,False,False,False,False,False,False,False,True,False,False,False,False,False,False,False,False,False,False,True,False,False,False,False,False,False,False,False,False,False,False,False,False,True,False,False,False,False,False,12.1456131,78.1132217,District Center
1516,MA,H_24617,"GUPHC,Karimangalam,Dharmapuri TN.","Karimangalam,Karimangalam (Po)
 Palacode(Tk) Dharmapuri(Dt)",Dharmapuri,PHC,Multi,Govt-MTM,Govt,51,19-08-2021,2021,A1,False,False,False,False,False,False,False,False,False,False,False,False,False,False,False,False,False,False,False,False,True,False,False,False,False,False,False,False,False,False,False,False,False,False,True,False,False,False,False,False,12.3070058,78.1853826,Village/Town Center
1517,MA,H_24618,"GUPHC,Morappur,Dharmapuri TN.","Morappur, Morappur(Po),Pappireddipatti Tk, Dharmapuri ",Dharmapuri,PHC,Multi,Govt-MTM,Govt,51,19-08-2021,2021,A1,False,False,False,False,False,False,False,False,False,True,False,False,False,False,False,False,False,False,False,False,True,False,False,False,False,False,False,False,False,False,False,False,False,False,True,False,False,False,False,False,12.1456131,78.1132217,District Center
1622,MA,H_24980,"GUPHC,Nallampalli,Thoppur,,Dharmapuri,TN.","Thoppur, Thoppur(Po), Nallampalli(Tk),Dharmapuri ",Dharmapuri,PHC,Multi,Govt-MTM,Govt,55,12-11-2021,2021,A1,False,False,False,False,False,False,False,False,False,True,False,False,False,False,False,False,False,False,False,False,True,False,False,False,False,False,False,False,False,False,False,False,False,False,True,False,False,False,False,False,12.1456131,78.1132217,District Center
1520,MA,H_24621,"GUPHC,Palacode,Marandahalli,Dharmapuri TN.","Marandahalli, Marandahalli(Po), Palacode Tk, Dharmapuri (Dt)",Dharmapuri,PHC,Multi,Govt-MTM,Govt,51,19-08-2021,2021,A1,False,False,False,False,False,False,False,False,False,True,False,False,False,False,False,False,False,False,False,False,True,False,False,False,False,False,False,False,False,False,False,False,False,False,True,False,False,False,False,False,12.1456131,78.1132217,District Center
1621,MA,H_24979,"GUPHC,Pappireddipatti,Bairanatham,Darmapuri TN.","Bairanatham, Bairanatham(Po), Pappireddipatti Tk, Dharmapuri .",Dharmapuri,PHC,Multi,Govt-MTM,Govt,55,12-11-2021,2021,A1,False,False,False,False,False,False,False,False,False,True,False,False,False,False,False,False,False,False,False,False,True,False,False,False,False,False,False,False,False,False,False,False,False,False,True,False,False,False,False,False,12.1456131,78.1132217,District Center
1521,MA,H_24622,"GUPHC,Pennagaram,Eriyur,Dharmapuri TN.","Sunjalnatham(vil & po),Eriyur,Pennagaram(Tk),Dharmapuri(Dt)",Dharmapuri,PHC,Multi,Govt-MTM,Govt,51,19-08-2021,2021,A1,False,False,False,False,False,False,False,False,False,True,False,False,False,False,False,False,False,False,False,False,True,False,False,False,False,False,False,False,False,False,False,False,False,False,True,False,False,False,False,False,12.1456131,78.1132217,District Center
291,MA,H_26090,"Guru Hospital, Dharmapuri, TN.","32 A/2, NETHAJI BY PASS ROAD, OPPOSITE TO GOVT. MEDICAL COLLEGE HOSPITAL, VIRUPAKSHIPURAM, DHARMA",Dharmapuri,Private,Single,PVT HOSPITAL,Pvt,80,04-10-2024,2024,S2,False,False,False,False,False,False,False,False,False,False,True,False,False,False,False,False,False,False,False,False,False,False,False,False,False,False,False,False,False,False,False,False,False,False,False,False,False,False,False,False,12.1229939,78.1587116,Exact Hospital
309,MA,H_22670,"Jothi Laser Eye hospital, Dharmapuri TN.","110, T.M.Duraisamy street, Dharmapuri.636701.",Dharmapuri,Private,Single,PVT HOSPITAL,Pvt,21,16-07-2018,2018,S2,False,False,False,False,False,False,True,False,False,False,False,False,False,False,False,False,False,False,False,False,False,False,False,True,False,False,False,False,False,False,False,False,False,False,False,False,False,False,False,False,12.1456131,78.1132217,District Center
312,MA,H_18891,"K.S.Hospital,Dharmapuri TN.","7/1,c.k.Srinivasarao street,Dharmapuri",Dharmapuri,Private,Multi,PVT HOSPITAL,Pvt,4,12-04-2017,2017,A4,False,False,False,False,False,False,True,True,True,True,True,True,False,True,True,False,False,False,False,False,False,False,False,False,True,False,False,True,False,False,False,False,False,False,True,False,False,False,False,True,12.1324134,78.1620136,Exact Hospital
314,MA,H_18889,"Kamalam Hospital,Dharmapuri TN.
","248/53-M,NETHJI BYE PASS ROAD KAMALAM HOSPITAL",Dharmapuri,Private,Multi,PVT HOSPITAL,Pvt,4,12-04-2017,2017,A6,False,False,False,False,False,False,True,False,True,False,True,False,False,False,False,False,False,True,False,True,False,False,False,False,False,False,False,False,False,False,False,False,False,False,False,False,False,False,False,False,12.1456131,78.1132217,District Center
323,MA,H_26037,"Kavan Hospital, Dharmapuri, TN.","2/343-A, Nethaji nagar, Morappur main road.",Dharmapuri,Private,Multi,PVT HOSPITAL,Pvt,78,01-08-2024,2024,A4,False,False,False,False,False,False,False,False,True,True,False,False,False,False,False,False,False,False,False,True,False,False,False,False,True,False,False,False,False,False,False,False,False,False,False,False,False,False,False,False,12.0658594,78.4723494,Exact Hospital
331,MA,H_22795,"Krishna Eye Foundation, Dharmapuri TN.","No,5 P.R sundharam street , Dharmapuri",Dharmapuri,Private,Single,PVT HOSPITAL,Pvt,29,12-02-2019,2019,S2,False,False,False,False,False,False,False,False,False,False,False,False,False,False,False,False,False,False,False,False,False,False,False,True,False,False,False,False,False,False,False,False,False,False,False,False,False,False,False,False,12.1456131,78.1132217,District Center
338,MA,H_18558,"KV Hospital,Dharmapuri TN.
","107, bye pass road",Dharmapuri,Private,Multi,PVT HOSPITAL,Pvt,4,12-04-2017,2017,A5,False,False,False,False,False,False,True,False,True,True,True,True,False,False,False,False,False,False,False,True,False,False,False,False,True,False,False,False,False,False,False,False,False,False,False,False,False,False,False,True,12.1347988,78.1589864,Village/Town Center
375,MA,H_24844,"Meenakshi Hosp and fertility Centre,Dharmapuri TN.
","18/61, SENGODIPURAM, DHARMAPURI",Dharmapuri,Private,Multi,PVT HOSPITAL,Pvt,53,18-09-2021,2021,A3,False,False,False,False,False,False,False,False,False,True,True,False,False,False,False,False,False,True,False,True,False,False,False,False,True,False,False,False,False,False,False,False,False,False,False,False,False,False,False,False,12.1456131,78.1132217,District Center
398,MA,H_26292,"Niranjan Hospital, Dharmapuri, TN.
","14Q,14R,SALEM MAIN ROAD,OPP GOVT MEDICAL COLLAGE AND HOSPITAL,DHARMAPURI",Dharmapuri,Private,multi,PVT HOSPITAL,Pvt,90,24-09-2025,2025,A5,False,False,False,False,False,False,False,False,True,True,False,True,False,False,False,False,False,False,False,False,False,False,False,False,True,False,False,False,True,False,False,False,False,False,False,False,False,False,False,False,12.1456131,78.1132217,District Center
400,MA,H_26124,"Nithya Hospital, Dharmapuri TN.
",14-B Nethaji Bye Pass road,Dharmapuri,Private,Multiple,PVT HOSPITAL,Pvt,82,06-01-2025,2025,A6,False,False,False,False,False,False,False,False,False,True,False,False,False,False,False,False,False,False,False,False,False,False,False,False,False,False,False,False,False,False,False,False,False,False,False,False,False,False,False,False,12.1244251,78.1587231,Exact Hospital
405,MA,H_18546,"Om Sakthi Hospital,Dharmapuri TN.
","OM SAKTHI HOSPITAL NO:4, SENGODIPURAM, DHARMAPURI",Dharmapuri,Private,Multi,PVT HOSPITAL,Pvt,4,12-04-2017,2017,A5,False,False,False,False,False,False,True,True,True,True,True,True,False,False,True,False,False,False,False,False,True,True,False,True,True,False,False,True,True,False,False,True,False,False,True,True,True,False,False,True,12.1456131,78.1132217,District Center
431,MA,H_26316,"Ranga Spr Spl Hosp And Neurocare, Dharmapuri, TN.","4/484 B1,PENNAGARAM MAIN ROAD,NEAR VIJAY VIDHYALAYA BOYS HIGH SCHOOL,DHARMAPURI",Dharmapuri,Private,Multi,PVT HOSPITAL,Pvt,91,28-10-2025,2025,A6,False,False,False,False,False,False,False,False,True,True,False,False,False,False,False,False,False,False,False,True,True,True,False,False,True,False,False,False,False,False,False,False,False,False,False,False,False,False,False,False,12.1456131,78.1132217,District Center
535,MA,H_18306,"Supa Hospital, Pvt.Ltd, Dharmapuri TN.
","37, SIDDHA VEERAPPA CHETTY STREET",Dharmapuri,Private,Multi,PVT HOSPITAL,Pvt,4,12-04-2017,2017,A5,False,True,False,False,False,False,True,False,True,True,False,True,False,False,False,False,False,False,False,False,False,False,False,False,False,False,False,False,True,False,False,True,False,False,False,False,True,False,False,False,12.1347988,78.1589864,Village/Town Center
2145,MA,H_25750 ,"Tesla Scans, Dharmapuri DC.",,Dharmapuri,Private,PVT-STANDALONE,DC PVT-STANDALONE,Pvt,0,14-12-2022,2022,,False,False,False,False,False,False,False,False,False,False,False,False,False,False,False,False,False,False,False,False,False,False,False,False,False,False,False,False,False,False,False,False,False,False,False,False,False,False,False,False,12.1456131,78.1132217,District Center
548,MA,H_18709,"Thangam Hospital,Dharmapuri TN.
","76/41C, SALEM MAIN ROAD, BHARATHIPURAM",Dharmapuri,Private,Multi,PVT HOSPITAL,Pvt,1,20-03-2017,2017,A5,False,False,False,False,False,False,True,False,True,True,True,True,False,False,False,False,False,False,False,True,False,False,False,False,False,False,False,False,True,False,False,True,False,False,False,False,True,False,False,False,12.1192928,78.1569014,Exact Hospital
2167,MA,H_26111,"Tharika Scans and Diagnostics, Dharmapuri, DC.",,Dharmapuri,Private,PVT-STANDALONE,DC PVT-STANDALONE,Pvt,81,04-12-2024,2024,,False,False,False,False,False,False,False,False,False,False,False,False,False,False,False,False,False,False,False,False,False,False,False,False,False,False,False,False,False,False,False,False,False,False,False,False,False,False,False,False,12.1456131,78.1132217,District Center
560,MA,H_18898,"Vasan Eye Care,Dharmapuri TN.
","1.P.R.SUNDARAM STREET,DHARMAPURI-636701.",Dharmapuri,Private,Single,PVT HOSPITAL,Pvt,4,12-04-2017,2017,S2,False,False,False,False,False,False,True,False,False,False,False,False,False,False,False,False,False,False,False,False,False,False,False,True,False,False,False,False,False,False,False,False,False,False,False,False,False,False,False,False,12.1326054,78.1630215,Exact Hospital
565,MA,H_26171,"Venkatesh Hospital, Dharmapuri, TN.",31 Narasimman Street ,Dharmapuri,Private,Single,PVT HOSPITAL,Pvt,86,30-04-2025,2025,S2,False,False,False,False,False,False,False,False,False,False,False,False,False,False,False,False,False,False,False,False,False,False,False,False,True,False,False,False,False,False,False,False,False,False,False,False,False,False,False,False,12.1301667,78.1614714,Exact Hospital
2155,MA,H_25778 ,"Vidiyal Special School, Autism, Dharmapuri TN.",,Dharmapuri,Private,Autism ,PVT AUTISM,Pvt,65,06-01-2023,2023,,False,False,False,False,False,False,False,False,False,False,False,False,False,False,False,False,False,False,False,False,False,False,False,False,False,False,False,False,False,False,False,False,False,False,False,False,False,False,False,False,12.1456131,78.1132217,District Center
567,MA,H_26266	,"Vijay Super Spl Hosp Cancer Centr, Dharmapuri TN.","SY NO-18/1A1B,BYSUHALLI,PERIYAMPATTI MAIN ROAD,PERIYAMPATTI,DHARMAPURI",Dharmapuri,Private,Multi,PVT HOSPITAL,Pvt,89,30-07-2025,2025,A5,False,True,False,False,False,False,False,False,True,True,False,True,False,False,False,True,False,True,False,True,False,False,False,False,True,False,False,False,False,False,False,False,False,False,False,False,False,False,False,False,12.3002347,78.1369793,Village/Town Center
569,MA,H_23259,"Vijaya multi specialty hospital,Dharmapuri TN.
","4/486 Pennagaram Main Road, Dharmapuri,",Dharmapuri,Private,Multi,PVT HOSPITAL,Pvt,37,22-07-2020,2020,A3,False,False,False,False,False,False,False,False,True,True,False,True,False,False,False,False,False,False,False,True,False,False,False,False,True,False,False,False,False,False,False,False,False,False,False,False,False,False,False,False,12.1347988,78.1589864,Village/Town Center
578,MA,H_26142,"Zeal Hospital, Dharmapuri, TN.
","No.2,Adhiyaman bye pass road",Dharmapuri,Private,Single,PVT HOSPITAL,Pvt,84,26-02-2025,2025,S2,False,False,False,False,False,False,False,False,False,False,True,False,False,False,False,False,False,False,False,False,False,False,False,False,False,False,False,False,False,False,False,False,False,False,False,False,False,False,False,False,12.1347988,78.1589864,Village/Town Center
2197,MDI,H_22606,"ARVI special school,Autism,Dindigul TN.",,Dindigul,Private,Multi,PVT AUTISM,Pvt,16,14-03-2018,2018,,False,False,False,False,False,False,False,False,False,False,False,False,False,False,False,False,False,False,False,False,False,False,False,False,False,False,False,False,False,False,False,False,False,False,False,False,False,False,False,False,10.4257161,77.8154728,District Center
2196,MDI,H_22697,"Bala Scans  Diagnostic Centre ,Dindigul DC.",,Dindigul,Private,Multi,DC PVT-STANDALONE,Pvt,22,06-08-2018,2018,,False,False,False,False,False,False,False,False,False,False,False,False,False,False,False,False,False,False,False,False,False,False,False,False,False,False,False,False,False,False,False,False,False,False,False,False,False,False,False,False,10.4257161,77.8154728,District Center
1073,MDI,H_18226,"Christian Fellow Community Centr,Dindigul TN.","SHANTHI PURAM, AMBILIKKAI, ODDANCHATHIRAM.624612",Dindigul,PVT HOSPITAL,Multi,PVT,PVT,1,20-03-2017,2017,A6,False,False,False,False,False,False,True,False,False,True,False,False,False,False,False,False,False,True,False,False,True,False,False,False,False,False,False,False,False,False,False,False,True,False,False,False,False,True,False,False,10.4257161,77.8154728,District Center
1074,MDI,H_18231,"Christian Fellowship Hospital,Dindigul TN.","DINDIGUL MAIN ROAD,OTTANCHANTHIRAM-624619",Dindigul,PVT HOSPITAL,Multi,PVT,PVT,1,20-03-2017,2017,A3,False,True,False,True,False,False,True,True,True,True,False,True,False,False,True,True,False,False,True,False,True,False,False,False,True,True,False,True,False,False,False,True,False,False,False,True,True,False,False,True,10.4879227,77.7520533,Exact Hospital
1075,MDI,H_18242,"City Hospital,Dindigul TN.","4/361, GANDHIJI NAGAR,,TRICHY ROAD, DINDIGUL-624001",Dindigul,PVT HOSPITAL,Single,PVT,PVT,3,04-04-2017,2017,S1,False,False,False,False,False,False,True,False,True,False,False,False,False,False,False,False,False,False,False,False,False,True,False,False,True,False,False,False,False,False,False,True,False,False,False,True,False,False,False,True,10.372647,77.9877242,Exact Hospital
1076,MDI,H_19619,"D.S Hospital,Dindigul TN.","4/12-A, ANNA NAGAR, PALANI, DINDIGUL.",Dindigul,PVT HOSPITAL,Multi,PVT,PVT,13,07-11-2017,2017,A6,False,False,False,False,False,False,True,False,False,True,False,True,False,False,False,False,False,False,False,False,False,False,False,False,False,False,False,False,False,False,False,False,False,False,False,False,False,False,False,False,10.4511094,77.5154495,Village/Town Center
1077,MDI,H_22116,"DMS Hospital,Dindigul TN.","No.8, Gandhi Nagar Main Road, Batlagundu, Dindigul TN",Dindigul,PVT HOSPITAL,Multi,PVT,PVT,6,15-05-2017,2017,A6,False,False,False,False,False,False,False,False,True,True,True,True,False,False,True,False,False,False,False,True,False,False,False,False,True,False,False,False,False,False,False,False,False,False,False,True,False,False,False,False,10.16486,77.756016,Exact Hospital
1133,MDI,H_18477,"Government Medical College, Dindigul TN.","TRICHY ROAD, DINDIGUL",Dindigul,GOVT-DME,Multi,GOVT,GOVT,1,20-03-2017,2017,A1,False,True,True,True,True,True,True,True,True,True,True,True,True,True,True,True,True,True,True,True,True,True,True,True,True,True,True,True,True,False,True,True,True,False,True,True,True,True,True,True,10.3645735,77.9764752,Exact Hospital
1154,MDI,H_24389,"Govt Hospital, Athoor, Dindigul TN.","Athoor, Dindigul.",Dindigul,GOVT-DMS,Multi,GOVT,GOVT,49,07-07-2021,2021,A1,False,True,True,True,True,True,True,True,True,True,True,True,True,True,True,True,True,True,True,True,True,True,True,True,True,True,True,True,True,False,True,True,True,False,True,True,True,True,True,True,10.2962568,77.825113,Village/Town Center
1155,MDI,H_24390,"Govt Hospital, Ayakudi, Palani, Dindigul TN.","Dindigul Main Road, Ayakudi, Palani, Dindigul.",Dindigul,GOVT-DMS,Multi,GOVT,GOVT,49,07-07-2021,2021,A1,False,True,True,True,True,True,True,True,True,True,True,True,True,True,True,True,True,True,True,True,True,True,True,True,True,True,True,True,True,False,True,True,True,False,True,True,True,True,True,True,10.51799,77.575279,Exact Hospital
1156,MDI,H_24391,"Govt Hospital, Batlagundu, Dindigul TN.","Near Police Station, Batlagundu, Dindigul.",Dindigul,GOVT-DMS,Multi,GOVT,GOVT,49,07-07-2021,2021,A1,False,True,True,True,True,True,True,True,True,True,True,True,True,True,True,True,True,True,True,True,True,True,True,True,True,True,True,True,True,False,True,True,True,False,True,True,True,True,True,True,10.2079238,77.7625804,Exact Hospital
1131,MDI,H_20217,"Govt Hospital, Kodaikkanal,Dindigul, TN.","P.T.ROAD, KODAIKANAL ",Dindigul,GOVT-DMS,Multi,GOVT,GOVT,1,20-03-2017,2017,A1,False,True,True,True,True,True,True,True,True,True,True,True,True,True,True,True,True,True,True,True,True,True,True,True,True,True,True,True,True,False,True,True,True,False,True,True,True,True,True,True,10.356257,77.9673014,Village/Town Center
1157,MDI,H_24392,"Govt Hospital, Natham, Dindigul TN.","Dindigul Main Road, Natham, Dindigul.",Dindigul,GOVT-DMS,Multi,GOVT,GOVT,49,07-07-2021,2021,A1,False,True,True,True,True,True,True,True,True,True,True,True,True,True,True,True,True,True,True,True,True,True,True,True,True,True,True,True,True,False,True,True,True,False,True,True,True,True,True,True,10.3645735,77.9764752,Exact Hospital
1132,MDI,H_20218,"Govt Hospital, Nilakottai,Dindigul, TN.","DINDIGUL  ROAD, THULLUPATTI, NILAKOTTAI",Dindigul,GOVT-DMS,Multi,GOVT,GOVT,1,20-03-2017,2017,A1,False,True,True,True,True,True,True,True,True,True,True,True,True,True,True,True,True,True,True,True,True,True,True,True,True,True,True,True,True,False,True,True,True,False,True,True,True,True,True,True,10.118944,77.8596017,Exact Hospital
1159,MDI,H_24418,"Govt Hospital, Pannaikadu, Dindigul TN.","Pannaikadu, Kodaikanal, Dindigul",Dindigul,GOVT-DMS,Multi,GOVT,GOVT,50,30-07-2021,2021,A1,False,True,True,True,True,True,True,True,True,True,True,True,True,True,True,True,True,True,True,True,True,True,True,True,True,True,True,True,True,False,True,True,True,False,True,True,True,True,True,True,10.2779747,77.6286687,Exact Hospital
1158,MDI,H_24393,"Govt Hospital, Pattiveeranpatti, Dindigul TN.","Pattiveeranpatti, Nilakottai(Taluk), Dindigul.",Dindigul,GOVT-DMS,Multi,GOVT,GOVT,49,07-07-2021,2021,A1,False,True,True,True,True,True,True,True,True,True,True,True,True,True,True,True,True,True,True,True,True,True,True,True,True,True,True,True,True,False,True,True,True,False,True,True,True,True,True,True,10.2079238,77.7625804,Exact Hospital
1160,MDI,H_24419,"Govt Hospital, Thandikudi, Dindigul TN.","Thandikudi, Kodaikanal, Dindigul",Dindigul,GOVT-DMS,Multi,GOVT,GOVT,50,30-07-2021,2021,A1,False,True,True,True,True,True,True,True,True,True,True,True,True,True,True,True,True,True,True,True,True,True,True,True,True,True,True,True,True,False,True,True,True,False,True,True,True,True,True,True,10.233712,77.4919719,Village/Town Center
1135,MDI,H_20216,"Govt Hospital, Vedachandur, Dindigul, TN.","VADAMADURAI ROAD, VEDASANDUR",Dindigul,GOVT-DMS,Multi,GOVT,GOVT,1,20-03-2017,2017,A1,False,True,True,True,True,True,True,True,True,True,True,True,True,True,True,True,True,True,True,True,True,True,True,True,True,True,True,True,True,False,True,True,True,False,True,True,True,True,True,True,10.5156904,77.9996085,Village/Town Center
1153,MDI,H_23577,"Govt Hospital,Oddanchatteran,Dindigul TN.","GOVT HOSPITAL, DHARAPURAM ROAD ,ODDANCHATRAM",Dindigul,GOVT-DMS,Multi,GOVT,GOVT,42,09-12-2020,2020,A1,False,True,True,True,True,True,True,True,True,True,True,True,True,True,True,True,True,True,True,True,True,True,True,True,True,True,True,True,True,False,True,True,True,False,True,True,True,True,True,True,10.4579618,77.5172616,Village/Town Center
1134,MDI,H_19084,"Govt. Head Qrtrs Hosp, Palani, Dindigul TN.","DINDIGUL MAIN ROAD,NEAR BUS STAND, PALANI, DINDIGUL",Dindigul,GOVT-DMS,Multi,GOVT,GOVT,1,20-03-2017,2017,A1,False,True,True,True,True,True,True,True,True,True,True,True,True,True,True,True,True,True,True,True,True,True,True,True,True,True,True,True,True,False,True,True,True,False,True,True,True,True,True,True,10.4511094,77.5154495,Village/Town Center
2195,MDI,H_22483,"Govt. Head Quarters Hospital,DEIC , Dindigul TN.",,Dindigul,DEIC,DEIC,DEIC,Govt,0,14-02-2018,2018,,False,False,False,False,False,False,False,False,False,False,False,False,False,False,False,False,False,False,False,False,False,False,False,False,False,False,False,False,False,False,False,False,False,False,False,False,False,False,False,False,10.4257161,77.8154728,District Center
1859,MDI,H_24480,"Govt.Ammainaickanur CHC,Dindigul TN. ","Ammainaickanur CHC,Dindigul",Dindigul,Govt- MTM,Multi,Govt,Govt,51,23-08-2021,2021,A1,False,False,False,False,False,False,False,False,False,True,False,False,False,False,False,False,False,False,False,False,True,False,False,False,False,False,False,False,False,False,False,False,False,False,True,False,False,False,False,False,10.4257161,77.8154728,District Center
1867,MDI,H_24598,"Govt.CHC Athoor,Chinnalapatti, Dindigul TN.","PHC Medical Officer, Govt.Primary Health Centre Chinnalapatti, Pincode-624204,Dindigul District.",Dindigul,Govt- MTM,Multi,Govt,Govt,51,23-08-2021,2021,A1,False,False,False,False,False,False,False,False,False,True,False,False,False,False,False,False,False,False,False,False,True,False,False,False,False,False,False,False,False,False,False,False,False,False,True,False,False,False,False,False,10.4257161,77.8154728,District Center
2194,MDI,H_22524,"Govt.DDWO,Dindigul TN.",,Dindigul,DDWO,DDWO,DDWO,Govt,15,22-02-2018,2018,,False,False,False,False,False,False,False,False,False,False,False,False,False,False,False,False,False,False,False,False,False,False,False,False,False,False,False,False,False,False,False,False,False,False,False,False,False,False,False,False,10.4257161,77.8154728,District Center
1872,MDI,H_24880,"Govt.Kamala Nehru UPHC, Dindigul TN.","UPHC Medical Officer, Govt. Urban Primary Health Centre Kamalanehru Nagar Pincode-624004, Dindigul District.",Dindigul,Govt- MTM,Multi,Govt,Govt,54,22-10-2021,2021,A1,False,False,False,False,False,False,False,False,False,True,False,False,False,False,False,False,False,False,False,False,True,False,False,False,False,False,False,False,False,False,False,False,False,False,True,False,False,False,False,False,10.4257161,77.8154728,District Center
1860,MDI,H_24481,"Govt.Kannivadi CHC,Dindigul TN. ","Kannivadi,Dindigul",Dindigul,Govt- MTM,Multi,Govt,Govt,51,23-08-2021,2021,A1,False,False,False,False,False,False,False,False,False,True,False,False,False,False,False,False,False,False,False,False,True,False,False,False,False,False,False,False,False,False,False,False,False,False,True,False,False,False,False,False,10.3793574,77.8299245,Village/Town Center
1863,MDI,H_24484,"Govt.Kosavapatti CHC,Dindigul TN.","PHC Medical Officer, Govt. CHC Upgraded Primary Health Centre Kosavapatti,Pincode-624304,Dindigul District.",Dindigul,Govt- MTM,Multi,Govt,Govt,51,23-08-2021,2021,A1,False,False,False,False,False,False,False,False,False,True,False,False,False,False,False,False,False,False,False,False,True,False,False,False,False,False,False,False,False,False,False,False,False,False,True,False,False,False,False,False,10.4257161,77.8154728,District Center
1874,MDI,H_24890,"Govt.PHC Batlagundu,Dindigul TN","PHC Medical Officer, Govt.Primary Health Centre Viruveedu,Pincode-624220,Dindigul District.",Dindigul,Govt- MTM,Multi,Govt,Govt,54,22-10-2021,2021,A1,False,False,False,False,False,False,False,False,False,True,False,False,False,False,False,False,False,False,False,False,True,False,False,False,False,False,False,False,False,False,False,False,False,False,True,False,False,False,False,False,10.4257161,77.8154728,District Center
1866,MDI,H_24487,"Govt.PHC guziliamparai,Dindigul TN. ","guziliamparai,Dindigul",Dindigul,Govt- MTM,Multi,Govt,Govt,51,23-08-2021,2021,A1,False,False,False,False,False,False,False,False,False,True,False,False,False,False,False,False,False,False,False,False,True,False,False,False,False,False,False,False,False,False,False,False,False,False,True,False,False,False,False,False,10.4257161,77.8154728,District Center
1873,MDI,H_24882,"Govt.PHC Kodaikanal,Dindigul TN.","UPHC Medical Officer, Govt. Urban Primary Health Centre, Anandhagiri 4th Street, Pincode-624101, Dindigul District.",Dindigul,Govt- MTM,Multi,Govt,Govt,54,22-10-2021,2021,A1,False,False,False,False,False,False,False,False,False,True,False,False,False,False,False,False,False,False,False,False,True,False,False,False,False,False,False,False,False,False,False,False,False,False,True,False,False,False,False,False,10.4257161,77.8154728,District Center
1875,MDI,H_24891,"Govt.PHC Natham,Dindigul TN. ","Natham,Dindigul",Dindigul,Govt- MTM,Multi,Govt,Govt,54,22-10-2021,2021,A1,False,False,False,False,False,False,False,False,False,True,False,False,False,False,False,False,False,False,False,False,True,False,False,False,False,False,False,False,False,False,False,False,False,False,True,False,False,False,False,False,10.2689998,78.2507119,Village/Town Center
1876,MDI,H_24892,"Govt.PHC Reddiyarchattiram,Dindigul TN.","PHC Medical Officer, Govt.Primary Health Centre Kannivadi,Pincode-624204,Dindigul District.",Dindigul,Govt- MTM,Multi,Govt,Govt,54,22-10-2021,2021,A1,False,False,False,False,False,False,False,False,False,True,False,False,False,False,False,False,False,False,False,False,True,False,False,False,False,False,False,False,False,False,False,False,False,False,True,False,False,False,False,False,10.4257161,77.8154728,District Center
1877,MDI,H_24893,"Govt.PHC Shanarpatti,Dindigul TN. ","Shanarpatti,Dindigul",Dindigul,Govt- MTM,Multi,Govt,Govt,54,22-10-2021,2021,A1,False,False,False,False,False,False,False,False,False,True,False,False,False,False,False,False,False,False,False,False,True,False,False,False,False,False,False,False,False,False,False,False,False,False,True,False,False,False,False,False,10.4257161,77.8154728,District Center
1883,MDI,H_25044,"Govt.PHC,kodaikanal,Mannavanur,Dindigul TN.","PHC Medical Officer,GOVT Upgraded Primary Health Centre, Mannavanur Kaikatti, Mannavanur, Kodaikanal - 624103 -Dindigul District",Dindigul,Govt- MTM,Multi,Govt,Govt,55,12-11-2021,2021,A1,False,False,False,False,False,False,False,False,False,True,False,False,False,False,False,False,False,False,False,False,True,False,False,False,False,False,False,False,False,False,False,False,False,False,True,False,False,False,False,False,10.233712,77.4919719,Village/Town Center
1880,MDI,H_25041,"Govt.PHC,Oddanchathram,K.keeranur,Dindigul TN.","PHC Medical Officer,GOVT Upgraded Primary Health Centre,Edayakottai Main Road,K.Keeranur-624616-Dindigul District",Dindigul,Govt- MTM,Multi,Govt,Govt,55,12-11-2021,2021,A1,False,False,False,False,False,False,False,False,False,True,False,False,False,False,False,False,False,False,False,False,True,False,False,False,False,False,False,False,False,False,False,False,False,False,True,False,False,False,False,False,10.4257161,77.8154728,District Center
1881,MDI,H_25042,"Govt.PHC,Thoppampatti,Kallimanthayam,Dindigul TN.","PHC Medical officer, Govt Upgraded Primary Health Center, Kallimandayam ,Main Bye Pass Road Oddanchatram Taluk, Dindigul District - 624 616",Dindigul,Govt- MTM,Multi,Govt,Govt,55,12-11-2021,2021,A1,False,False,False,False,False,False,False,False,False,True,False,False,False,False,False,False,False,False,False,False,True,False,False,False,False,False,False,False,False,False,False,False,False,False,True,False,False,False,False,False,10.4257161,77.8154728,District Center
1882,MDI,H_25043,"Govt.PHC,Thoppampatti,Keeranur,Dindigul TN.","PHC Medical Officer, Govt Upgraded Primary Health Center, L.F Road, T.Keeranur,Palani Taluk, Dindigul District - 624 617",Dindigul,Govt- MTM,Multi,Govt,Govt,55,12-11-2021,2021,A1,False,False,False,False,False,False,False,False,False,True,False,False,False,False,False,False,False,False,False,False,True,False,False,False,False,False,False,False,False,False,False,False,False,False,True,False,False,False,False,False,10.4257161,77.8154728,District Center
1864,MDI,H_24485,"Govt.Thadikombu CHC,Dindigul TN.","PHC Medical Officer, Govt. Primary Health Centre Thadicombu,Pincode-624705,Dindigul District.",Dindigul,Govt- MTM,Multi,Govt,Govt,51,23-08-2021,2021,A1,False,False,False,False,False,False,False,False,False,True,False,False,False,False,False,False,False,False,False,False,True,False,False,False,False,False,False,False,False,False,False,False,False,False,True,False,False,False,False,False,10.4257161,77.8154728,District Center
1862,MDI,H_24483,"Govt.Uluppakudi CHC,Dindigul TN.","PHC Medical Officer, Govt. Primary Health Centre Ullupakudi,Pincode-624401,Dindigul District.",Dindigul,Govt- MTM,Multi,Govt,Govt,51,23-08-2021,2021,A1,False,False,False,False,False,False,False,False,False,True,False,False,False,False,False,False,False,False,False,False,True,False,False,False,False,False,False,False,False,False,False,False,False,False,True,False,False,False,False,False,10.4257161,77.8154728,District Center
1865,MDI,H_24486,"Govt.UPHC , Vadamadurai,Dindigul TN.","PHC Medical Officer, Govt. CHC Upgraded Primary Health Centre, NH-45, Dindigul to Trichy Bypass Road, Vadamadurai, Vedasandur Taluk, Pincode-624802,Dindigul District.",Dindigul,Govt- MTM,Multi,Govt,Govt,51,23-08-2021,2021,A1,False,False,False,False,False,False,False,False,False,True,False,False,False,False,False,False,False,False,False,False,True,False,False,False,False,False,False,False,False,False,False,False,False,False,True,False,False,False,False,False,10.4257161,77.8154728,District Center
1870,MDI,H_24756,"Govt.UPHC Vedasandur,Eriyodu,Dindigul TN.","PHC Medical Officer, Govt.Primary Health Centre , Ayyalur Road ,Eriodu ,Pincode-624702, Vedasandur Taulk ,Dindigul District.",Dindigul,Govt- MTM,Multi,Govt,Govt,52,09-08-2021,2021,A1,False,False,False,False,False,False,False,False,False,True,False,False,False,False,False,False,False,False,False,False,True,False,False,False,False,False,False,False,False,False,False,False,False,False,True,False,False,False,False,False,10.4257161,77.8154728,District Center
1861,MDI,H_24482,"Govt.Viruveedu CHC,Dindigul TN.","PHC Medical Officer, Govt.Primary Health Centre Viruveedu,Pincode-624220,Dindigul District.",Dindigul,Govt- MTM,Multi,Govt,Govt,51,23-08-2021,2021,A1,False,False,False,False,False,False,False,False,False,True,False,False,False,False,False,False,False,False,False,False,True,False,False,False,False,False,False,False,False,False,False,False,False,False,True,False,False,False,False,False,10.4257161,77.8154728,District Center
1078,MDI,H_18607,"J C B Hospital,Dindigul TN.","1, VEPANTHOPPU  STREET,PALANI ROAD, DINDIGUL,PALANI ROAD-624001",Dindigul,PVT HOSPITAL,Multi,PVT,PVT,5,19-04-2017,2017,A6,False,False,True,True,True,False,True,False,True,True,False,True,False,False,True,False,False,False,False,False,True,True,False,True,True,False,False,False,True,False,False,True,False,False,False,True,False,True,False,True,10.366409,77.9774456,Exact Hospital
1079,MDI,H_18207,"J J Arul Hospital,Dindigul TN.","Madurai NH, Opp.parvathy's Arts & Science college, Thomaiyarpuram, Begambur(po), Dindigul-624002",Dindigul,PVT HOSPITAL,Multi,PVT,PVT,5,19-04-2017,2017,A4,False,False,False,False,False,False,True,False,True,True,False,False,False,False,False,False,False,False,False,False,True,True,False,False,True,False,False,False,False,False,False,True,False,False,False,True,False,False,False,True,10.4257161,77.8154728,District Center
1080,MDI,H_18673,"K G Hospital,Dindigul TN.","K.G.HOSPITAL, ANNA NAGAR,PALANI-624601.",Dindigul,PVT HOSPITAL,Multi,PVT,PVT,9,18-07-2017,2017,A6,False,False,True,False,True,False,True,False,True,True,False,True,False,False,False,False,False,False,True,False,True,False,False,True,False,False,False,False,True,False,False,True,False,False,False,False,False,True,False,False,10.7885019,78.6666074,Exact Hospital
1081,MDI,H_19009,"K V Hospital, Dindigul TN","72-B, DINDIGUL ROAD,PALANI-624601",Dindigul,PVT HOSPITAL,Multi,PVT,PVT,24,08-10-2018,2018,A6,False,False,False,False,False,False,True,False,False,False,False,True,False,False,False,False,False,False,False,True,False,False,False,False,False,False,False,False,False,False,False,False,False,False,False,False,False,False,False,False,10.4488063,77.52472,Exact Hospital
2190,MDI,H_22402,"Kamakshi Pandarinathan Trust,Autism,Dindigul TN.",,Dindigul,Private,Multi,PVT AUTISM,Pvt,12,25-09-2017,2017,,False,False,False,False,False,False,False,False,False,False,False,False,False,False,False,False,False,False,False,False,False,False,False,False,False,False,False,False,False,False,False,False,False,False,False,False,False,False,False,False,10.4257161,77.8154728,District Center
1082,MDI,H_18675,"Kanna Hospital,Dindigul TN.","13-D,Y.M.R.PATTY, AARTHY THEATRE ROAD, DINDIGUL-624001.",Dindigul,PVT HOSPITAL,Multi,PVT,PVT,5,19-04-2017,2017,A6,False,False,False,False,False,False,True,False,False,True,False,True,False,False,False,False,False,False,False,False,False,False,False,False,False,False,False,False,False,False,False,False,False,False,False,False,False,False,False,False,10.3651479,77.9821757,Exact Hospital
1083,MDI,H_21221,"Kasturba Hospital, Dindigul TN.","( A unit of Gandhigram Trust) Gandhigram, Dindigul District",Dindigul,PVT HOSPITAL,Multi,PVT,PVT,67,28-03-2023,2023,A6,False,False,False,False,False,False,False,False,False,False,False,True,False,False,False,False,False,False,False,False,False,False,False,False,False,False,False,False,False,False,False,False,False,False,False,False,False,False,False,False,10.2792531,77.922277,Exact Hospital
1084,MDI,H_18282,"KT Hospital, Oddanchatram, Dindigul TN.","NO.100, DHARAPURAM ROAD, ,OTTANCHATHIRAM-624619",Dindigul,PVT HOSPITAL,Multi,PVT,PVT,5,19-04-2017,2017,A4,False,False,False,False,True,False,True,False,True,True,False,True,False,False,True,False,False,False,False,True,False,True,False,False,True,False,False,False,False,False,False,False,False,False,False,True,False,False,False,True,10.4257161,77.8154728,District Center
1085,MDI,H_22014,"KT Hospitals,DGL,Dindigul,TN.","222,Palani Road,Near Bye Pass Junction,Dindigul - 624001",Dindigul,PVT HOSPITAL,Multi,PVT,PVT,2,27-03-2017,2017,A1,False,True,False,False,True,False,True,False,True,True,True,True,False,False,True,True,True,False,False,False,True,True,True,False,True,True,True,True,True,False,False,True,False,False,False,True,True,False,True,True,10.365646,77.9693256,Village/Town Center
2206,MDI,H_25888,"Lantern Charitable Trust, Autism, Dindigul TN.",,Dindigul,Private,Multi,PVT AUTISM,Pvt,70,07-07-2023,2023,,False,False,False,False,False,False,False,False,False,False,False,False,False,False,False,False,False,False,False,False,False,False,False,False,False,False,False,False,False,False,False,False,False,False,False,False,False,False,False,False,10.4257161,77.8154728,District Center
1086,MDI,H_22675,"Leonard Hospital, Dindigul TN.","SH155, Dindigul Main Road, Arunachalapurum, Batlagundu - 624202,",Dindigul,PVT HOSPITAL,Multi,PVT,PVT,21,16-07-2018,2018,A6,False,False,False,False,False,False,True,False,True,True,False,True,False,False,True,False,False,False,False,True,False,False,False,False,True,False,False,False,False,False,False,True,False,False,False,False,False,False,False,False,10.1654928,77.7606592,Exact Hospital
1087,MDI,H_22859,"Malar Hospital, Oddanchatram, Dindigul TN.","10/17,Palani Main Road, Oddanchatram(Axis bank opp),Dindigul -624619",Dindigul,PVT HOSPITAL,Multi,PVT,PVT,31,13-05-2019,2019,A6,False,False,False,False,False,False,True,False,False,True,False,True,False,False,False,False,True,False,False,False,False,False,False,False,True,False,False,False,False,False,False,False,False,False,False,True,False,False,False,False,10.365646,77.9693256,Village/Town Center
2188,MDI,H_21529,"Malar Scans, Dindigul Dc.",,Dindigul,Private,Multi,DC PVT-STANDALONE,Pvt,2,27-03-2017,2017,,False,False,False,False,False,False,False,False,False,False,False,False,False,False,False,False,False,False,False,False,False,False,False,False,False,False,False,False,False,False,False,False,False,False,False,False,False,False,False,False,10.4257161,77.8154728,District Center
1088,MDI,H_26038,"Nidharshana Hospital, Dindigul, TN.","NO.1 ,BYPASS ROAD,THIRUNAGAR, SIVAGIRIPATTY,PALANI.",Dindigul,PVT HOSPITAL,Multi,PVT,PVT,78,01-08-2024,2024,A6,False,False,False,False,False,False,False,False,True,False,False,False,False,False,False,False,False,False,False,False,False,False,False,False,True,False,False,False,False,False,False,False,False,False,False,True,False,False,False,False,10.4257161,77.8154728,District Center
1089,MDI,H_25627,"Nila Hospital,Dindigul TN.","NO 39 , NEW AGRAHARAM , PALANI ROAD , DINDIGUL , 624001.",Dindigul,PVT HOSPITAL,Multi,PVT,PVT,57,23-03-2022,2022,A6,False,False,False,False,False,False,False,False,False,False,False,True,False,False,False,False,False,False,False,False,False,False,False,False,False,False,False,False,False,False,False,False,False,False,False,False,False,False,False,False,10.3558126,77.9834859,Village/Town Center
1090,MDI,H_22115,"NP Hospital,Dindigul TN.","400/10, Near EB Office,Dharapuram Road, Oddanchatram, Dindigul.",Dindigul,PVT HOSPITAL,Multi,PVT,PVT,6,15-05-2017,2017,A6,False,False,False,False,False,False,True,False,False,True,True,True,False,False,False,False,False,False,False,True,False,False,False,False,True,False,False,False,False,False,False,False,False,False,False,False,False,False,False,False,10.4938688,77.7459828,Exact Hospital
1091,MDI,H_18281,"Priya Hospital,Dindigul TN.","2/2, NETHAJI NAGAR,DINDIGUL ROAD, PALANI-624601",Dindigul,PVT HOSPITAL,Multi,PVT,PVT,7,23-05-2017,2017,A6,False,False,False,False,False,False,True,False,True,True,False,True,False,False,True,False,False,False,False,False,False,False,False,False,True,False,False,False,False,False,False,False,False,False,False,False,False,False,False,True,10.4485636,77.5314268,Exact Hospital
1092,MDI,H_20930,"R K Cardiacare Centre, Dindigul TN.","62/1 AMC ROAD, DINDIGUL - 624003",Dindigul,PVT HOSPITAL,Multi,PVT,PVT,7,23-05-2017,2017,A6,False,True,False,False,False,False,True,False,False,False,False,False,False,False,False,False,False,False,False,False,False,False,False,False,False,False,False,False,False,False,False,False,False,False,False,False,False,False,False,False,10.365646,77.9693256,Village/Town Center
1093,MDI,H_19006,"Raja Rajeswari Nursing Home P Ltd, Dindigul TN.","THIRUVALLUVAR SALAI, NEAR BUSSTAND,DINDIGUL,NEAR TO BUSSTAND-624001",Dindigul,PVT HOSPITAL,Multi,PVT,PVT,2,27-03-2017,2017,A6,False,False,False,False,False,False,True,False,True,False,True,True,False,False,True,True,False,False,False,True,False,True,False,False,True,False,False,False,False,False,False,True,False,False,False,False,False,False,False,True,10.4257161,77.8154728,District Center
1094,MDI,H_18320,"Sanjay Surgical Hospital,Dindigul TN.","SUPRAMANIAPURAM,PALANI-624601",Dindigul,PVT HOSPITAL,Multi,PVT,PVT,5,19-04-2017,2017,A6,False,False,False,False,False,False,True,False,True,True,True,True,False,False,True,False,False,False,False,True,True,False,False,False,True,False,False,False,False,False,False,False,False,False,False,False,False,False,True,True,10.4542017,77.5138074,Exact Hospital
2189,MDI,H_19434,"Sbc Scans,Dindigul Dc",,Dindigul,Private,Multi,DC PVT-STANDALONE,Pvt,5,19-04-2017,2017,,False,False,False,False,False,False,False,False,False,False,False,False,False,False,False,False,False,False,False,False,False,False,False,False,False,False,False,False,False,False,False,False,False,False,False,False,False,False,False,False,10.4257161,77.8154728,District Center
1095,MDI,H_18423,"Shifa Hospital, Dindigul TN.","CHENNAMANAYAKKAN PATTI MAIN ROAD, NEAR COLLECTER OFFICE, DINDIGUL-624004.",Dindigul,PVT HOSPITAL,Multi,PVT,PVT,5,19-04-2017,2017,A2,False,False,False,False,True,False,True,False,True,True,True,True,False,False,True,False,False,False,True,False,False,False,False,False,True,True,False,False,True,False,False,True,False,False,False,True,False,False,False,False,10.3899136,77.9614439,Exact Hospital
1096,MDI,H_19620,"Shree Sathya Subha Hospital,Dindigul TN.","53, NEW AGRAHARAM, PALANI ROAD, DINDIGUL-624001.",Dindigul,PVT HOSPITAL,Multi,PVT,PVT,5,19-04-2017,2017,A3,False,False,False,False,True,False,True,False,True,True,True,False,False,False,False,False,False,False,False,False,False,False,False,False,True,False,True,False,True,False,False,True,False,False,False,False,False,False,False,True,10.3657832,77.9748677,Exact Hospital
1097,MDI,H_18227,"Soba General Hospital,Dindigul TN.","A-80,PENSIONER STREET, PALANI ROAD, DINDIGUL-624001.",Dindigul,PVT HOSPITAL,Multi,PVT,PVT,8,24-06-2017,2017,A6,False,False,False,False,False,False,True,False,False,True,True,True,False,False,False,False,False,False,False,False,False,False,False,False,False,False,False,False,False,False,False,False,False,False,False,False,False,False,False,False,10.3652378,77.9719571,Exact Hospital
1098,MDI,H_22033,"Sree Kumaran Hospital, Dindigul,TN.","Market By-Pass Road, Oddanchatram, Dindigul(DT)",Dindigul,PVT HOSPITAL,Multi,PVT,PVT,2,27-03-2017,2017,A4,False,False,False,False,False,False,True,False,False,True,True,True,False,False,False,False,False,False,False,False,True,False,False,False,True,False,False,False,False,False,False,False,False,False,False,False,False,False,False,False,10.4896567,77.7469188,Exact Hospital
1099,MDI,H_22114,"Sri Amman Hospital, Dindigul TN.","35-P/18, Dharapuram road, Oddanchatram.Dindigil -624001",Dindigul,PVT HOSPITAL,Multi,PVT,PVT,6,15-05-2017,2017,A6,False,False,False,False,False,False,True,False,True,True,False,True,False,False,False,False,False,False,False,False,False,False,False,False,False,False,False,False,False,False,False,True,False,False,False,False,False,False,False,False,10.4257161,77.8154728,District Center
1100,MDI,H_26121,"Sri Bama Hospital, Batlagundu, Dindigul TN.","1/2,1/3,ANNA NAGAR,USILAMPATTI MAIN ROAD BATLAGUNDU,DINDIGUL ",Dindigul,PVT HOSPITAL,Multi,PVT,PVT,82,06-01-2025,2025,A6,False,False,False,False,False,False,False,False,True,True,False,False,False,False,False,False,False,False,False,True,False,False,False,False,False,False,False,False,False,False,False,False,False,False,False,False,False,False,False,False,10.4257161,77.8154728,District Center
1101,MDI,H_22295,"Sri Sakthi Vinayakar Multispec Hosp, Dindigul TN.","Sri Sakthi Vinayakar Hospital, 95A Near Bus Stand Karur Main Road Guziliamparai , Dindigul 624703",Dindigul,PVT HOSPITAL,Multi,PVT,PVT,8,24-06-2017,2017,A6,False,False,False,False,False,False,True,False,False,False,False,False,False,False,False,False,False,False,False,True,False,False,False,False,False,False,False,False,False,False,False,False,False,False,False,False,False,False,False,False,10.365646,77.9693256,Village/Town Center
1102,MDI,H_22400,"St Joseph Hospital, Dindigul TN.","15, Trichy - Dindugal Rd, Nehruji Nagar, Dindigul",Dindigul,PVT HOSPITAL,Multi,PVT,PVT,12,25-09-2017,2017,A3,False,False,False,False,False,False,True,False,True,True,False,True,False,False,True,False,False,False,False,True,False,False,False,False,True,False,False,False,False,False,False,True,False,False,False,False,False,False,False,False,10.3696827,77.9819307,Exact Hospital
1103,MDI,H_26321,"Tamilnad Kidney Research Foundation, Dindigul TN.","N Krishnasamy Memorial Hospitals (A project of N.K Charitable Foundation) No.303/1, Pillayarnatham V ",Dindigul,PVT HOSPITAL,Single,PVT,PVT,91,28-10-2025,2025,S2,False,False,False,False,False,False,False,False,False,False,False,False,False,False,False,False,False,False,False,True,False,False,False,False,False,False,False,False,False,False,False,False,False,False,False,False,False,False,False,False,10.4257161,77.8154728,District Center
1104,MDI,H_23610,"Vadamalayan Hospitals Pvt Ltd, Dindigul TN.","649/ A2, Chettinaikanpatti village Road, Angu Bharathi Nagar, J.J. Nagar, Dindigul, Tamil Nadu ",Dindigul,PVT HOSPITAL,Multi,PVT,PVT,45,24-02-2021,2021,A1,False,True,True,False,False,False,True,False,False,False,True,False,False,False,False,True,False,False,False,True,False,False,False,False,False,False,False,False,False,False,False,False,True,False,False,False,False,False,False,False,10.380814,77.9689953,Exact Hospital
1105,MDI,H_22442,"Van Allen Hospital,Dindigul TN.","St.Mary's Road ,van allen hospital,kodaikanal-624101",Dindigul,PVT HOSPITAL,Multi,PVT,PVT,14,19-12-2017,2017,A6,False,False,False,False,False,False,False,False,True,True,False,True,False,False,False,False,False,False,False,True,False,False,False,False,True,False,False,False,False,False,False,False,False,False,False,False,False,False,False,False,10.2316971,77.4940325,Exact Hospital
1106,MDI,H_21140,"Vel Multispeciality Hospital,Dindugul TN.","11,VEL NAGAR, GOUNDER ITTERY ROAD, PALANI,DINDIGUL, TAMIL NADU - 624601",Dindigul,PVT HOSPITAL,Multi,PVT,PVT,4,12-04-2017,2017,A2,False,True,True,False,True,False,True,False,True,True,True,True,False,False,False,True,False,False,False,True,True,True,False,True,True,False,False,False,True,False,False,True,False,False,False,True,False,True,False,True,10.2411215,77.4960623,Village/Town Center
1107,MDI,H_19008,"Vijaya Hospital, Dindigul TN","11, EVR PERIYAR SALAI,,WEST GOVINDHAPURAM, DINDIGUL,WEST GOVINDHAPURAM-624001",Dindigul,PVT HOSPITAL,Multi,PVT,PVT,5,19-04-2017,2017,A5,False,False,False,False,False,False,True,False,False,False,False,False,False,False,False,False,False,False,False,False,False,False,False,False,True,False,False,False,False,False,False,False,False,False,False,True,False,False,False,True,10.3711985,77.970941,Exact Hospital
736,Vidal,H_23848,"Abhi SK Hospital,Gobichettipalayam Erode TN.","153, Sathy Main Road, Karrattadai Palayam, Post, Nallagoundenpalayam, Gobichettipalayam, Tamil Nadu 638452",Erode,Private,Single,PVT HOSPITAL,Pvt,50,30-07-2021,2020,,False,False,False,False,False,False,False,False,False,False,False,False,False,False,False,False,False,False,False,False,False,False,False,False,False,False,False,False,False,False,False,False,False,False,False,False,False,False,False,False,11.4905282,77.3505274,District Center
737,Vidal,H_21974,"Abirami Kidney Care Dr Thangavelu Hosp, Erode TN.","581/582, BROUGH ROAD, NEAR RAVI THEATER ERODE - 638011",Erode,Private,Single,PVT HOSPITAL,Pvt,1,20-03-2017,2017,S1,False,False,False,False,False,False,True,False,False,False,True,False,False,False,False,False,True,False,False,True,False,False,False,False,False,False,False,False,False,False,False,False,False,False,False,False,False,False,True,False,11.4905282,77.3505274,District Center
738,Vidal,H_26036 ,"Abirami Kidney Care, Gobichettipalayam, Erode TN.",new d no 2 old d.no 10 velumani nagar old post office building L Kallipatti Privu Gobichettipalayam ,ERODE,Private,Single,PVT HOSPITAL,Pvt,78,01-08-2024,2024,S1,False,False,False,False,False,False,False,False,False,False,False,False,False,False,False,False,False,False,False,True,False,False,False,False,False,False,False,False,False,False,False,False,False,False,False,False,False,False,False,False,11.4905282,77.3505274,District Center
739,Vidal,H_18583,"Acchutha Eye Care,Erode TN.","No.210, Pavalathampalayam, Perundurai Road, Kathirampatti Post, Erode.",Erode,Private,Single,PVT HOSPITAL,Pvt,5,19-04-2017,2017,S1,False,False,False,False,False,False,True,False,False,False,False,False,False,False,False,False,False,False,False,False,False,False,False,True,False,False,False,False,False,False,False,False,False,False,False,False,False,False,False,False,11.33176,77.7202562,Exact Hospital
740,Vidal,H_24502,"Adhithya Medical Centre and Hospital, ErodeTN.","94-95 Nehruji Street,Nadarmedu,Erode-638002",Erode,Private,Single,PVT HOSPITAL,Pvt,51,19-08-2021,2024,,False,False,False,False,False,False,False,False,False,False,False,False,False,False,False,False,False,False,False,False,False,False,False,False,False,False,False,False,False,False,False,False,False,False,False,False,False,False,False,False,11.4905282,77.3505274,District Center
741,Vidal,H_18296,"Annai ENT, Head And Neck Care Centre,Erode TN.","12-D, PALANIYAPPA STREET, OPP. FEDERAL BANK, PERUNDURAI ROAD",Erode,Private,Single,PVT HOSPITAL,Pvt,4,12-04-2017,2017,S2,False,False,False,False,True,False,True,False,False,False,False,False,False,False,False,False,False,False,False,False,False,False,False,False,False,False,False,False,False,False,False,False,False,False,False,False,False,False,False,False,11.4905282,77.3505274,District Center
742,Vidal,H_19483,"Arasan Eye Hospital, Royal Theatre, Erode TN.","NO 26 ANNAMALAI LAYOUT OPP TO ROYAL THEATRE NEAR BUS STAND, ERODE",Erode,Private,Single,PVT HOSPITAL,Pvt,5,19-04-2017,2017,S1,False,False,False,False,False,False,True,False,False,False,False,False,False,False,False,False,False,False,False,False,False,False,False,True,False,False,False,False,False,False,False,False,False,False,False,False,False,False,False,False,11.4905282,77.3505274,District Center
743,Vidal,H_18458,"Ashok Krishna Hospital,Erode TN.","60A,DEVAPURAM,BHAVANI BHAVANI(TK),ERODE(DT)",Erode,Private,Multi,PVT HOSPITAL,Pvt,5,19-04-2017,2017,A4,False,True,False,False,False,False,True,False,True,True,True,True,False,False,False,False,False,False,False,False,True,False,False,False,True,False,False,False,False,False,False,False,False,False,False,True,False,False,False,False,11.4483344,77.6856579,Exact Hospital
744,Vidal,H_22809,"Ashwin Hospital, Erode TN.","  545 SKC ROAD,SURAMPATTI NAAL ROAD,ERODE -  638001",Erode,Private,Multi,PVT HOSPITAL,Pvt,29,12-02-2019,2019,A6,False,False,False,False,False,False,True,False,True,True,False,True,False,False,False,False,False,False,False,False,False,False,False,False,True,False,False,False,False,False,False,False,False,False,False,False,False,False,False,False,11.3330395,77.7197233,Exact Hospital
745,Vidal,H_18553,"Bharani Paventhan Multispeciality Hosp,Erode TN.","74, sampath nagar, (Opp.) District Court, Erode",Erode,Private,Single,PVT HOSPITAL,Pvt,5,19-04-2017,2017,S1,False,False,False,False,False,False,True,False,False,False,False,False,False,False,False,False,False,False,False,False,False,False,False,False,True,False,False,False,False,False,False,False,False,False,False,True,False,False,False,True,11.4905282,77.3505274,District Center
746,Vidal,H_20708,"Bharathi Heart and Maternity Hospital,Erode TN.",3 EVN ROAD ERODE,Erode,Private,Multi,PVT HOSPITAL,Pvt,5,19-04-2017,2017,A4,False,True,True,False,False,False,True,False,True,True,False,True,False,False,False,True,False,False,False,False,True,False,False,False,False,True,False,True,False,False,False,False,False,False,False,False,False,False,False,False,11.4905282,77.3505274,District Center
747,Vidal,H_21975,"Care24 Medical Centre and Hospital, Erode TN.",No. 78/1 to 10. Perundurai Road,Erode,Private,Multi,PVT HOSPITAL,Pvt,1,20-03-2017,2017,A3,False,True,False,True,True,False,True,True,True,True,True,True,False,False,False,True,True,True,True,True,True,True,False,False,True,False,True,True,False,False,False,True,False,False,False,True,True,True,False,True,11.4905282,77.3505274,District Center
748,Vidal,H_18534,"City Hospital,Erode TN.","City Hospital 87, RKV Road Opp. Krishna Theatre Road Erode - 638 003",Erode,Private,Multi,PVT HOSPITAL,Pvt,5,19-04-2017,2017,A3,False,False,False,False,False,False,True,False,True,True,False,True,False,False,False,False,False,True,True,True,True,True,False,False,True,True,False,True,True,False,False,False,False,False,False,False,False,False,False,True,11.3451151,77.7300887,Exact Hospital
749,Vidal,H_18535,"CK Hospital,Erode TN.","41,BALASUBBRAYALU ST,ERODE",Erode,Private,Multi,PVT HOSPITAL,Pvt,5,19-04-2017,2017,A4,False,False,False,True,False,False,True,False,True,True,True,True,False,False,True,False,False,False,True,True,True,True,False,False,True,True,False,True,True,False,False,False,False,False,False,False,False,False,False,True,11.3326562,77.7282011,Exact Hospital
750,Vidal,H_18254,"Dakshin Trauma Center,Erode TN.","2A-BUDDHAR STREET, ERODE MAIN ROAD,",Erode,Private,Multi,PVT HOSPITAL,Pvt,5,19-04-2017,2017,A4,False,False,False,False,False,False,True,False,True,False,True,False,False,False,False,False,False,False,False,False,False,True,False,False,True,False,True,False,False,False,False,False,False,False,False,True,False,False,False,True,11.3375685,77.7280416,Village/Town Center
1924,Vidal,H_22506,"District Differently abled welfare office,ErodeTN.",,Erode,DDWO,DDWO,DDWO,Govt,0,05-02-2018,2018,,False,False,False,False,False,False,False,False,False,False,False,False,False,False,False,False,False,False,False,False,False,False,False,False,False,False,False,False,False,False,False,False,False,False,False,False,False,False,False,False,11.4905282,77.3505274,District Center
751,Vidal,H_18385,"Dr Loganathan Orthopaedic Hospital,Erode TN.","606/A, Mettur Road, Bhavani, Erode - 638301",Erode,Private,Single,PVT HOSPITAL,Pvt,5,19-04-2017,2017,S1,False,False,False,False,False,False,True,False,False,False,False,False,False,False,False,False,False,False,False,False,False,False,False,False,True,False,False,False,False,False,False,False,False,False,False,True,False,False,False,True,11.4554834,77.6903362,Exact Hospital
752,Vidal,H_18699,"Dr. Agarwal Eye hospital,Erode TN.","NO:397/1, PERUNDURAI MAIN ROAD, OPP TO KPK PETROL BUNK, PERUNDURAI MAIN ROAD,",Erode,Private,Single,PVT HOSPITAL,Pvt,5,19-04-2017,2017,S2,False,False,False,False,False,False,True,False,False,False,False,False,False,False,False,False,False,False,False,False,False,False,False,True,False,False,False,False,False,False,False,False,False,False,False,False,False,False,False,False,11.3421842,77.7173066,Exact Hospital
753,Vidal,H_18366,"Dr.K.M.Nallaswamy Hospital,Erode TN.","93, Power House Road, Erode - 638001",Erode,Private,Multi,PVT HOSPITAL,Pvt,5,19-04-2017,2017,A3,False,False,False,False,False,False,True,False,True,True,True,False,False,False,False,False,False,False,False,True,False,False,False,False,True,False,False,False,False,False,False,False,False,False,False,True,False,False,False,True,11.3367022,77.7184211,Exact Hospital
754,Vidal,H_18533,"Dr.Kumarasamy, EVN Road, Erode TN.","22, POOSARI CHENNIMALAI STREET EVN Road",Erode,Private,Single,PVT HOSPITAL,Pvt,75,25-04-2024,2017,S1,False,False,False,False,False,False,True,False,False,False,True,False,False,False,False,False,False,False,False,False,False,False,False,False,False,False,False,False,False,False,False,False,False,False,False,False,False,False,False,False,11.3306483,77.7276519,Village/Town Center
755,Vidal,H_18948,"Erode Cancer Center,Erode TN.","1/393, VELAVAN NAGAR, PERUNDURAI ROAD, THINDAL, ERODE-638012, Tamilnadu.",Erode,Private,Single,PVT HOSPITAL,Pvt,4,12-04-2017,2017,S2,False,False,False,False,False,False,True,False,False,False,False,False,False,False,False,False,False,True,False,False,False,False,False,False,False,False,False,False,False,False,False,False,True,False,False,False,False,True,False,False,11.4905282,77.3505274,District Center
756,Vidal,H_22061,"Erode Emergency Care Center,Thindal, Erode TN.","VEERAPPAMPALAYAM MAIN ROAD, THINDAL POST, ERODE DISTRICT",Erode,Private,Multi,PVT HOSPITAL,Pvt,3,04-04-2017,2017,A6,False,True,False,False,False,False,True,False,True,False,True,False,False,False,False,True,False,False,False,False,False,False,False,False,True,False,False,False,False,False,False,False,False,False,False,False,False,False,False,False,11.4905282,77.3505274,District Center
757,Vidal,H_18416,"Erode Kidneys Center, Erode TN.","13, Muthukaruppan street, gandhi nagar, erode -638009",Erode,Private,Single,PVT HOSPITAL,Pvt,5,19-04-2017,2017,S1,False,False,False,False,False,False,True,False,False,False,True,False,False,False,False,False,False,False,False,False,False,False,False,False,False,False,False,False,False,False,False,False,False,False,False,False,False,False,False,False,11.3306483,77.7276519,Village/Town Center
758,Vidal,H_22063,"Erode Medical Centre, Perundurai Road, Erode TN.","R.S.No.374/2B,3B PERUNDURAI ROAD ,ERODE-638011 OPPOSITE TO RELIANCE MALL",Erode,Private,Multi,PVT HOSPITAL,Pvt,3,04-04-2017,2017,A3,False,True,True,True,True,False,True,False,True,True,True,True,False,False,False,True,False,True,True,False,False,True,False,False,True,True,True,True,True,False,False,True,False,False,False,True,True,True,False,True,11.4905282,77.3505274,District Center
759,Vidal,H_18418,"Erode Ortho Center,Erode TN.","Old No.803, New No.384 EVN Road Near Railway Station Erode-638001",Erode,Private,Single,PVT HOSPITAL,Pvt,5,19-04-2017,2017,S1,False,False,False,False,False,False,True,False,False,False,False,False,False,False,False,False,False,False,False,False,False,False,False,False,True,False,False,False,False,False,False,False,False,False,False,True,False,False,False,True,11.4905282,77.3505274,District Center
1887,Vidal,H_20795,"Gobi Diagnostic Centre, Erode DC.",,Erode,Private,PVT-STANDALONE,DC PVT-STANDALONE,Pvt,3,19-04-2017,2017,,False,False,False,False,False,False,False,False,False,False,False,False,False,False,False,False,False,False,False,False,False,False,False,False,False,False,False,False,False,False,False,False,False,False,False,False,False,False,False,False,11.4905282,77.3505274,District Center
1888,Vidal,H_20855,"Gobi MRI Scan Centre, Erode DC.",,Erode,Private,PVT-STANDALONE,DC PVT-STANDALONE,Pvt,3,19-04-2017,2017,,False,False,False,False,False,False,False,False,False,False,False,False,False,False,False,False,False,False,False,False,False,False,False,False,False,False,False,False,False,False,False,False,False,False,False,False,False,False,False,False,11.4905282,77.3505274,District Center
1688,Vidal,H_24520,"Govt Athani UPHC, Anthiyur Erode TN.","The Medical Officer
Govt. Primary Health Centre
Athani  - ",Erode,UPHC,Multi,Govt-MTM,Govt,51,19-08-2021,2021,A1,False,False,False,False,False,False,False,False,False,False,False,False,False,False,False,False,False,False,False,False,False,True,False,False,False,False,False,False,False,False,False,False,False,False,True,False,False,False,False,False,11.4905282,77.3505274,District Center
1701,Vidal,H_25010,"Govt BP Agraharam Zone-1 UPHC, Erode TN.","The Medical Officer,
Urban Primary Health Centre,
BP Agraharam",Erode,UPHC,Multi,Govt-MTM,Govt,55,12-11-2021,2021,A1,False,False,False,False,False,False,False,False,False,False,False,False,False,False,False,False,False,False,False,False,False,True,False,False,False,False,False,False,False,False,False,False,False,False,True,False,False,False,False,False,11.4581863,77.4325199,Village/Town Center
1686,Vidal,H_24516,"Govt Chennimalai UPHC, Erode TN.","The Medical Officer
Govt. Primary Health Centre
Chennimalai",Erode,UPHC,Multi,Govt-MTM,Govt,51,19-08-2021,2021,A1,False,False,False,False,False,False,False,False,False,False,False,False,False,False,False,False,False,False,False,False,False,True,False,False,False,False,False,False,False,False,False,False,False,False,True,False,False,False,False,False,11.4905282,77.3505274,District Center
1690,Vidal,H_24524,"Govt Chithode UPHC, Erode TN.","The Medical Officer
Govt. Primary Health Centre
Chithode ",Erode,UPHC,Multi,Govt-MTM,Govt,51,19-08-2021,2021,A1,False,False,False,False,False,False,False,False,False,False,False,False,False,False,False,False,False,False,False,False,False,True,False,False,False,False,False,False,False,False,False,False,False,False,True,False,False,False,False,False,11.4905282,77.3505274,District Center
1698,Vidal,H_24810,"Govt Guruvareddiyur UPHC, Ammapet,Erode TN.","The Medical Officer
Govt. Primary Health Centre
Guruvareddiyur - ",ERODE,UPHC,Multi,Govt-MTM,Govt,52,06-09-2021,2021,A1,False,False,False,False,False,False,False,False,False,False,False,False,False,False,False,False,False,False,False,False,False,True,False,False,False,False,False,False,False,False,False,False,False,False,True,False,False,False,False,False,11.4905282,77.3505274,District Center
591,Vidal,H_19712,"Govt Hospital Bhavani, Erode TN.","ANTHIYUR MAIN ROAD,BHAVANI.",Erode,Sub-district Hospital,Multi,Govt-DMS,Govt,1,20-03-2017,2017,A1,False,True,True,True,True,True,True,True,True,True,True,True,True,True,True,True,True,True,True,True,True,True,True,True,True,True,True,True,True,False,True,True,True,False,True,True,True,True,True,True,11.4519113,77.6819742,Exact Hospital
699,Vidal,H_25831,"Govt Hospital Kavunthapadi, Erode TN.","Govt Hospital, Anthiyur Main Road, Kavindapadi",Erode,Sub-district Hospital,Multi,Govt-DMS,Govt,67,28-03-2023,2023,A1,False,True,True,True,True,True,True,True,True,True,True,True,True,True,True,True,True,True,True,True,True,True,True,True,True,True,True,True,True,False,True,True,True,False,True,True,True,True,True,True,11.4905282,77.3505274,District Center
698,Vidal,H_25830,"Govt Hospital Kodumudi, Erode TN. ",Government hospital kodumudi  near taluk office,Erode,Sub-district Hospital,Multi,Govt-DMS,Govt,67,28-03-2023,2023,A1,False,True,True,True,True,True,True,True,True,True,True,True,True,True,True,True,True,True,True,True,True,True,True,True,True,True,True,True,True,False,True,True,True,False,True,True,True,True,True,True,11.0818941,77.8843873,Exact Hospital
1699,Vidal,H_24848,"Govt Jambai UPHC, Bhavani, Erode TN.","The Medical Officer
Govt. Primary Health Centre
Jambai  - ",Erode,UPHC,Multi,Govt-MTM,Govt,53,18-09-2021,2021,A1,False,False,False,False,False,False,False,False,False,False,False,False,False,False,False,False,False,False,False,False,False,True,False,False,False,False,False,False,False,False,False,False,False,False,True,False,False,False,False,False,11.4905282,77.3505274,District Center
1696,Vidal,H_24804,"Govt Kasipalayam IV UPHC, Gandhiji Rd, Erode TN.","The Medical Officer,
Urban Primary Health Centre,
Kasipalayam, 639002",Erode,UPHC,Multi,Govt-MTM,Govt,52,06-09-2021,2021,A1,False,False,False,False,False,False,False,False,False,False,False,False,False,False,False,False,False,False,False,False,False,True,False,False,False,False,False,False,False,False,False,False,False,False,True,False,False,False,False,False,11.4905282,77.3505274,District Center
1692,Vidal,H_24527,"Govt Modakkurichi UPHC, Erode TN.","The Medical Officer
Govt. Primary Health Centre
Modakuruchi",Erode,UPHC,Multi,Govt-MTM,Govt,51,19-08-2021,2021,A1,False,False,False,False,False,False,False,False,False,False,False,False,False,False,False,False,False,False,False,False,False,True,False,False,False,False,False,False,False,False,False,False,False,False,True,False,False,False,False,False,11.4905282,77.3505274,District Center
1687,Vidal,H_24519,"Govt Nambiyur UPHC, Erode TN.","The Medical Officer
Govt. Primary Health Centre
Nambiyur  -",Erode,UPHC,Multi,Govt-MTM,Govt,51,19-08-2021,2021,A1,False,False,False,False,False,False,False,False,False,False,False,False,False,False,False,False,False,False,False,False,False,True,False,False,False,False,False,False,False,False,False,False,False,False,True,False,False,False,False,False,11.4905282,77.3505274,District Center
1703,Vidal,H_25013,"Govt Nethaji Road Zone-4 UPHC, Erode TN.","The Medical Officer,
Urban Primary Health Centre,
Nethaji Road",Erode,UPHC,Multi,Govt-MTM,Govt,55,12-11-2021,2021,A1,False,False,False,False,False,False,False,False,False,False,False,False,False,False,False,False,False,False,False,False,False,True,False,False,False,False,False,False,False,False,False,False,False,False,True,False,False,False,False,False,11.4581863,77.4325199,Village/Town Center
1689,Vidal,H_24522,"Govt P.Puliyampatty UPHC, Bhavanisagar Erode TN.","The Medical Officer
Govt. Primary Health Centre
Punjai puliyampatty  - ",Erode,UPHC,Multi,Govt-MTM,Govt,51,19-08-2021,2021,A1,False,False,False,False,False,False,False,False,False,False,False,False,False,False,False,False,False,False,False,False,False,True,False,False,False,False,False,False,False,False,False,False,False,False,True,False,False,False,False,False,11.4905282,77.3505274,District Center
1702,Vidal,H_25012 ,"Govt Rajajipuram Zone-2 UPHC, Erode TN.","The Medical Officer,
Urban Primary Health Centre,
Rajajipuram",Erode,UPHC,Multi,Govt-MTM,Govt,55,12-11-2021,2021,A1,False,False,False,False,False,False,False,False,False,False,False,False,False,False,False,False,False,False,False,False,False,True,False,False,False,False,False,False,False,False,False,False,False,False,True,False,False,False,False,False,11.4581863,77.4325199,Village/Town Center
1700,Vidal,H_24905,"Govt Siruvallur UPHC, Gobichetipalayam, Erode TN.","The Medical Officer
Govt. Primary Health Centre
Siruvalur   - ",ERODE,UPHC,Multi,Govt-MTM,Govt,54,22-10-2021,2021,A1,False,False,False,False,False,False,False,False,False,False,False,False,False,False,False,False,False,False,False,False,False,True,False,False,False,False,False,False,False,False,False,False,False,False,True,False,False,False,False,False,11.4905282,77.3505274,District Center
1691,Vidal,H_24525,"Govt Sivagiri  UPHC, Kodumudi Erode TN.","The Medical Officer
Govt. Primary Health Centre
Sivagiri",Erode,UPHC,Multi,Govt-MTM,Govt,51,19-08-2021,2021,A1,False,False,False,False,False,False,False,False,False,False,False,False,False,False,False,False,False,False,False,False,False,True,False,False,False,False,False,False,False,False,False,False,False,False,True,False,False,False,False,False,11.4905282,77.3505274,District Center
1695,Vidal,H_24532,"Govt T.N.Palayam UPHC, Erode TN.","The Medical Officer
Govt. Primary Health Centre
Thookanaikenpalayam - ",Erode,UPHC,Multi,Govt-MTM,Govt,51,19-08-2021,2021,A1,False,False,False,False,False,False,False,False,False,False,False,False,False,False,False,False,False,False,False,False,False,True,False,False,False,False,False,False,False,False,False,False,False,False,True,False,False,False,False,False,11.4905282,77.3505274,District Center
1697,Vidal,H_24809,"Govt Talavadi UPHC, Erode TN.","The Medical Officer
Govt. Primary Health Centre
Thalavady ",ERODE,UPHC,Multi,Govt-MTM,Govt,52,06-09-2021,2021,A1,False,False,False,False,False,False,False,False,False,False,False,False,False,False,False,False,False,False,False,False,False,True,False,False,False,False,False,False,False,False,False,False,False,False,True,False,False,False,False,False,11.4905282,77.3505274,District Center
1693,Vidal,H_24528,"Govt Thingalur UPHC, Perundurai Erode TN.","The Medical Officer
Govt. Primary Health Centre
Thingalur",Erode,UPHC,Multi,Govt-MTM,Govt,51,19-08-2021,2021,A1,False,False,False,False,False,False,False,False,False,False,False,False,False,False,False,False,False,False,False,False,False,True,False,False,False,False,False,False,False,False,False,False,False,False,True,False,False,False,False,False,11.4905282,77.3505274,District Center
1694,Vidal,H_24530,"Govt Ukkaram UPHC, Sathyamangalam Erode TN.","The Medical Officer,
Urban Primary Health Centre,
Sathyamangalam",Erode,UPHC,Multi,Govt-MTM,Govt,51,19-08-2021,2021,A1,False,False,False,False,False,False,False,False,False,False,False,False,False,False,False,False,False,False,False,False,False,True,False,False,False,False,False,False,False,False,False,False,False,False,True,False,False,False,False,False,11.4581863,77.4325199,Village/Town Center
593,Vidal,H_22311,"Govt. Erode Medical College and Hosp, Erode TN.",PERUNDURAI SANATORIUM ERODE DISTRICT 638 053 TAMILNADU,Erode,Medical College Hospital ,Multi,Govt-DME,Govt,1,20-03-2017,2017,A1,False,True,True,True,True,True,True,True,True,True,True,True,True,True,True,True,True,True,True,True,True,True,True,True,True,True,True,True,True,False,True,True,True,False,True,True,True,True,True,True,11.4905282,77.3505274,District Center
592,Vidal,H_18525,"Govt. Hospital Gobichettipalayam, Erode TN.","NEW HOSPITAL STREET,GOBICHETTIPALAYAM.ERODE(DT)",Erode,Sub-district Hospital,Multi,Govt-DMS,Govt,1,20-03-2017,2017,A1,False,True,True,True,True,True,True,True,True,True,True,True,True,True,True,True,True,True,True,True,True,True,True,True,True,True,True,True,True,False,True,True,True,False,True,True,True,True,True,True,11.4567319,77.4288811,Exact Hospital
594,Vidal,H_22083,"Govt. Hospital,Anthiyur, Erode TN.","SH 175, Anthiyur, Tamil Nadu 638501",Erode,Sub-district Hospital,Multi,Govt-DMS,Govt,5,19-04-2017,2017,A1,False,True,True,True,True,True,True,True,True,True,True,True,True,True,True,True,True,True,True,True,True,True,True,True,True,True,True,True,True,False,True,True,True,False,True,True,True,True,True,True,11.5218505,77.5285238,Exact Hospital
595,Vidal,H_22085,"Govt. Hospital,Perundurai, Erode TN.","Perundurai, Tamil Nadu 638052",Erode,Sub-district Hospital,Multi,Govt-DMS,Govt,5,19-04-2017,2017,A1,False,True,True,True,True,True,True,True,True,True,True,True,True,True,True,True,True,True,True,True,True,True,True,True,True,True,True,True,True,False,True,True,True,False,True,True,True,True,True,True,11.1935282,77.5923131,Exact Hospital
596,Vidal,H_22084,"Govt. Hospital,Sathyamangalam, Erode TN.","MEDICAL OFFICER GOVERNMENT ANNA HOSPITAL, SATHYAMANGALAM.",Erode,Sub-district Hospital,Multi,Govt-DMS,Govt,5,19-04-2017,2017,A1,False,True,True,True,True,True,True,True,True,True,True,True,True,True,True,True,True,True,True,True,True,True,True,True,True,True,True,True,True,False,True,True,True,False,True,True,True,True,True,True,11.3560512,77.1689477,Exact Hospital
1923,Vidal,H_22497,"Govt.Head Quarters Hospital, DEIC, Erode TN.",,Erode,DEIC,DEIC,DEIC,Govt,0,08-05-2018,2018,,False,False,False,False,False,False,False,False,False,False,False,False,False,False,False,False,False,False,False,False,False,False,False,False,False,False,False,False,False,False,False,False,False,False,False,False,False,False,False,False,11.4905282,77.3505274,District Center
590,Vidal,H_18478,"Govt.Head Quarters Hospital,Erode TN.",GOVERNMENT HEAD QUARTERS HOSPITAL - E V N ROAD ERODE - 638009,Erode,District Hospital,Multi,Govt-DMS,Govt,1,20-03-2017,2017,A1,False,True,True,True,True,True,True,True,True,True,True,True,True,True,True,True,True,True,True,True,True,True,True,True,True,True,True,True,True,False,True,True,True,False,True,True,True,True,True,True,11.3392519,77.7177331,Exact Hospital
1889,Vidal,H_19899,"Jansons MRI, Erode DC.",,Erode,Private,PVT-STANDALONE,DC PVT-STANDALONE,Pvt,3,19-04-2017,2017,,False,False,False,False,False,False,False,False,False,False,False,False,False,False,False,False,False,False,False,False,False,False,False,False,False,False,False,False,False,False,False,False,False,False,False,False,False,False,False,False,11.4905282,77.3505274,District Center
760,Vidal,H_23253,"K G Nursing Home, Erode TN.","K G NURSING HOME, 47 METTUR ROAD, ERODE 638011.",Erode,Private,single,PVT HOSPITAL,Pvt,37,22-07-2020,2020,S1,False,False,False,False,False,False,True,False,False,False,True,False,False,False,False,False,False,False,False,False,False,False,False,False,False,False,False,False,False,False,False,False,False,False,False,False,False,False,False,False,11.3456845,77.7188784,Exact Hospital
761,Vidal,H_19482,"K.B.N Nursing Home,Krishna Theatre Road,Erode TN.","49/1, KRISHNA THEATRE ROAD, ERODE - 638003",Erode,Private,Multi,PVT HOSPITAL,Pvt,5,19-04-2017,2017,A6,False,True,True,False,False,False,True,False,True,False,False,False,False,False,False,True,False,False,False,False,False,False,False,False,False,False,False,False,False,False,False,False,False,False,False,False,False,False,False,False,11.3306483,77.7276519,Village/Town Center
762,Vidal,H_25721,"K.K.S. Hospital,Gobichettipalayam, Erode TN.","MAIN ROAD, OPPOSITE TO KANNAN DEPARTMENTAL STORE,PUDUPALAYAM,",Erode,Private,Multi,PVT HOSPITAL,PVT,62,30-08-2022,2024,A6,False,False,False,False,False,False,False,False,False,False,True,False,False,False,False,False,False,False,False,True,False,False,False,False,False,False,False,False,False,False,False,False,False,False,False,False,False,False,False,False,11.4905282,77.3505274,District Center
763,Vidal,H_23844,"Kalingarayan Medical centre,Gandhi Nagar Erode TN.","NO. 68 GANDHI NAGAR, NGGO COLONY, ERODE - 638 009",Erode,Private,Multi,PVT HOSPITAL,PVT,62,30-08-2022,2020,,False,False,False,False,False,False,False,False,False,False,False,False,False,False,False,False,False,False,False,False,False,False,False,False,False,False,False,False,False,False,False,False,False,False,False,False,False,False,False,False,11.4905282,77.3505274,District Center
764,Vidal,H_18252,"Kalyani Kidney Care Centre,Erode TN.","104, Sampath Nagar Main Road, Erode - 638 011",Erode,Private,Single,PVT HOSPITAL,Pvt,2,27-03-2017,2017,S1,False,False,False,False,False,False,True,False,False,False,True,False,False,False,False,False,True,False,False,True,False,False,False,False,False,False,False,False,False,False,False,False,False,False,False,False,False,False,True,False,11.3383604,77.7080879,Exact Hospital
765,Vidal,H_18552,"KGR Surgical Nursing Home,Erode TN.","9, KOTTANAKARA STREET, ATHANI ROAD",Erode,Private,Multi,PVT HOSPITAL,Pvt,3,04-04-2017,2017,A4,False,False,False,False,False,False,True,False,True,True,True,True,False,False,False,False,False,True,False,False,True,True,False,False,True,False,False,False,True,False,False,False,False,False,False,True,True,False,True,True,11.5050605,77.2453693,Exact Hospital
766,Vidal,H_19484,"KMCH Speciality Hospital,Palaniyappa St,Erode TN.","16,palaniappa street",Erode,Private,Multi,PVT HOSPITAL,Pvt,4,12-04-2017,2017,A3,False,True,True,False,False,False,False,False,False,True,True,True,False,False,True,True,False,False,False,True,True,True,False,False,True,False,False,False,False,False,False,False,False,False,False,True,False,False,False,False,11.3306483,77.7276519,Village/Town Center
767,Vidal,H_22808,"Kongu Hospital, Perundurai ,Erode TN.","262, bhavani road,   perundurai,  ERODE -  638052",Erode,Private,Single,PVT HOSPITAL,Pvt,29,12-02-2019,2019,S2,False,False,False,False,False,False,False,False,False,False,False,False,False,False,False,False,False,False,False,False,False,False,False,False,True,False,False,False,False,False,False,False,False,False,False,False,False,False,False,False,11.280273,77.587989,Exact Hospital
768,Vidal,H_18272,"Kovai Medical Centre,Erode TN.",02/2 GANDHI NAGAR COLONY PERUNDURAI ROAD ERODE,Erode,Private,Multi,PVT HOSPITAL,Pvt,5,19-04-2017,2017,A5,False,False,False,False,False,False,True,False,False,True,False,False,False,False,False,False,False,False,False,False,False,False,False,False,False,False,False,False,False,False,False,False,False,False,False,False,False,False,False,False,11.3381361,77.7139593,Exact Hospital
769,Vidal,H_22302,"L.V.S Eye Hospital, Palaniappa Street, Erode TN.","13A,PALANIAPPA STREET,OPPOSITE TO G.H,ERODE",Erode,Private,Single,PVT HOSPITAL,Pvt,8,24-06-2017,2018,S2,False,False,False,False,False,False,True,False,False,False,False,False,False,False,False,False,False,False,False,False,False,False,False,True,False,False,False,False,False,False,False,False,False,False,False,False,False,False,False,False,11.4905282,77.3505274,District Center
770,Vidal,H_18529,"LKM Hospital,Erode TN.","61/1, MOSUVANNA STREET",Erode,Private,Single,PVT HOSPITAL,Pvt,5,19-04-2017,2017,S2,False,False,False,False,False,False,True,False,False,False,False,False,False,False,False,False,False,False,False,False,False,False,False,False,True,False,False,False,False,False,False,False,False,False,False,True,False,False,False,True,11.3335626,77.7190368,Exact Hospital
771,Vidal,H_18313,"Lotus Hospitals Research Centre Ltd,Erode TN.",90 THAYUMANAVA SUNDARAM STREET POONDURAI MAIN ROAD KOLLAMPALAYAM,Erode,Private,Multi,PVT HOSPITAL,Pvt,5,19-04-2017,2017,A2,False,True,False,True,True,True,True,True,True,True,True,True,True,False,True,True,False,True,True,True,True,True,False,True,True,True,True,True,True,False,False,True,False,False,True,True,True,True,True,True,11.4905282,77.3505274,District Center
772,Vidal,H_18378,"Maaruthi Mediccal Center And Hospitals, Erode TN.","564, PERUNDURAI ROAD, ERODE",Erode,Private,Multi,PVT HOSPITAL,Pvt,5,19-04-2017,2017,A3,False,False,False,True,True,True,True,False,True,True,False,True,False,False,False,True,False,True,True,True,True,True,False,False,True,True,True,True,True,False,False,True,False,False,False,True,False,True,True,True,11.3396618,77.7152366,Village/Town Center
773,Vidal,H_24509 ,"Manian Medical Centre, ErodeTN.","100,POWER HOUSE ROAD.",Erode,Private,Multi,PVT HOSPITAL,Pvt,51,19-08-2021,2024,A4,False,False,False,False,False,False,False,False,True,True,False,False,False,False,False,False,False,False,False,False,False,False,False,False,True,False,False,False,False,False,False,False,False,False,False,False,False,False,False,False,11.3306483,77.7276519,Village/Town Center
1060,Vidal,H_26337,"Medway Hospital, Erode, TN.","No:132,west pudhur main Street , perundurai road ,Nasiyanur -638107,Erode. ",Erode,Private,Multi,PVT HOSPITAL,Pvt,92,26-11-2025,2025,A6,False,False,False,False,False,False,False,False,True,True,False,True,False,False,False,False,False,False,False,False,False,False,False,False,True,False,False,False,False,False,False,False,False,False,False,False,False,False,False,False,11.3389391,77.6391662,Village/Town Center
1890,Vidal,H_20009,"MGS CT Scan Private Limited, Erode DC.",,Erode,Private,PVT-STANDALONE,DC PVT-STANDALONE,Pvt,3,19-04-2017,2017,,False,False,False,False,False,False,False,False,False,False,False,False,False,False,False,False,False,False,False,False,False,False,False,False,False,False,False,False,False,False,False,False,False,False,False,False,False,False,False,False,11.4905282,77.3505274,District Center
774,Vidal,H_22086,"MS Childrens Hospital,Gobichettipalayam, Erode TN.",22 Baskaran streeat,Erode,Private,Single,PVT HOSPITAL,Pvt,0,01-02-2018,2017,S1,False,False,False,False,False,False,True,False,False,False,False,False,False,False,False,False,False,False,True,False,False,False,False,False,False,True,True,True,False,False,False,False,False,False,False,False,False,False,False,False,11.4905282,77.3505274,District Center
789,Vidal,H_23749,"Nandha Medical College and Hospital, Erode TN.","ERODE-PERUNDURAI MAIN ROAD, PITCHANDAMPALAYAM POST, ERODE ",Erode,Medical College Hospital ,Multi,PVT HOSPITAL,Pvt,79,28-08-2024,2020,A4,False,True,False,True,False,False,False,False,True,True,False,True,False,False,False,False,False,False,False,True,False,False,False,False,False,False,False,False,False,False,False,False,False,False,False,False,False,False,False,False,11.4905282,77.3505274,District Center
775,Vidal,H_22343,"National Hospital,EVN Road, Erode TN.","947, EVN ROAD, ERODE.",Erode,Private,Single,PVT HOSPITAL,Pvt,9,18-07-2017,2018,S1,False,False,False,False,False,False,True,False,False,False,False,False,False,False,False,False,False,False,False,False,False,False,False,False,True,False,False,False,False,False,False,False,False,False,False,False,False,False,False,False,11.3344445,77.7181099,Exact Hospital
776,Vidal,H_21976,"Ortho Life Hospital, Erode TN.","No 216,Anusha Hospital Complex,",Erode,Private,Single,PVT HOSPITAL,Pvt,1,20-03-2017,2017,S2,False,False,False,False,False,False,True,False,False,False,False,False,False,False,False,False,False,False,False,False,False,False,False,False,True,False,False,False,False,False,False,False,False,False,False,True,False,False,False,True,11.3395729,77.7167329,Exact Hospital
777,Vidal,H_22821,"P K Hospital, Erode TN.","2 Sathy- Erode Road , Krishnapuram , Kavandapadi , Erode dt , TN",Erode,Private,Multi,PVT HOSPITAL,Pvt,30,20-03-2019,2019,A6,False,False,False,False,False,False,True,False,False,False,False,True,False,False,False,False,False,False,False,False,False,False,False,False,False,False,False,False,False,False,False,False,False,False,False,False,False,False,False,False,11.3385785,77.7144442,Exact Hospital
778,Vidal,H_18581,"PGR Hospital,Erode TN.","2/599, MAIN ROAD, BHAVANI",Erode,Private,Multi,PVT HOSPITAL,Pvt,5,19-04-2017,2017,A3,False,False,False,False,False,False,True,False,True,True,True,True,False,False,False,False,False,False,False,False,False,False,False,False,True,False,False,False,False,False,False,False,False,False,False,False,False,False,False,True,11.4512002,77.687185,Exact Hospital
1891,Vidal,H_19941,"PP Scan, Diagnostic, Erode DC.",,Erode,Private,PVT-STANDALONE,DC PVT-STANDALONE,Pvt,3,04-04-2017,2017,,False,False,False,False,False,False,False,False,False,False,False,False,False,False,False,False,False,False,False,False,False,False,False,False,False,False,False,False,False,False,False,False,False,False,False,False,False,False,False,False,11.4905282,77.3505274,District Center
779,Vidal,H_22671,"RANM Malathy Vijayakumar Hospital ,Erode TN.","66, SAMPATH NAGAR MAIN ROAD, ERODE-638011",Erode,Private,Single,PVT HOSPITAL,Pvt,21,16-07-2018,2018,S2,False,False,False,False,False,False,True,False,False,False,False,False,False,False,False,False,False,False,False,True,False,False,False,False,False,False,False,False,False,False,False,False,False,False,False,False,False,False,False,False,11.3413334,77.708922,Exact Hospital
1068,Vidal,H_26353,"Ritheesh Hospital, Erode TN.","113/28,SRN LANE,VIP NAGAR, RANGASAMUTHIRAM,SATHYAMANGALAM",Erode,Private,Multi,PVT HOSPITAL,Pvt,93,02-01-2026,2026,A6,False,False,False,False,False,False,False,False,True,False,False,False,False,False,False,False,False,False,False,True,False,False,False,False,False,False,False,False,False,False,False,False,False,False,False,False,False,False,False,False,11.4905282,77.3505274,District Center
780,Vidal,H_22066,"S.K Hospital, E.V.N Road, Erode TN.","4, POOSARI CHENNIMALAI STREET, E.VN ROAD, ERODE - 638 009",Erode,Private,Single,PVT HOSPITAL,Pvt,3,04-04-2017,2017,S2,False,False,False,False,False,False,True,False,False,False,False,False,False,False,False,False,False,False,False,False,False,False,False,False,True,False,False,False,False,False,False,False,False,False,False,True,False,False,False,True,11.4905282,77.3505274,District Center
781,Vidal,H_19629,SCS Hospital and Urology Clinic Erode TN.,"466,Brough Road,",Erode,Private,Single,PVT HOSPITAL,Pvt,5,19-04-2017,2017,S2,False,False,False,False,False,False,True,False,False,False,True,False,False,False,False,False,False,False,False,False,False,False,False,False,False,False,False,False,False,False,False,False,False,False,False,False,False,False,False,False,11.3410253,77.718043,Exact Hospital
782,Vidal,H_18585,"Senthil Multi Speciality Hospital,ErodeTN.","547, Perundurai Road, Erode - 638011. Tamil Nadu",Erode,Private,Multi,PVT HOSPITAL,Pvt,5,19-04-2017,2017,A3,False,False,False,False,False,False,True,False,True,True,True,True,False,False,False,True,False,False,False,True,True,True,False,False,True,False,False,False,False,False,False,False,False,False,False,True,False,False,False,True,11.3306483,77.7276519,Village/Town Center
783,Vidal,H_22064,"Shri Vijaiah Trauma care Hospital, Erode TN.","9,vasuki street- no.5",Erode,Private,Single,PVT HOSPITAL,Pvt,3,04-04-2017,2017,S2,False,False,False,False,False,False,True,False,False,False,False,False,False,False,False,False,False,False,False,False,False,False,False,False,True,False,False,False,False,False,False,False,False,False,False,False,False,False,False,True,11.3418935,77.7193036,Exact Hospital
784,Vidal,H_22305,"Sri Balaji Hospital, Anthiyur, Erode TN.","423/1, Burgur Road, Puthupalayam post, Anthiyur",Erode,Private,Single,PVT HOSPITAL,Pvt,8,24-06-2017,2018,S1,False,False,False,False,False,False,True,False,False,False,False,False,False,False,False,False,False,False,False,False,False,False,False,False,True,False,False,False,False,False,False,False,False,False,False,True,False,False,False,True,11.4905282,77.3505274,District Center
785,Vidal,H_22820,"Sri Chakra Hospital, Erode TN.","280A Sathy main road, Gobichettipalayam Erode Dt",Erode,Private,Multi,PVT HOSPITAL,Pvt,30,20-03-2019,2019,A6,False,False,False,False,False,False,True,False,False,True,True,True,False,False,False,False,False,False,False,True,False,False,False,False,False,False,False,False,False,False,False,False,False,False,False,False,False,False,True,False,11.4544464,77.4228363,Exact Hospital
1069,Vidal,H_26375,"SSS Healthcare India Pvt Ltd, Erode, TN.","167/2C1, PERUNDURAI ROAD, ERODE-638009",Erode,Private,Multi,PVT HOSPITAL,Pvt,94,18-02-2026,2026,A5,False,True,False,False,False,False,False,True,True,True,True,True,False,False,False,True,False,False,False,True,False,False,False,False,True,False,False,False,False,False,False,False,False,False,False,False,True,False,False,False,11.4905282,77.3505274,District Center
786,Vidal,H_24507,"The Eye Foundation, ErodeTN.",NEAR SAKTHI MAHAL MANDAPAM PALAYAPALAYAM PERUNDURAI ROAD,Erode,Private,Single,PVT HOSPITAL,Pvt,51,19-08-2021,2024,S1,False,False,False,False,False,False,False,False,False,False,False,False,False,False,False,False,False,False,False,False,False,False,False,True,False,False,False,False,False,False,False,False,False,False,False,False,False,False,False,False,11.4905282,77.3505274,District Center
787,Vidal,H_21977,"TPN Hospital,Perundurai Main Road, Erode TN.","NO.194/9.PERUNDURAI MAIN ROAD VEERAPPAMPALAYAM PIRIVU, ERODE - 638012",Erode,Private,Single,PVT HOSPITAL,Pvt,1,20-03-2017,2017,S1,False,False,False,False,False,False,True,False,False,False,False,False,False,False,False,False,False,False,False,False,False,False,False,False,True,False,False,False,False,False,False,False,False,False,False,True,False,False,False,True,11.3306483,77.7276519,Village/Town Center
788,Vidal,H_18549,"Udayam Hospital,Erode TN.","33-A/1,ATHANI ROAD,SATHYAMANGALAM,ERODE.DT",Erode,Private,Single,PVT HOSPITAL,Pvt,5,19-04-2017,2017,S2,False,False,False,False,True,False,True,False,False,False,False,False,False,False,False,False,False,False,False,False,False,False,False,False,False,False,False,False,False,False,False,False,False,False,False,False,False,False,False,False,11.5523741,77.2653758,Village/Town Center
790,Vidal,H_25003,"Anbu Hospital, Kallakurichi TN.","49,Gandhi Road, Kallakurichi",Kallakurichi,Private,Multi,PVT HOSPITAL,Pvt,55,12-11-2021,2024,A6,False,False,False,False,False,False,False,False,False,True,False,True,False,False,False,False,False,False,False,False,False,False,False,False,True,False,False,False,False,False,False,False,False,False,False,False,False,False,False,False,11.7946847,79.0388211,District Center
791,Vidal,H_25722,"Balajidhrani Polyclinic Hospitals,Kallakurichi TN.","No-5 vaikal mettu street Gandhi road,Kallakurichi-TK&DT ",Kallakurichi,Private,Multi,PVT HOSPITAL,PVT,62,30-08-2022,2024,A4,False,False,False,False,False,False,False,False,True,True,False,False,False,False,False,False,False,False,False,True,False,False,False,False,False,False,False,False,False,False,False,False,False,False,False,False,False,False,False,False,11.7946847,79.0388211,District Center
1969,Vidal,H_25562 ,"District Disabled welfare office,Kallakurichi TN.",,Kallakurichi,DDWO,DDWO,DDWO,Govt,0,18-03-2022,2022,,False,False,False,False,False,False,False,False,False,False,False,False,False,False,False,False,False,False,False,False,False,False,False,False,False,False,False,False,False,False,False,False,False,False,False,False,False,False,False,False,11.7946847,79.0388211,District Center
1968,Vidal,H_25592 ,"Elite Scans, Kallakurichi DC.",,Kallakurichi,Private,PVT-STANDALONE,DC PVT-STANDALONE,Pvt,57,23-03-2022,2022,,False,False,False,False,False,False,False,False,False,False,False,False,False,False,False,False,False,False,False,False,False,False,False,False,False,False,False,False,False,False,False,False,False,False,False,False,False,False,False,False,11.7946847,79.0388211,District Center
1710,Vidal,H_24677,"Govt Elavanasurkottai UPHC,Kallakurichi TN.","Govt Elavanasurkottai UG PHC,Salem Main Road, E.Kottai",Kallakurichi,UPHC,Multi,Govt-MTM,Govt,51,19-08-2021,2021,A1,False,False,False,False,False,False,False,False,False,False,False,False,False,False,False,False,False,False,False,False,False,True,False,False,False,False,False,False,False,False,False,False,False,False,True,False,False,False,False,False,11.7422842,79.0698338,Village/Town Center
1709,Vidal,H_24676 ,"Govt G.Ariyur UPHC, Thirukoilur Kallakurichi TN.","Govt G.Ariyur UG PHC,Senganankollai road,Government  School Back Side ",Kallakurichi,UPHC,Multi,Govt-MTM,Govt,51,19-08-2021,2021,A1,False,False,False,False,False,False,False,False,False,False,False,False,False,False,False,False,False,False,False,False,False,True,False,False,False,False,False,False,False,False,False,False,False,False,True,False,False,False,False,False,11.7946847,79.0388211,District Center
672,Vidal,H_23019,"Govt Hospital Sankarapuram, Kallakurichi TN.","Government  hospital,Sankarapuram - 606401",Kallakurichi,Sub-district Hospital,Multi,Govt-DMS,Govt,34,25-11-2019,2019,A1,False,True,True,True,True,True,True,True,True,True,True,True,True,True,True,True,True,True,True,True,True,True,True,True,True,True,True,True,True,False,True,True,True,False,True,True,True,True,True,True,11.89532,78.848314,Exact Hospital
597,Vidal,H_20719,"Govt Hospital Ulundurpet, Kallakurichi TN.","JUBILEE ROAD , GOVT HOSPITAL , ULUNDURPET , VILLUPURAM (DT) - PIN CODE : 606107",Kallakurichi,Sub-district Hospital,Multi,Govt-DMS,Govt,1,20-03-2017,2017,A1,False,True,True,True,True,True,True,True,True,True,True,True,True,True,True,True,True,True,True,True,True,True,True,True,True,True,True,True,True,False,True,True,True,False,True,True,True,True,True,True,11.6926834,79.2860201,Exact Hospital
679,Vidal,H_24453,"Govt Hospital, Chinnasalem, Kallakurichi TN.","Chinnasalem, kallakurichi",Kallakurichi,Sub-district Hospital,Multi,Govt-DMS,Govt,50,30-07-2021,2021,A1,False,True,True,True,True,True,True,True,True,True,True,True,True,True,True,True,True,True,True,True,True,True,True,True,True,True,True,True,True,False,True,True,True,False,True,True,True,True,True,True,11.6284429,78.8688031,Exact Hospital
1704,Vidal,H_24671,"Govt Kachirapalayam UPHC,Kallakurichi TN.","Govt Kachirapalayam UG PHC,Sri Kamachi Kovil Street",Kallakurichi,UPHC,Multi,Govt-MTM,Govt,51,19-08-2021,2021,A1,False,False,False,False,False,False,False,False,False,False,False,False,False,False,False,False,False,False,False,False,False,True,False,False,False,False,False,False,False,False,False,False,False,False,True,False,False,False,False,False,11.7946847,79.0388211,District Center
1706,Vidal,H_24673,"Govt Kariyalur UPHC, Kallakurichi TN.","Govt Kariyalur UG PHC, Vellimalai road ,Mavadipattu",Kallakurichi,UPHC,Multi,Govt-MTM,Govt,51,19-08-2021,2021,A1,False,False,False,False,False,False,False,False,False,False,False,False,False,False,False,False,False,False,False,False,False,True,False,False,False,False,False,False,False,False,False,False,False,False,True,False,False,False,False,False,11.9638658,78.9437069,Village/Town Center
1705,Vidal,H_24672,"Govt Melur UPHC, Kallakurichi TN.","Govt Melur UG PHC, Siruvathur Main Road Melur",Kallakurichi,UPHC,Multi,Govt-MTM,Govt,51,19-08-2021,2021,A1,False,False,False,False,False,False,False,False,False,False,False,False,False,False,False,False,False,False,False,False,False,True,False,False,False,False,False,False,False,False,False,False,False,False,True,False,False,False,False,False,11.7946847,79.0388211,District Center
1712,Vidal,H_24849,"Govt Pudupettai UPHC,Sankarapuram,Kallakurichi TN.","Govt Pudupettai UG PHC,Bus Stop Street,pudupettai",Kallakurichi,UPHC,Multi,Govt-MTM,Govt,53,18-09-2021,2021,A1,False,False,False,False,False,False,False,False,False,False,False,False,False,False,False,False,False,False,False,False,False,True,False,False,False,False,False,False,False,False,False,False,False,False,True,False,False,False,False,False,11.7946847,79.0388211,District Center
1707,Vidal,H_24674,"Govt Rishivandiyam UPHC, Kallakurichi TN.","Govt Rishivandiyam UG PHC, Eraiyur Main road, Rishivandiyam",Kallakurichi,UPHC,Multi,Govt-MTM,Govt,51,19-08-2021,2021,A1,False,False,False,False,False,False,False,False,False,False,False,False,False,False,False,False,False,False,False,False,False,True,False,False,False,False,False,False,False,False,False,False,False,False,True,False,False,False,False,False,11.7946847,79.0388211,District Center
1711,Vidal,H_24678,"Govt Thirunavalur UPHC, Kallakurichi TN.","Govt Thirunavalur UG PHC, Near Govt. Vetnary Hospital, Gedilam",Kallakurichi,UPHC,Multi,Govt-MTM,Govt,51,19-08-2021,2021,A1,False,False,False,False,False,False,False,False,False,False,False,False,False,False,False,False,False,False,False,False,False,True,False,False,False,False,False,False,False,False,False,False,False,False,True,False,False,False,False,False,11.7946847,79.0388211,District Center
1708,Vidal,H_24675,"Govt Thiyagadurgam UPHC, Kallakurichi TN.","Govt Thiyagadurgam UG PHC, Salem main road,Thiyagadurgam",Kallakurichi,UPHC,Multi,Govt-MTM,Govt,51,19-08-2021,2021,A1,False,False,False,False,False,False,False,False,False,False,False,False,False,False,False,False,False,False,False,False,False,True,False,False,False,False,False,False,False,False,False,False,False,False,True,False,False,False,False,False,11.7422842,79.0698338,Village/Town Center
598,Vidal,H_19730,"Govt.Head Quarters,Thirukovilur,Kallakurichi TN.","Hospital Road, Govt Hospital, Thirukovilur, PIN : 605757",Kallakurichi,District Hospital,Multi,Govt-DMS,Govt,1,20-03-2017,2017,A1,False,True,True,True,True,True,True,True,True,True,True,True,True,True,True,True,True,True,True,True,True,True,True,True,True,True,True,True,True,False,True,True,True,False,True,True,True,True,True,True,11.7946847,79.0388211,District Center
599,Vidal,H_18493,"Govt.Medical College and Hosp, Kallakurichi TN.","Gandhi Raod - (Near ALC Church ),Kallakurichi,Villupuram-Dt:606202",Kallakurichi,Medical College Hospital ,Multi,Govt-DME,Govt,1,20-03-2017,2017,A1,False,True,True,True,True,True,True,True,True,True,True,True,True,True,True,True,True,True,True,True,True,True,True,True,True,True,True,True,True,False,True,True,True,False,True,True,True,True,True,True,12.2259398,79.0660738,Exact Hospital
792,Vidal,H_24854,"Krishna Multi Speciality Hospital, Kallakurichi TN","Krishna Multispeciality Hospital (A Unit of Ayyanar Hospitals LLP) S.No .80/6B1,Kallakurichi Main",Kallakurichi,Private,Multi,PVT HOSPITAL,Pvt,53,18-09-2021,2024,A6,False,False,False,False,False,False,False,False,False,False,False,False,False,False,False,False,False,False,False,True,False,False,False,False,False,False,False,False,False,False,False,False,False,False,False,False,False,False,False,False,11.7946847,79.0388211,District Center
793,Vidal,H_21996,"KS emergency and medical centre, Kallakurichi TN.",rajambal nagar opp to KPR petrolbunk salem main road kallakurichi 606202,Kallakurichi,Private,Multi,PVT HOSPITAL,Pvt,1,20-03-2017,2017,A4,False,False,False,False,False,False,True,False,False,True,False,False,False,False,False,False,False,False,False,True,False,False,False,False,False,False,False,False,False,False,False,False,False,False,False,False,False,False,False,False,11.7946847,79.0388211,District Center
794,Vidal,H_18854,"Mahalakshmi Multi Speciality Hospitals, Kallakurichi TN. ",15 Virudhachalam main road Opp to KVB Bank Ulundurpet Kallakurichi DT 606107.,Kallakurichi,Private,Multi,PVT HOSPITAL,Pvt,4,12-04-2017,2017,A3,False,False,False,True,True,False,True,False,True,True,True,True,False,False,False,False,False,True,False,True,False,False,False,False,True,True,True,True,False,False,False,True,False,False,False,False,True,True,False,True,11.7946847,79.0388211,District Center
795,Vidal,H_22740,"RHEA Womens Specialty RHEA IVF,Kallakurichi TN.","Taj Towers, (opposite A K T Engineering college) ward no-10,204/4-Durugam road",Kallakurichi,Private,Multi,PVT HOSPITAL,Pvt,25,26-10-2018,2018,S1,False,False,False,False,False,False,False,False,False,False,False,True,False,False,False,False,False,False,False,False,False,False,False,False,False,False,False,False,False,False,False,False,False,False,False,False,False,False,False,False,11.7946847,79.0388211,District Center
796,Vidal,H_22760,"S A Hospital, Sankarapuram, Kallakurichi TN.","197/11 MAIN ROAD, MOORARPALAYAM PO SANKARAPURAM TK",Kallakurichi,Private,Multi,PVT HOSPITAL,Pvt,27,18-12-2018,2018,A6,False,False,False,False,False,False,False,False,False,True,False,False,False,False,False,False,False,False,False,True,False,False,False,False,False,False,False,False,False,False,False,False,False,False,False,False,False,False,False,False,11.7346379,79.0852879,Village/Town Center
797,Vidal,H_26035,"Sakthi Ortho Multi Speciality, Kallakurichi TN.","11/10,Salam Main Road,Senthura Nagar,Emapper,Kallakurichi ",KALLAKURICHI,Private,Multi,PVT HOSPITAL,Pvt,78,01-08-2024,2024,A3,False,False,False,False,False,False,False,False,True,True,True,True,False,False,False,False,False,False,False,True,False,False,False,False,True,False,False,False,False,False,False,False,False,False,False,True,False,False,False,False,11.7946847,79.0388211,District Center
1952,Vidal,H_23170,"SBC Scans, Kallakurichi DC.",,Kallakurichi,Private,PVT-STANDALONE,DC PVT-STANDALONE,Pvt,35,17-02-2020,2020,,False,False,False,False,False,False,False,False,False,False,False,False,False,False,False,False,False,False,False,False,False,False,False,False,False,False,False,False,False,False,False,False,False,False,False,False,False,False,False,False,11.7946847,79.0388211,District Center
798,Vidal,H_22686,"Soorya Multispeciality Hospital, Kallakurichi TN.","No.556,SALEM MAIN ROAD,(Opp KVB) CHINNASALEM, VILLUPURAM-DT",Kallakurichi,Private,Multi,PVT HOSPITAL,Pvt,21,16-07-2018,2018,A6,False,False,False,False,True,False,True,False,False,True,True,True,False,False,False,False,False,False,True,True,False,False,False,False,True,True,False,True,True,False,False,False,False,False,False,False,False,False,False,False,11.7946847,79.0388211,District Center
1067,Vidal,H_26352,"Sri Ellammane Hospital, Kallakurichi, TN.","NO-1,1STFLOOR,ANNANGAR MAIN ROAD,EMAPPER, KALLAKURICHI,TAMIL NADU-606202",Kallakurichi,Private,Multi,PVT HOSPITAL,Pvt,93,02-01-2026,2026,A6,False,False,False,False,False,False,False,False,False,True,False,True,False,False,False,False,False,False,False,False,False,False,False,False,True,False,False,False,False,False,False,False,False,False,False,False,False,False,False,False,11.7946847,79.0388211,District Center
799,Vidal,H_23172,"Sri Raju Heart and Skin Hospital, Kallakurichi TN.","SUNDARAVINAYAGAR KOVIL STREET, KALLAKURICHI, KALLAKURICHI DISTRICT. LAND MARK- MAHALAKSHMI THEATRE ROAD- 606202",Kallakurichi,Private,Single,PVT HOSPITAL,Pvt,35,17-02-2020,2020,S2,False,True,False,False,False,False,True,False,False,False,False,False,False,False,False,True,False,False,False,False,False,False,False,False,False,False,False,False,False,False,False,False,False,False,False,False,False,False,False,False,11.7946847,79.0388211,District Center
800,Vidal,H_23418,"Sri Ram Hospital, Kallakurichi TN.","No,1,malligai Nagar,Asanur Road,Sandapet",Kallakurichi,Private,Multi,PVT HOSPITAL,Pvt,39,17-09-2020,2020,A5,False,False,False,False,False,False,True,False,False,True,True,True,False,False,False,False,False,False,False,True,False,False,False,False,True,False,False,False,False,False,False,False,False,False,False,True,False,False,False,False,11.9551659,79.1925599,Exact Hospital
1953,Vidal,H_23484,"Sri Samraj Labs, Kallakurichi DC.",,Kallakurichi,Private,PVT-STANDALONE,DC PVT-STANDALONE,Pvt,40,06-10-2020,2020,,False,False,False,False,False,False,False,False,False,False,False,False,False,False,False,False,False,False,False,False,False,False,False,False,False,False,False,False,False,False,False,False,False,False,False,False,False,False,False,False,11.7946847,79.0388211,District Center
801,Vidal,H_18327,"Sri Sanjeevi Hospital, Kallakurichi TN.",52B 8/6 DURUGAM ROAD,Kallakurichi,Private,Multi,PVT HOSPITAL,Pvt,4,12-04-2017,2017,A1,False,True,True,True,True,False,True,False,True,True,True,True,False,False,True,True,False,True,True,True,True,True,False,True,True,True,False,True,True,False,False,True,False,False,False,True,True,True,True,True,11.7383707,78.9664382,Exact Hospital
802,Vidal,H_23483,"SriHari MultiSpeciality Hospital, Kallakurichi TN.","288/7b Rajambal Nagar,salem main road,Kallakurichi,606202.",Kallakurichi,Private,Multi,PVT HOSPITAL,Pvt,40,06-10-2020,2020,A6,False,False,False,False,False,False,False,False,True,True,True,True,False,False,False,False,False,False,False,False,False,False,False,False,True,False,False,False,False,False,False,False,False,False,False,False,False,False,False,False,11.7547136,78.966307,Village/Town Center
1063,Vidal,H_26340,"Thaj Health Care Centre, Kallakurichi, TN.","NO-223/2,ST-1,POOTTAI ROAD, SANKARAPURAM,KALLAKURICHI-DT ",Kallakurichi,Private,Multi,PVT HOSPITAL,Pvt,92,26-11-2025,2025,A6,False,False,False,False,False,False,False,False,False,True,True,True,False,False,False,False,False,False,True,False,False,False,False,False,True,True,False,False,False,False,False,False,False,False,False,False,False,False,False,False,11.8555913,78.9857967,Village/Town Center
1480,MA,H_24495," Govt.Kundrathur UPHC,Kancheepuram TN. ","Govt.Upgraded Primary Health Centre, Pillaiyar koil street, Manancherry, Kundrathur",Kancheepuram,PHC,Multi,Govt-MTM,Govt,51,23-08-2021,2021,A1,False,False,False,False,False,False,False,False,False,True,False,False,False,False,False,False,False,False,False,False,True,False,False,False,False,False,False,False,False,False,False,False,False,False,True,False,False,False,False,False,12.8796052,79.7042762,District Center
2003,MA,H_22374,"Aadhuraa Special School,Autism, Kanchipuram TN.",,Kancheepuram,Private,Autism ,PVT AUTISM,Pvt,10,21-08-2017,2017,,False,False,False,False,False,False,False,False,False,False,False,False,False,False,False,False,False,False,False,False,False,False,False,False,False,False,False,False,False,False,False,False,False,False,False,False,False,False,False,False,12.8796052,79.7042762,District Center
2001,MA,H_22009,"Aarthi Scans, Porur, kanchipuram DC.",,Kancheepuram,Private,PVT-STANDALONE,DC PVT-STANDALONE,Pvt,2,27-03-2017,2017,,False,False,False,False,False,False,False,False,False,False,False,False,False,False,False,False,False,False,False,False,False,False,False,False,False,False,False,False,False,False,False,False,False,False,False,False,False,False,False,False,12.8796052,79.7042762,District Center
2004,MA,H_22326,"AATHICHUDY Special School, Autism, Kanchepuram TN.",,Kancheepuram,Private,Autism ,PVT AUTISM,Pvt,10,21-08-2017,2017,,False,False,False,False,False,False,False,False,False,False,False,False,False,False,False,False,False,False,False,False,False,False,False,False,False,False,False,False,False,False,False,False,False,False,False,False,False,False,False,False,12.8796052,79.7042762,District Center
181,MA,H_24872,"APJ Multispeciality Hospital,Kancheepuram TN.","No 10 & 11, Vinotha Nagar, Walajabad,, behind Bus Stand, Kanchipuram",Kancheepuram,Private,Multi,PVT HOSPITAL,Pvt,53,18-09-2021,2021,A3,False,False,False,False,False,False,True,False,False,True,True,True,False,False,False,False,False,False,False,False,False,False,False,False,True,False,False,False,True,False,False,False,False,False,False,False,False,False,False,True,12.8796052,79.7042762,District Center
2002,MA,H_19691,"Arya Scans, Kanchipuram,DC.",,Kancheepuram,Private,PVT-STANDALONE,DC PVT-STANDALONE,Pvt,5,19-04-2017,2017,,False,False,False,False,False,False,False,False,False,False,False,False,False,False,False,False,False,False,False,False,False,False,False,False,False,False,False,False,False,False,False,False,False,False,False,False,False,False,False,False,12.8796052,79.7042762,District Center
2060,MA,H_22616,"CCH, Alandur, Kanchipuram TN.",,Kancheepuram,CCH,CCH,CCH,Govt,16,14-03-2018,2018,,False,False,False,False,False,False,False,False,False,False,False,False,False,False,False,False,False,False,False,False,False,False,False,False,False,False,False,False,False,False,False,False,False,False,False,False,False,False,False,False,12.8796052,79.7042762,District Center
2061,MA,H_22617,"CCH, Chemmancherry, Kanchipuram TN.",,Kancheepuram,CCH,CCH,CCH,Govt,16,14-03-2018,2018,,False,False,False,False,False,False,False,False,False,False,False,False,False,False,False,False,False,False,False,False,False,False,False,False,False,False,False,False,False,False,False,False,False,False,False,False,False,False,False,False,12.8796052,79.7042762,District Center
2062,MA,H_22595,"CCH, Mugalivakkam, Kanchipuram TN.",,Kancheepuram,CCH,CCH,CCH,Govt,16,14-03-2018,2018,,False,False,False,False,False,False,False,False,False,False,False,False,False,False,False,False,False,False,False,False,False,False,False,False,False,False,False,False,False,False,False,False,False,False,False,False,False,False,False,False,12.8796052,79.7042762,District Center
2059,MA,H_22619,"CCH, Porur, Kanchipuram TN.",,Kancheepuram,CCH,CCH,CCH,Govt,16,14-03-2018,2018,,False,False,False,False,False,False,False,False,False,False,False,False,False,False,False,False,False,False,False,False,False,False,False,False,False,False,False,False,False,False,False,False,False,False,False,False,False,False,False,False,12.8796052,79.7042762,District Center
2063,MA,H_22618,"CCH, Thoraipakkam, Kanchipuram TN.",,Kancheepuram,CCH,CCH,CCH,Govt,16,14-03-2018,2018,,False,False,False,False,False,False,False,False,False,False,False,False,False,False,False,False,False,False,False,False,False,False,False,False,False,False,False,False,False,False,False,False,False,False,False,False,False,False,False,False,12.8796052,79.7042762,District Center
2102,MA,H_23011,"CCH,Perungudi, Kancheepuram TN.",,Kancheepuram,CCH,CCH,CCH,Govt,33,08-11-2019,2019,,False,False,False,False,False,False,False,False,False,False,False,False,False,False,False,False,False,False,False,False,False,False,False,False,False,False,False,False,False,False,False,False,False,False,False,False,False,False,False,False,12.8796052,79.7042762,District Center
2056,MA,H_22471,"DEIC, Kanchipuram TN.",,Kancheepuram,DEIC,DEIC,DEIC,Govt,0,05-02-2018,2018,,False,False,False,False,False,False,False,False,False,False,False,False,False,False,False,False,False,False,False,False,False,False,False,False,False,False,False,False,False,False,False,False,False,False,False,False,False,False,False,False,12.8796052,79.7042762,District Center
2058,MA,H_22510,"District Diff.abled welfare office,Kanchipuram TN.",,Kancheepuram,DDWO,DDWO,DDWO,Govt,15,02-05-2018,2018,,False,False,False,False,False,False,False,False,False,False,False,False,False,False,False,False,False,False,False,False,False,False,False,False,False,False,False,False,False,False,False,False,False,False,False,False,False,False,False,False,12.8796052,79.7042762,District Center
28,MA,H_18865,"Govt ArignarAnna Cancer Hospital, Kancheepuram TN.","ASIAN HIGHWAY 45, KARAPETTAI, TAMIL NADU 631552",Kancheepuram,Medical College Hospital ,Multi,Govt-DME,Govt,1,20-03-2017,2017,A1,False,True,True,True,True,True,True,True,True,True,True,True,True,True,True,True,True,True,True,True,True,True,True,True,True,True,True,True,True,False,True,True,True,False,True,True,True,True,True,True,12.8330012,79.7054272,Village/Town Center
26,MA,H_19729,"Govt Hospital, Sriperambudur, Kanchipuram. TN.","SH 57, KATCHIPEDU, SRIPERUMBUDUR, TAMIL NADU 602105",Kancheepuram,Sub-district Hospital,Multi,Govt-DMS,Govt,1,20-03-2017,2017,A1,False,True,True,True,True,True,True,True,True,True,True,True,True,True,True,True,True,True,True,True,True,True,True,True,True,True,True,True,True,False,True,True,True,False,True,True,True,True,True,True,12.8330012,79.7054272,Village/Town Center
125,MA,H_24435,"Govt Hospital,Uthiramerur,Kancheepuram TN. ","Government hospital Uthiramerur, Vandavasi Road, Uthiramerur",Kancheepuram,Sub-district Hospital,Multi,Govt-DMS,Govt,50,30-07-2021,2021,A1,False,True,True,True,True,True,True,True,True,True,True,True,True,True,True,True,True,True,True,True,True,True,True,True,True,True,True,True,True,False,True,True,True,False,True,True,True,True,True,True,12.61502,79.760806,Exact Hospital
126,MA,H_24437,"Govt Hospital,Walajabad,Kancheepuram TN.","Government hospital, Vandalur Road, Walajabad",Kancheepuram,Sub-district Hospital,Multi,Govt-DMS,Govt,50,30-07-2021,2021,A1,False,True,True,True,True,True,True,True,True,True,True,True,True,True,True,True,True,True,True,True,True,True,True,True,True,True,True,True,True,False,True,True,True,False,True,True,True,True,True,True,12.8796052,79.7042762,District Center
1476,MA,H_24490,"Govt. CHC Maduramangalam,Kancheepuram TN.","Block medical officer, Community health centre,  Madhuramangalam",Kancheepuram,CHC,Multi,Govt-MTM,Govt,51,23-08-2021,2021,A1,False,False,False,False,False,False,False,False,False,True,False,False,False,False,False,False,False,False,False,False,True,False,False,False,False,False,False,False,False,False,False,False,False,False,True,False,False,False,False,False,12.8796052,79.7042762,District Center
27,MA,H_18479,"Govt. Head Quarters Hospital,Kancheepuram TN.","HOSPITAL RD, ENNAIKARAN, KANCHIPURAM, TAMIL NADU 631501",Kancheepuram,District Hospital,Multi,Govt-DMS,Govt,1,20-03-2017,2017,A1,False,True,True,True,True,True,True,True,True,True,True,True,True,True,True,True,True,True,True,True,True,True,True,True,True,True,True,True,True,False,True,True,True,False,True,True,True,True,True,True,12.8330351,79.7102791,Exact Hospital
1475,MA,H_24489,"Govt.CHC Parandur,Kancheepuram TN.","Block medical officer, Community health centre,  Parandur",Kancheepuram,CHC,Multi,Govt-MTM,Govt,51,23-08-2021,2021,A1,False,False,False,False,False,False,False,False,False,True,False,False,False,False,False,False,False,False,False,False,True,False,False,False,False,False,False,False,False,False,False,False,False,False,True,False,False,False,False,False,12.8796052,79.7042762,District Center
1479,MA,H_24493,"Govt.Manampathy UPHC,Kancheepuram TN.","Block medical officer, Community health centre,  manampathi",Kancheepuram,PHC,Multi,Govt-MTM,Govt,51,23-08-2021,2021,A1,False,False,False,False,False,False,False,False,False,True,False,False,False,False,False,False,False,False,False,False,True,False,False,False,False,False,False,False,False,False,False,False,False,False,True,False,False,False,False,False,12.8796052,79.7042762,District Center
1599,MA,H_24883,"Govt.PHC Kattankolathur,Kancheepuram TN.","Kattankolathur,Kancheepuram",Kancheepuram,PHC,Multi,Govt-MTM,Govt,54,22-10-2021,2021,A1,False,False,False,False,False,False,False,False,False,False,False,False,False,False,False,False,False,False,False,False,True,False,False,False,False,False,False,False,False,False,False,False,False,False,True,False,False,False,False,False,12.8796052,79.7042762,District Center
1602,MA,H_24894,"Govt.PHC Sriperumbudur,Kancheepuram TN","Primary Health Centre, Mathur Colony, Sriperumbudur",Kancheepuram,PHC,Multi,Govt-MTM,Govt,54,22-10-2021,2021,A1,False,False,False,False,False,False,False,False,False,False,False,False,False,False,False,False,False,False,False,False,True,False,False,False,False,False,False,False,False,False,False,False,False,False,True,False,False,False,False,False,12.8796052,79.7042762,District Center
1603,MA,H_24895,"Govt.PHC Uthiramerur,Kancheepuram TN. ","Primary Health Centre, Uthiramerur",Kancheepuram,PHC,Multi,Govt-MTM,Govt,54,22-10-2021,2021,A1,False,False,False,False,False,False,False,False,False,False,False,False,False,False,False,False,False,False,False,False,True,False,False,False,False,False,False,False,False,False,False,False,False,False,True,False,False,False,False,False,12.9142715,80.1918308,Village/Town Center
1604,MA,H_24896,"Govt.PHC Walajabad,Kancheepuram TN. ","Tambaram-Mudichur-Walajabad Road, Walajabad",Kancheepuram,PHC,Multi,Govt-MTM,Govt,54,22-10-2021,2021,A1,False,False,False,False,False,False,False,False,False,False,False,False,False,False,False,False,False,False,False,False,True,False,False,False,False,False,False,False,False,False,False,False,False,False,True,False,False,False,False,False,12.8796052,79.7042762,District Center
1481,MA,H_24497,"Govt.Thiruppukuzhi UPHC,Kancheepuram TN. ",Govt community health center thirupukuzhi baluchetty chathiram. ,Kancheepuram,PHC,Multi,Govt-MTM,Govt,51,23-08-2021,2021,A1,False,False,False,False,False,False,False,False,False,True,False,False,False,False,False,False,False,False,False,False,True,False,False,False,False,False,False,False,False,False,False,False,False,False,True,False,False,False,False,False,12.8796052,79.7042762,District Center
2057,MA,H_22546,"Kiddos Rehab Centre, Autism, Kanchipuram TN.",,Kancheepuram,Private,Autism ,PVT AUTISM,Pvt,16,14-03-2018,2018,,False,False,False,False,False,False,False,False,False,False,False,False,False,False,False,False,False,False,False,False,False,False,False,False,False,False,False,False,False,False,False,False,False,False,False,False,False,False,False,False,12.8796052,79.7042762,District Center
354,MA,H_21127,"Madha Medical College, Kancheepuram TN.
","KOVUR, KUNDRATHUR MAIN RD, THANDALAM",Kancheepuram,Private,Multi,PVT HOSPITAL,Pvt,4,12-04-2017,2017,A4,False,True,False,False,False,False,True,False,True,True,True,False,False,False,False,True,False,False,False,True,False,False,False,False,True,False,False,False,True,False,False,True,False,False,False,False,False,False,False,True,13.0040717,80.1117534,Exact Hospital
356,MA,H_22437,"Mahalakshmi Multi Spec Hospital, Kanchipuram TN.","Kundrathur-sriperumbudur Main Road,",Kancheepuram,Private,Multi,PVT HOSPITAL,Pvt,14,19-12-2017,2017,A2,False,False,False,False,False,False,False,False,True,True,True,True,False,False,False,False,False,False,False,True,True,False,False,False,True,False,False,False,False,False,False,False,False,False,False,False,False,False,False,False,12.8796052,79.7042762,District Center
376,MA,H_18392,"Meenakshi Medical College, Kancheepuram TN.","ENATHUR, KARRAPETTAI POST, KANCHIPURAM",Kancheepuram,Private,Multi,PVT HOSPITAL,Pvt,4,12-04-2017,2017,A4,False,True,True,True,True,False,False,False,True,True,True,True,False,False,False,True,False,False,False,True,True,False,False,True,True,True,False,False,True,False,False,True,False,False,False,True,False,False,False,True,12.8726917,79.7240871,Exact Hospital
385,MA,H_18406,"Miot Hospital, KanchipuramTN.","4/112, MOUNT POONAMALLE HIGH RD, SATHYA NAGAR, MANAPAKKAM,KANCHEEPURAM",Kancheepuram,Private,Multi,PVT HOSPITAL,Pvt,4,12-04-2017,2017,A1,False,True,True,True,True,True,True,True,True,True,True,True,True,True,True,True,True,True,True,True,True,True,True,True,True,True,True,True,True,False,True,True,True,True,True,True,True,True,True,True,12.8796052,79.7042762,District Center
394,MA,H_23602,"Narbhavi Multispeciality Hospital, Kancheepuram TN","55A, SVN Pillai St, Pillaiyarpalayam, Kanchipuram",Kancheepuram,Private,Multi,PVT HOSPITAL,Pvt,44,15-02-2021,2021,A6,False,False,False,False,False,False,False,False,False,False,False,False,False,False,False,False,False,False,False,True,False,False,False,False,False,False,False,False,False,False,False,False,False,False,False,False,False,False,False,False,12.8451012,79.6934839,Village/Town Center
2172,MA,H_23230,"Nu-Med Labs,Kancheepuram DC.",,Kancheepuram,PVT-STANDALONE,DC,DC PVT-STANDALONE,PVT,86,30-04-2025,2025,,False,False,False,False,False,False,False,False,False,False,False,False,False,False,False,False,False,False,False,False,False,False,False,False,False,False,False,False,False,False,False,False,False,False,False,False,False,False,False,False,12.8796052,79.7042762,District Center
179,MA,H_26009,"Rajalakshmi MedCg and Res Inst, Kancheepuram,TN. ","Rajalakshmi Health City, Pennalur Village",Kancheepuram,Private,Multi,PVT HOSPITAL,Pvt,75,25-04-2024,2024,A4,False,False,False,True,True,False,False,False,True,True,False,True,False,False,False,False,False,False,False,False,False,False,False,False,True,False,False,True,False,False,False,False,False,False,False,False,False,False,False,False,12.8796052,79.7042762,District Center
432,MA,H_26145,"Raphael Life Care Hospital, Kancheepuram, TN.","	NO.45, ST-O2,PARUTHIKOLLAI, UTHIRAMERUR TO CHENGALPET MAIN ROAD, UTHIRAMERUR",Kancheepuram,Private,Multi,PVT HOSPITAL,Pvt,85,26-03-2025,2025,A6,False,False,False,False,False,False,False,False,False,True,False,True,False,False,False,False,False,False,True,False,False,False,False,False,True,True,True,True,False,False,False,False,False,False,False,False,False,False,False,False,12.8796052,79.7042762,District Center
454,MA,H_18781,"Sankara Multispecialty Hospital,Kancheepuram TN.","NO.14, ULAGALANDHA PERUMAL KOIL SANNADHI STREET, NEAR SRI KANCHI KAMAKSHI AMMAN TEMPLE, KANCHIPURAM",Kancheepuram,Private,Multi,PVT HOSPITAL,Pvt,5,19-04-2017,2017,A1,False,False,False,False,False,False,True,False,True,True,False,False,False,False,True,False,False,True,False,True,False,False,False,False,False,False,False,False,True,False,False,False,False,False,False,True,True,False,True,False,12.8796052,79.7042762,District Center
460,MA,H_22824,"Saveetha Medical Centre,Thandalam,Kancheepuram TN.","Saveetha Ngar, Thandalam, Chennai",Kancheepuram,Private,Multi,PVT HOSPITAL,Pvt,30,20-03-2019,2019,A6,False,True,True,True,False,False,True,False,True,True,True,True,True,False,False,False,True,True,False,False,True,True,False,True,True,False,True,False,True,False,False,False,False,True,False,True,True,False,False,False,12.8796052,79.7042762,District Center
461,MA,H_18767,"Saveetha Medical Coll and Hosp, Kancheepuram TN","SAVEETHA NAGAR, THANDALAM, KANCHEEPURAM",Kancheepuram,Private,Multi,PVT HOSPITAL,Pvt,4,12-04-2017,2017,A4,False,True,True,False,False,False,False,False,True,True,True,False,False,False,False,True,True,True,True,True,False,True,True,False,True,False,False,False,True,False,False,False,False,True,True,True,True,False,True,True,12.8796052,79.7042762,District Center
462,MA,H_22800,"Sayee Hospitals,Padappai,Kancheepuram TN.","Sriperumbudur, Tamil Nadu 600069",Kancheepuram,Private,Multi,PVT HOSPITAL,Pvt,29,12-02-2019,2019,A6,False,False,False,False,False,False,True,False,True,True,False,True,False,False,True,False,False,False,False,True,False,False,False,False,True,False,False,False,False,False,False,False,False,False,False,False,False,False,False,False,12.8330012,79.7054272,Village/Town Center
501,MA,H_26008,"Sri Mamallan Hospital, Kancheepuram, TN.
","No.1, Madhar Nagar, near new railway station flyover, ponnerikarai,kanchipuram",Kancheepuram,Private,Multi,PVT HOSPITAL,Pvt,75,25-04-2024,2024,A4,False,False,False,False,False,False,False,False,False,True,False,False,False,False,False,False,False,False,False,True,False,False,False,False,True,False,False,False,False,False,False,False,False,False,False,False,False,False,False,False,12.9084097,79.727163,Village/Town Center
502,MA,H_18251,"Sri Muthukumaran Med col and hos, Kancheepuram TN.","CHIKKARAYAPURAM, KUNRATHUR ROAD, NEAR MANGADU, ",Kancheepuram,Private,Multi,PVT HOSPITAL,Pvt,4,12-04-2017,2017,A4,False,False,False,False,True,False,False,False,True,True,True,False,False,False,False,False,False,False,False,True,False,False,False,True,True,False,False,False,False,False,False,True,False,False,False,False,False,False,False,True,12.8796052,79.7042762,District Center
504,MA,H_22270,"Sri Ne medical foundation, Kanchipuram TN.","NO.53 M. M AVENUE , MAIN ROAD KANCHIPURAM",Kancheepuram,Private,Multi,PVT HOSPITAL,Pvt,7,23-05-2017,2017,A3,False,True,False,False,False,False,False,False,True,True,True,True,False,False,False,True,False,False,False,True,False,True,False,False,True,False,False,False,False,False,False,False,False,False,False,False,False,False,True,False,12.816181,79.7223551,Village/Town Center
508,MA,H_18264,"Sri Ramachandra Medical Center,Kancheepuram TN.","NO.1,, SRI RAMACHANDRA NAGAR, PORUR,KANCHEEPURAM",Kancheepuram,Private,Multi,PVT HOSPITAL,Pvt,1,20-03-2017,2017,A1,False,True,True,True,True,True,True,True,True,True,True,True,True,True,True,True,True,True,True,True,True,True,True,True,True,True,True,True,True,False,True,True,True,True,True,True,True,True,True,True,12.8796052,79.7042762,District Center
2171,MA,H_26137,"Tambaram Medical Center, Kancheepuram, TN.",,Kancheepuram,Private,Multi,PVT HOSPITAL,Pvt,83,30-01-2025,2025,,False,False,False,False,False,False,False,False,False,False,False,False,False,False,False,False,False,False,False,False,False,False,False,False,False,False,False,False,False,False,False,False,False,False,False,False,False,False,False,False,12.8796052,79.7042762,District Center
803,Vidal,H_18319,"Annammal Hospital,Kanyakumari TN.","11/45B3 ,Kuzhithurai ,Kuzhithurai po.",Kanyakumari,Private,Multi,PVT HOSPITAL,Pvt,5,19-04-2017,2017,A3,False,False,False,False,True,False,True,True,True,True,True,True,False,False,True,False,False,False,False,True,True,True,False,False,True,False,True,False,True,False,False,True,False,False,False,False,True,True,True,True,8.3163348,77.2014776,Exact Hospital
804,Vidal,H_24845,"Bejan singh Eye Hospital Pvt.Ltd,Marthandam,TN.","DOOR NO:2/61-5 BLOCK-2,NAIN ROAD MARTHANDAM,TAMILNADU",Kanyakumari,Private,Single,PVT HOSPITAL,Pvt,53,18-09-2021,2024,S2,False,False,False,False,False,False,False,False,False,False,False,False,False,False,False,False,False,False,False,False,False,False,False,True,False,False,False,False,False,False,False,False,False,False,False,False,False,False,False,False,8.079252,77.5499338,District Center
805,Vidal,H_19028,"Bejan Singh Eye Hospital, Kanyakumari TN.","2/1 313C , MS Road, Vettornimadam.",Kanyakumari,Private,Single,PVT HOSPITAL,Pvt,5,19-04-2017,2017,S1,False,False,False,False,False,False,False,False,False,False,False,False,False,False,False,False,False,False,False,False,False,False,False,True,False,False,False,False,False,False,False,False,False,False,False,False,False,False,False,False,8.0849595,77.5391985,Village/Town Center
806,Vidal,H_19029,"Bensam Hospital, Kanyakumari TN.","507 B M.S Road, Vetturnimadam, Nagercoil",Kanyakumari,Private,Multi,PVT HOSPITAL,Pvt,5,19-04-2017,2017,A5,False,False,False,False,False,False,True,False,True,True,True,True,False,False,True,False,False,False,False,True,False,False,False,False,True,False,False,False,False,False,False,True,False,False,False,False,False,False,False,False,8.1896322,77.412267,Exact Hospital
807,Vidal,H_23415,"Bethesda hospital Nagercoil,Kanyakumari TN","34H & 35 , DISTILLERY ROAD",Kanyakumari,Private,Multi,PVT HOSPITAL,Pvt,53,18-09-2021,2020,A6,False,True,False,False,False,False,False,False,False,True,False,False,False,False,False,True,False,False,False,False,False,False,False,False,False,False,False,False,False,False,False,False,False,False,False,False,False,False,False,False,8.079252,77.5499338,Village/Town Center
808,Vidal,H_18205,"C.S.I Mission Hospital,kanyakumari TN.","CSI Mission Hospital, Neyyoor p.o",Kanyakumari,Private,Multi,PVT HOSPITAL,Pvt,1,20-03-2017,2017,A3,False,True,False,True,True,False,True,True,True,True,False,True,False,False,True,False,False,True,False,True,True,True,False,True,True,False,True,True,True,False,False,True,True,False,False,True,False,True,True,True,8.2116702,77.3028544,Village/Town Center
809,Vidal,H_23854,"Calwin Hospital,Kanyakumari TN.","Pattagasalianvilai, Eathamozhy road, Nagercoil, Tamil Nadu 629001",Kanyakumari,Private,Multi,PVT HOSPITAL,Pvt,60,28-06-2022,2020,A6,False,True,True,False,False,False,False,False,True,True,False,False,False,False,False,True,False,False,False,True,False,False,False,False,False,False,False,False,False,False,False,False,False,False,False,False,False,False,True,False,8.3353514,77.25196,Village/Town Center
810,Vidal,H_22852,"Chandriga Hospital, Kanyakumari TN.","43/1 , COURT ROAD , DUTHIE SCHOOL JUNCTION , KANYAKUMARI ",Kanyakumari,Private,Multi,PVT HOSPITAL,Pvt,31,13-05-2019,2019,A6,False,True,False,False,False,False,False,False,True,False,False,False,False,False,False,True,False,False,False,False,False,False,False,False,False,False,False,False,False,False,False,False,False,False,False,False,False,False,False,False,8.079252,77.5499338,District Center
811,Vidal,H_19027,"Dr Issac Bone Speciality Hospital, Kanyakumari TN.","MAIN ROAD,MARTHANDAM",Kanyakumari,Private,Single,PVT HOSPITAL,Pvt,5,19-04-2017,2017,S1,False,False,False,False,False,False,True,False,False,False,False,False,False,False,False,False,False,False,False,False,False,False,False,False,True,False,False,False,False,False,False,False,False,False,False,True,False,False,False,True,8.0873309,77.5492943,Village/Town Center
812,Vidal,H_18592,"Dr Kumarasamy Health Centre,Kanyakumari TN.","Perumalpuram, Kottaram.",Kanyakumari,Private,Multi,PVT HOSPITAL,Pvt,9,18-07-2017,2017,A4,False,False,False,False,False,False,True,False,True,True,False,True,False,False,True,False,False,False,False,True,False,False,False,False,True,False,True,True,False,False,False,True,False,False,False,True,True,False,False,True,8.079252,77.5499338,District Center
813,Vidal,H_19024,"Dr Morris Mathia Hospital, Kanyakumari TN.","Morris Mathias Hospital,Mathias Nager,Nagercoil.",Kanyakumari,Private,Multi,PVT HOSPITAL,Pvt,4,12-04-2017,2017,A4,False,False,False,False,False,False,True,False,True,True,False,True,False,False,True,False,False,False,False,True,False,False,False,False,False,False,False,False,False,False,False,True,False,False,False,False,False,False,False,False,8.079252,77.5499338,District Center
814,Vidal,H_21375,"Dr Suresh Eye Clinic, Kanyakumari TN.","Thengapattanam Road,Vettumony,Marthandam",Kanyakumari,Private,Single,PVT HOSPITAL,Pvt,5,19-04-2017,2017,S1,False,False,False,False,False,False,False,False,False,False,False,False,False,False,False,False,False,False,False,False,False,False,False,True,False,False,False,False,False,False,False,False,False,False,False,False,False,False,False,False,8.079252,77.5499338,District Center
815,Vidal,H_18398,"Dr.Jeyasekharan Medical Trust,Kanyakumari TN.","K.P.Road, Nagercoil",Kanyakumari,Private,Multi,PVT HOSPITAL,Pvt,4,12-04-2017,2017,A1,False,True,True,True,True,True,True,True,True,True,True,True,False,True,True,True,True,True,False,True,True,True,False,False,True,True,True,True,True,False,False,True,False,False,True,True,True,True,True,True,8.184487,77.4099228,Exact Hospital
816,Vidal,H_19013,"Gerdi Agasthiyar Muni Care Centre, Kanyakumari TN.","Gerdi Gutperle Agasthiyar Muni Child Care Centre, 4/23C, Thazhakudy Road, Vellamadam.",Kanyakumari,Private,Multi,PVT HOSPITAL,Pvt,5,19-04-2017,2017,A6,False,False,False,False,False,False,True,False,True,False,False,True,False,False,False,False,False,False,False,False,False,False,False,False,False,True,True,True,False,False,False,True,False,False,False,False,False,True,False,False,8.079252,77.5499338,District Center
702,Vidal,H_25829,"Govt Hospital Arumanai ,Kanyakumari TN.","govt hospital Arumanai, nediyasalai, Arumanai po",Kanyakumari,Sub-district Hospital,Multi,Govt-DMS,Govt,67,28-03-2023,2023,A1,False,True,True,True,True,True,True,True,True,True,True,True,True,True,True,True,True,True,True,True,True,True,True,True,True,True,True,True,True,False,True,True,True,False,True,True,True,True,True,True,8.079252,77.5499338,District Center
601,Vidal,H_19721,"Govt Hospital Bhoothapandi,Kanyakumari TN.",Govt Hospital Bhoothapandi,Kanyakumari,Sub-district Hospital,Multi,Govt-DMS,Govt,1,20-03-2017,2017,A1,False,True,True,True,True,True,True,True,True,True,True,True,True,True,True,True,True,True,True,True,True,True,True,True,True,True,True,True,True,False,True,True,True,False,True,True,True,True,True,True,8.079252,77.5499338,District Center
602,Vidal,H_21145,"Govt Hospital Kulasekaram, Kanyakumari TN.",Govt Hospital Kulasekaram,Kanyakumari,Sub-district Hospital,Multi,Govt-DMS,Govt,1,20-03-2017,2017,A1,False,True,True,True,True,True,True,True,True,True,True,True,True,True,True,True,True,True,True,True,True,True,True,True,True,True,True,True,True,False,True,True,True,False,True,True,True,True,True,True,8.079252,77.5499338,District Center
603,Vidal,H_19085,"Govt hospital,kulithurai,Kanyakumari,TN.",Govt.Hospital Kuzhithurai,Kanyakumari,Sub-district Hospital,Multi,Govt-DMS,Govt,1,20-03-2017,2017,A1,False,True,True,True,True,True,True,True,True,True,True,True,True,True,True,True,True,True,True,True,True,True,True,True,True,True,True,True,True,False,True,True,True,False,True,True,True,True,True,True,8.079252,77.5499338,District Center
680,Vidal,H_24434,"Govt Hospital.Colachal,Kanyakumari TN.","Govt hospital colachal,main road colachel,kalkulam taluk,kanyakumari dist",Kanyakumari,Sub-district Hospital,multi,Govt-DMS,Govt,50,30-07-2021,2021,A1,False,True,True,True,True,True,True,True,True,True,True,True,True,True,True,True,True,True,True,True,True,True,True,True,True,True,True,True,True,False,True,True,True,False,True,True,True,True,True,True,8.1783591,77.2578485,Exact Hospital
1818,Vidal,H_26155,"Govt Krishnancoil UPHC, Nagercoil, TN.","205,MS ROAD, OPPOSITE CAPE START, KRISHNANCOIL, NAGERCOIL 629001",Kanyakumari,UPHC,Multi,Govt-MTM,Govt,85,26-03-2025,2025,A1,False,False,False,False,False,False,False,False,False,False,False,False,False,False,False,False,False,False,False,False,False,True,False,False,False,False,False,False,False,False,False,False,False,False,True,False,False,False,False,False,8.0904888,77.5309071,Village/Town Center
703,Vidal,H_25841,"Govt Senamvelai Taluk , Kanyakumari TN.","Seynamvilai Bethelpuram(po), Kanyakumari dist",Kanyakumari,Sub-district Hospital,Multi,Govt-DMS,Govt,68,02-05-2023,2023,A1,False,True,True,True,True,True,True,True,True,True,True,True,True,True,True,True,True,True,True,True,True,True,True,True,True,True,True,True,True,False,True,True,True,False,True,True,True,True,True,True,8.079252,77.5499338,District Center
1819,Vidal,H_26156,"Govt Thollavilai UPHC, Nagercoil, TN","UPHC THOLLAVILAI, Konam. Pin.629004.",Kanyakumari,UPHC,Multi,Govt-MTM,Govt,85,26-03-2025,2025,A1,False,False,False,False,False,False,False,False,False,False,False,False,False,False,False,False,False,False,False,False,False,True,False,False,False,False,False,False,False,False,False,False,False,False,True,False,False,False,False,False,8.079252,77.5499338,District Center
1815,Vidal,H_26152,"Govt Vadasery UPHC, Nagercoil, TN.","UPHC Vadasery Vanigar street vadasery. Asambu road, Near smrv school",Kanyakumari,UPHC,Multi,Govt-MTM,Govt,85,26-03-2025,2025,A1,False,False,False,False,False,False,False,False,False,False,False,False,False,False,False,False,False,False,False,False,False,True,False,False,False,False,False,False,False,False,False,False,False,False,True,False,False,False,False,False,8.079252,77.5499338,District Center
1817,Vidal,H_26154,"Govt Vadiveeswaram UPHC, Nagercoil, TN.","Uphc Vadiveeswaram, Pound Road. Meenachipuram",Kanyakumari,UPHC,Multi,Govt-MTM,Govt,85,26-03-2025,2025,A1,False,False,False,False,False,False,False,False,False,False,False,False,False,False,False,False,False,False,False,False,False,True,False,False,False,False,False,False,False,False,False,False,False,False,True,False,False,False,False,False,8.079252,77.5499338,District Center
1816,Vidal,H_26153,"Govt Vattavilai UPHC, Nagercoil, TN.","Uphc vattavilai, Near mutharamman coil. Near mutharamman coil Street, Kottar post, Pin:629002",Kanyakumari,UPHC,Multi,Govt-MTM,Govt,85,26-03-2025,2025,A1,False,False,False,False,False,False,False,False,False,False,False,False,False,False,False,False,False,False,False,False,False,True,False,False,False,False,False,False,False,False,False,False,False,False,True,False,False,False,False,False,8.079252,77.5499338,District Center
701,Vidal,H_25799,"Govt. Hospital Kanyakumari Taluk, Kanyakumari TN.","605/2, Government Taluk Hospital
Near Police station
Kanyakumari",Kanyakumari,Sub-district Hospital,Multi,Govt-DMS,Govt,66,24-02-2023,2023,A1,False,True,True,True,True,True,True,True,True,True,True,True,True,True,True,True,True,True,True,True,True,True,True,True,True,True,True,True,True,False,True,True,True,False,True,True,True,True,True,True,8.079252,77.5499338,Village/Town Center
700,Vidal,H_25797,"Govt. Hospital karungal, Kanyakumari TN.","Government Hospital ,sundavilai, Karungal.",Kanyakumari,Sub-district Hospital,Multi,Govt-DMS,Govt,66,24-02-2023,2023,A1,False,True,True,True,True,True,True,True,True,True,True,True,True,True,True,True,True,True,True,True,True,True,True,True,True,True,True,True,True,False,True,True,True,False,True,True,True,True,True,True,8.2293305,77.2413827,Exact Hospital
1926,Vidal,H_22529,"Govt.DDWO,Kanyakumari TN.",,Kanyakumari,DDWO,DDWO,DDWO,Govt,0,22-02-2018,2018,,False,False,False,False,False,False,False,False,False,False,False,False,False,False,False,False,False,False,False,False,False,False,False,False,False,False,False,False,False,False,False,False,False,False,False,False,False,False,False,False,8.079252,77.5499338,District Center
604,Vidal,H_18712,"Govt.HQ Hospital,Padmanabhapuram,Kanyakumari TN.","Padmanabapuram, Thuckalay",Kanyakumari,District Hospital,Multi,Govt-DMS,Govt,1,20-03-2017,2017,A1,False,True,True,True,True,True,True,True,True,True,True,True,True,True,True,True,True,True,True,True,True,True,True,True,True,True,True,True,True,False,True,True,True,False,True,True,True,True,True,True,8.079252,77.5499338,District Center
817,Vidal,H_19018,"Grace Hospital, Kanyakumari TN.",PPM Junction Kaliyakkavilai,Kanyakumari,Private,Multi,PVT HOSPITAL,Pvt,9,18-07-2017,2017,A6,False,False,False,False,False,False,True,False,True,True,False,True,False,False,True,False,False,False,False,True,False,False,False,True,False,False,False,False,False,False,False,True,False,False,False,False,False,False,False,False,8.3321736,77.1732165,Exact Hospital
1713,Vidal,H_24570,"GUPHC,Agastheeswaram,Nagarcoil,Kanyakumari TN.","PHC College Rd, Agasteeswaram, Tamil Nadu 629701",Kanyakumari,CHC,Multi,Govt-MTM,Govt,51,19-08-2021,2021,A1,False,False,False,False,False,False,False,False,False,False,False,False,False,False,False,False,False,False,False,False,False,True,False,False,False,False,False,False,False,False,False,False,False,False,True,False,False,False,False,False,8.3353514,77.25196,Village/Town Center
1720,Vidal,H_24986,"GUPHC,C.R.Pudur,Thovala,Nagercoil,TN","Medical Officer, PHC, Thovalai, 629304",Kanyakumari,CHC/ UGPHC/ Main PHC,Multi,Govt-MTM,Govt,55,12-11-2021,2021,A1,False,False,False,False,False,False,False,False,False,False,False,False,False,False,False,False,False,False,False,False,False,True,False,False,False,False,False,False,False,False,False,False,False,False,True,False,False,False,False,False,8.3353514,77.25196,Village/Town Center
1714,Vidal,H_24574,"GUPHC,Killiyur,Nagarcoil,Kanyakumari TN.","Mullangana Vilai, Killiyoor Road, Tholayavattai, Kanyakumari - 629157",Kanyakumari,CHC,Multi,Govt-MTM,Govt,51,19-08-2021,2021,A1,False,False,False,False,False,False,False,False,False,False,False,False,False,False,False,False,False,False,False,False,False,True,False,False,False,False,False,False,False,False,False,False,False,False,True,False,False,False,False,False,8.2944612,77.2544498,Village/Town Center
1715,Vidal,H_24579,"GUPHC,Kurunthancode,Nagarcoil,Kanyakumari TN.","Kurunthancode, Tamil Nadu 629802",Kanyakumari,UPHC,Multi,Govt-MTM,Govt,51,19-08-2021,2021,A1,False,False,False,False,False,False,False,False,False,False,False,False,False,False,False,False,False,False,False,False,False,True,False,False,False,False,False,False,False,False,False,False,False,False,True,False,False,False,False,False,8.3353514,77.25196,Village/Town Center
1719,Vidal,H_24606,"GUPHC,Melpuram,Edaicode,Nagarcoil TN.","Medical Officer, PHC, Edaicode, K.K. District – 629152",Kanyakumari,CHC,Multi,Govt-MTM,Govt,51,19-08-2021,2021,A1,False,False,False,False,False,False,False,False,False,False,False,False,False,False,False,False,False,False,False,False,False,True,False,False,False,False,False,False,False,False,False,False,False,False,True,False,False,False,False,False,8.5571707,78.1214981,Village/Town Center
1716,Vidal,H_24585,"GUPHC,Rajakkamangalam,Nagarcoil,Kanyakumari TN.","PHC,Rajakkamangalam, K.K. District – 629501",Kanyakumari,CHC,Multi,Govt-MTM,Govt,51,19-08-2021,2021,A1,False,False,False,False,False,False,False,False,False,False,False,False,False,False,False,False,False,False,False,False,False,True,False,False,False,False,False,False,False,False,False,False,False,False,True,False,False,False,False,False,8.5571707,78.1214981,Village/Town Center
1717,Vidal,H_24600,"GUPHC,Thackalai,Kothanallur,Nagarcoil TN.","rban PHC, Medical Officer,Padmanbhapuram Fort,Thuckalay PO - 629166",Kanyakumari,CHC,Multi,Govt-MTM,Govt,51,19-08-2021,2021,A1,False,False,False,False,False,False,False,False,False,False,False,False,False,False,False,False,False,False,False,False,False,True,False,False,False,False,False,False,False,False,False,False,False,False,True,False,False,False,False,False,8.079252,77.5499338,District Center
1718,Vidal,H_24603,"GUPHC,Thiruvattaru,Kuttakuzhi,Nagarcoil TN.","GUPHC,Thiruvattaru, Powdikonam, Kuttakuzhi Tamil Nadu 629177",Kanyakumari,CHC,Multi,Govt-MTM,Govt,51,19-08-2021,2021,A1,False,False,False,False,False,False,False,False,False,False,False,False,False,False,False,False,False,False,False,False,False,True,False,False,False,False,False,False,False,False,False,False,False,False,True,False,False,False,False,False,8.31212,77.261791,Village/Town Center
1722,Vidal,H_24988,"GUPHC,Thoothoor,Munchira,Nagercoil,TN","GUPHC,Thoothoor,Munchira - 629176",Kanyakumari,CHC/ UGPHC,Multi,Govt-MTM,Govt,55,12-11-2021,2021,A1,False,False,False,False,False,False,False,False,False,False,False,False,False,False,False,False,False,False,False,False,False,True,False,False,False,False,False,False,False,False,False,False,False,False,True,False,False,False,False,False,8.079252,77.5499338,District Center
1721,Vidal,H_24987,"GUPHC,Thovala,Thadikkaarakonam,Nagercoil,TN","Nedumangad Hwy, Thadikarankonam, Tamil Nadu 629851",Kanyakumari,UGPHC,Multi,Govt-MTM,Govt,55,12-11-2021,2021,A1,False,False,False,False,False,False,False,False,False,False,False,False,False,False,False,False,False,False,False,False,False,True,False,False,False,False,False,False,False,False,False,False,False,False,True,False,False,False,False,False,8.3353514,77.25196,Village/Town Center
818,Vidal,H_19014,"Holy Cross Hospital, Kanyakumari TN.","Holy Cross Hospital,Vettoornimadam,Nagercoil-",Kanyakumari,Private,Multi,PVT HOSPITAL,Pvt,3,04-04-2017,2017,A3,False,True,False,True,True,False,True,False,True,True,True,True,False,False,True,False,False,False,True,True,True,True,False,False,True,True,False,True,True,False,False,True,False,False,False,True,True,False,False,False,8.079252,77.5499338,District Center
819,Vidal,H_24386,"Immanuel Arasar Hospital,Kanyakumari TN.","4-200B,Edavilagam,nattalam",Kanyakumari,Private,Multi,PVT HOSPITAL,Pvt,49,07-07-2021,2024,A6,False,False,False,False,False,False,False,False,False,True,False,False,False,False,False,False,False,False,False,False,False,False,False,False,False,False,False,False,False,False,False,False,False,False,False,False,False,False,False,False,8.079252,77.5499338,District Center
1892,Vidal,H_22049,"Indian MRI Diagnostic,Kanyakumari DC.",,Kanyakumari,Private,PVT-STANDALONE,DC PVT-STANDALONE,Pvt,2,27-03-2017,2017,,False,False,False,False,False,False,False,False,False,False,False,False,False,False,False,False,False,False,False,False,False,False,False,False,False,False,False,False,False,False,False,False,False,False,False,False,False,False,False,False,8.079252,77.5499338,District Center
820,Vidal,H_24367,"Irene Hospital,Nagercoil Kanyakumari TN.","78/1-B IRENE HOSPITAL,NAGERCOIL",Kanyakumari,Private,Multi,PVT HOSPITAL,Pvt,55,12-11-2021,2021,A6,False,False,False,False,False,False,False,False,True,True,False,False,False,False,False,False,False,False,False,False,False,False,False,False,False,False,False,False,False,False,False,False,False,False,False,False,False,False,False,False,8.079252,77.5499338,District Center
1964,Vidal,H_25058,"Jebrish Diagnostic Centre,Kanyakumari DC.",,Kanyakumari,Private,PVT-STANDALONE,DC PVT-STANDALONE,Pvt,55,12-11-2021,2021,,False,False,False,False,False,False,False,False,False,False,False,False,False,False,False,False,False,False,False,False,False,False,False,False,False,False,False,False,False,False,False,False,False,False,False,False,False,False,False,False,8.079252,77.5499338,District Center
821,Vidal,H_18219,"Joseph Sahaayam Speciality Hospital,Kanyakumar TN.","Ganesapuram road, Nagercoil - ",Kanyakumari,Private,Multi,PVT HOSPITAL,Pvt,5,19-04-2017,2017,A3,False,False,False,False,False,False,True,True,True,True,True,True,False,False,True,False,False,True,False,True,True,True,False,False,False,False,True,True,True,False,False,True,False,False,False,False,True,False,True,False,8.079252,77.5499338,District Center
1925,Vidal,H_22488,"Kanyakumari MC. DEIC, Kanyakumari TN.",,KANYAKUMARI,DEIC,DEIC,DEIC,Govt,0,14-02-2018,2018,,False,False,False,False,False,False,False,False,False,False,False,False,False,False,False,False,False,False,False,False,False,False,False,False,False,False,False,False,False,False,False,False,False,False,False,False,False,False,False,False,8.079252,77.5499338,District Center
846,Vidal,H_26003,"kanyakumari Med Missn Resrch Cent, Kanyakumari TN.","Alphonsa Trust, St. Devashayam Nagar, Muttom, K. K. Dist - 629 202",KANYAKUMARI,Private,Multi,PVT HOSPITAL,Pvt,75,25-04-2024,2024,A4,False,True,True,False,False,False,False,False,False,True,True,True,False,False,False,True,False,False,False,True,False,False,False,False,True,False,False,False,False,False,False,False,False,False,False,False,False,False,False,False,8.1242258,77.3178077,Village/Town Center
600,Vidal,H_18713,"Kanyakumari Medical College Hosp, Kanyakumari TN.","Kanyakumari Govt. Medical College Hospital,Asaripallam",Kanyakumari,Medical College Hospital ,Multi,Govt-DME,Govt,1,20-03-2017,2017,A1,False,True,True,True,True,True,True,True,True,True,True,True,True,True,True,True,True,True,True,True,True,True,True,True,True,True,True,True,True,True,True,True,True,True,True,True,True,True,True,True,8.079252,77.5499338,District Center
822,Vidal,H_21383,"Kims Healthcare, Kanyakumari TN.","P.B.#1,ANAYARA POST,TRIVANDRUM-",Kanyakumari,Private,Single,PVT HOSPITAL,Pvt,5,19-04-2017,2017,S2,False,False,False,False,False,False,True,False,False,False,False,False,False,False,False,False,False,True,False,False,False,False,False,False,False,False,False,False,False,False,False,False,False,False,False,False,False,False,False,False,8.079252,77.5499338,District Center
1066,Vidal,H_26351,"KIMS Nagercoil Inst of Med Sci, Kanyakumari TN.","1201,TRIVANDRUM MAIN ROAD, CHUKKANKADAI POST",Kanyakumari,Private,Multi,PVT HOSPITAL,Pvt,93,02-01-2026,2026,A6,False,True,False,False,False,False,False,False,False,True,False,False,False,False,False,False,False,False,False,True,False,False,False,False,False,False,False,False,False,False,False,False,False,False,False,False,False,False,False,False,8.079252,77.5499338,District Center
823,Vidal,H_24410,"Krishnakumar Orthopaedic hospital, Kanyakumari TN.","5/82 E, NEAR OVERBRIDGE,PA",Kanyakumari,Private,Multi,PVT HOSPITAL,Pvt,50,30-07-2021,2024,A6,False,False,False,False,False,False,False,False,False,True,False,False,False,False,False,False,False,False,False,False,False,False,False,False,False,False,False,False,False,False,False,False,False,False,False,False,False,False,False,False,8.194654,77.394216,Exact Hospital
824,Vidal,H_25942,"Lifecare Hospital, Nagercoil, Kanyakumari TN.","425,M.S ROAD PARVATHIPURAM,NAGERCOIL",Kanyakumari,Private,Multi,PVT HOSPITAL,Pvt,72,17-11-2023,2024,A4,False,False,False,False,False,False,False,False,True,True,False,True,False,False,False,False,False,False,False,True,False,False,False,False,False,False,False,False,False,False,False,False,False,False,False,False,False,False,False,False,8.079252,77.5499338,District Center
825,Vidal,H_22365,"Lister Hospital Marthandam, Kanyakumari TN.",Main Road Marthandam,Kanyakumari,Private,Multi,PVT HOSPITAL,Pvt,10,21-08-2017,2018,A4,False,False,False,False,False,False,True,False,True,True,False,True,False,False,True,False,False,False,False,True,False,False,False,False,False,False,False,False,False,False,False,True,False,False,False,False,False,False,False,False,8.079252,77.5499338,District Center
826,Vidal,H_18584,"M L Hospital,Kanyakumari TN.",132 Punnainager Nagercoil,Kanyakumari,Private,Multi,PVT HOSPITAL,Pvt,5,19-04-2017,2017,A3,False,False,False,True,True,True,True,True,True,True,True,True,False,False,True,False,False,True,False,True,True,False,False,False,True,False,True,True,True,False,False,True,False,False,False,True,True,True,True,True,8.079252,77.5499338,District Center
827,Vidal,H_19015,"MANUEL ORTHO HOSPITAL, Kanyakumari TN.","Therekalputhoor,Thirupathisaram PO,",Kanyakumari,Private,Multi,PVT HOSPITAL,Pvt,15,05-02-2018,2017,A2,False,False,False,False,False,False,True,False,False,False,False,False,False,False,False,False,False,False,False,False,False,True,False,False,True,False,False,False,False,False,False,True,False,False,False,True,False,True,False,False,8.079252,77.5499338,District Center
1893,Vidal,H_19955,"Marthandam Ct Scans, Kanyakumari Dc.",,Kanyakumari,Private,PVT-STANDALONE,DC PVT-STANDALONE,Pvt,5,19-04-2017,2017,,False,False,False,False,False,False,False,False,False,False,False,False,False,False,False,False,False,False,False,False,False,False,False,False,False,False,False,False,False,False,False,False,False,False,False,False,False,False,False,False,8.079252,77.5499338,District Center
828,Vidal,H_22367,"Muthu Neuro Centre, Kanyakumari TN.","18/51H ASHOK NAGAR, THIRUVANANTHAPURAM ROAD, CHUNKANKADAI",Kanyakumari,Private,Multi,PVT HOSPITAL,Pvt,10,21-08-2017,2018,A6,False,False,False,False,False,False,True,False,True,False,False,False,False,False,True,False,False,False,False,False,True,True,False,False,True,False,False,False,False,False,False,False,False,False,False,True,False,False,False,False,8.079252,77.5499338,District Center
829,Vidal,H_19060,"NIMS, Thiruvananthapuram","P.B.#1,ANAYARA POST,TRIVANDRUM-",Kanyakumari,Private,Multi,PVT HOSPITAL,Pvt,5,19-04-2017,2017,A6,False,True,True,False,True,False,True,False,True,True,False,True,False,False,True,True,False,True,False,True,False,False,False,False,True,False,False,False,False,False,False,True,False,False,False,True,False,False,False,True,8.079252,77.5499338,District Center
830,Vidal,H_25684,"Ponjesly Super Speciality Hospital,Kanyakumari TN.","6/147 AB, KALLIYANCAUD-ERACHAKULAM ROAD, PARVATHIPURAM,NAGERCOIL",Kanyakumari,Private,Multi,PVT HOSPITAL,Pvt,60,28-06-2022,2024,A3,False,True,False,False,False,False,False,False,True,True,False,True,False,False,False,True,False,False,False,True,False,False,False,False,False,True,True,False,False,False,False,False,False,False,False,False,True,False,False,False,8.1901957,77.3995912,Village/Town Center
831,Vidal,H_19031,"PPK Hospital, Kanyakumari TN.",Main Road Marthandam,Kanyakumari,Private,Multi,PVT HOSPITAL,Pvt,5,19-04-2017,2017,A4,False,False,False,False,True,False,True,False,True,False,True,True,False,False,True,False,False,False,False,True,False,False,False,False,True,False,False,False,False,False,False,True,False,False,False,True,False,False,False,True,8.079252,77.5499338,District Center
1894,Vidal,H_19978,"Pranav Diagnostic Centre, Kanyakumari Dc.",,Kanyakumari,Private,PVT-STANDALONE,DC PVT-STANDALONE,Pvt,5,19-04-2017,2017,,False,False,False,False,False,False,False,False,False,False,False,False,False,False,False,False,False,False,False,False,False,False,False,False,False,False,False,False,False,False,False,False,False,False,False,False,False,False,False,False,8.079252,77.5499338,District Center
832,Vidal,H_24409,"PRS Hospital Pvt Ltd,Kanyakumari TN.",KILLIPALAM,Kanyakumari,Private,Multi,PVT HOSPITAL,Pvt,50,30-07-2021,2024,A6,False,False,False,False,False,False,False,False,False,True,False,False,False,False,False,False,False,False,False,False,False,False,False,False,False,False,False,False,False,False,False,False,False,False,False,False,False,False,False,False,8.079252,77.5499338,District Center
833,Vidal,H_18520,"Rathna Memorial Hospital, Kanyakumari TN.","11/208,Swamiyarmadam,Kattathurai",Kanyakumari,Private,Multi,PVT HOSPITAL,Pvt,5,19-04-2017,2017,A6,False,False,False,False,False,False,False,False,False,True,False,False,False,False,False,False,False,False,False,False,False,False,False,False,False,False,False,False,False,False,False,False,False,False,False,False,False,False,False,False,8.2875497,77.2709548,Exact Hospital
1973,Vidal,H_25773,"RE CT SCANS,KANYAKUMARI DC.",,Kanyakumari,Private,PVT-STANDALONE,DC PVT-STANDALONE,Pvt,65,01-06-2023,2023,,False,False,False,False,False,False,False,False,False,False,False,False,False,False,False,False,False,False,False,False,False,False,False,False,False,False,False,False,False,False,False,False,False,False,False,False,False,False,False,False,8.079252,77.5499338,District Center
834,Vidal,H_21755,"Regional Cancer Centre, Kanyakumari TN.","Medical College Campus, Post Bag No.2417, Thiruvananthapuram, India ",Kanyakumari,Private,Single,PVT HOSPITAL,Pvt,1,20-03-2017,2017,S1,False,False,False,False,False,False,True,False,False,False,False,False,False,False,False,False,False,True,False,False,False,False,False,False,False,False,False,False,False,False,False,False,True,False,False,False,False,True,False,False,8.079252,77.5499338,District Center
1927,Vidal,H_22612,"Rejoice Trust,Autism,Kanyakumari TN.",,Kanyakumari,Private,Autism ,PVT AUTISM,Pvt,15,05-02-2018,2018,,False,False,False,False,False,False,False,False,False,False,False,False,False,False,False,False,False,False,False,False,False,False,False,False,False,False,False,False,False,False,False,False,False,False,False,False,False,False,False,False,8.079252,77.5499338,District Center
835,Vidal,H_19862,"S A Catherine Booth Hospital, Kanyakumari TN.","Balamore Rd, Vadasery, ",Kanyakumari,Private,Multi,PVT HOSPITAL,Pvt,57,23-03-2022,2017,A6,False,False,False,False,False,False,False,False,True,False,False,False,False,False,False,False,False,False,False,True,False,False,False,False,False,False,False,False,False,False,False,True,False,False,False,False,False,False,False,False,8.079252,77.5499338,District Center
836,Vidal,H_22097,"Saraswathi Hospital,Kanyakumari,TN.","PAVATHIYANVILA, PARASSALA, TRIVANDRUM ",Kanyakumari,Private,Multi,PVT HOSPITAL,Pvt,5,19-04-2017,2017,A4,False,False,True,False,False,False,True,False,True,True,False,True,False,False,True,True,False,False,False,True,False,False,False,False,True,False,False,False,False,False,False,False,False,False,False,True,False,False,False,True,8.3397236,77.165665,Village/Town Center
837,Vidal,H_23655,"Sathyam hospital, Kanyakumari TN.","NO.536 M.S ROAD, VETTURNIMADAM",Kanyakumari,Private,Multi,PVT HOSPITAL,Pvt,44,15-02-2021,2020,A6,False,False,False,False,False,False,False,False,False,True,False,False,False,False,False,False,False,False,False,False,False,False,False,False,False,False,False,False,False,False,False,False,False,False,False,False,False,False,False,False,8.079252,77.5499338,District Center
838,Vidal,H_23574,"Shalom orthopaedic hospital, kanyakumari TN. ","Main Road, Kanjiracode, Kanjiracode (P.o) K.K.Dist (TN). Pin:629155",Kanyakumari,Private,Multi,PVT HOSPITAL,Pvt,42,09-12-2020,2020,A4,False,False,False,False,False,False,False,False,False,True,False,False,False,False,False,False,False,False,False,False,False,False,False,False,True,False,False,False,True,False,False,False,False,False,False,True,False,False,False,True,8.079252,77.5499338,District Center
1895,Vidal,H_22403,"Shanti Nilayam Scl mtly rtrd,Autism,Kanyakumari TN",,Kanyakumari,Private,Autism ,PVT AUTISM,Pvt,12,25-09-2017,2017,,False,False,False,False,False,False,False,False,False,False,False,False,False,False,False,False,False,False,False,False,False,False,False,False,False,False,False,False,False,False,False,False,False,False,False,False,False,False,False,False,8.079252,77.5499338,District Center
839,Vidal,H_18216,"Siva Hospital, Kanyakumari TN.","West coast road, Eathamozhi po.",Kanyakumari,Private,Multi,PVT HOSPITAL,Pvt,5,19-04-2017,2017,A3,True,True,False,False,True,False,True,True,True,True,True,True,False,False,True,False,False,False,False,True,True,True,False,False,True,False,True,True,True,False,False,True,False,False,False,True,True,False,True,True,8.079252,77.5499338,District Center
840,Vidal,H_23412,"Sivanthi hospital,Kanyakumari TN.","5/1A MAIN ROAD, VIVEKANANDAPURAM, ADGASTEESWARAM, KANYAKUMARI",Kanyakumari,Private,Multi,PVT HOSPITAL,Pvt,39,17-09-2020,2020,A6,False,False,False,False,False,False,False,False,True,True,False,False,False,False,False,False,False,False,False,True,False,False,False,False,False,False,False,False,False,False,False,False,False,False,False,False,False,False,False,False,8.0908658,77.5494399,Exact Hospital
847,Vidal,H_18246,"Sri Mookambika Inst of Med Scs Hosp,Kanykumari TN.","VPM Hospital complex,Padanilam, Kulasekharam",Kanyakumari,Private,Multi,PVT HOSPITAL,Pvt,4,12-04-2017,2017,A4,False,True,True,True,True,False,True,False,True,True,True,True,False,False,True,True,False,True,False,True,True,True,False,True,True,True,True,True,True,False,False,True,True,False,False,True,False,True,True,True,8.079252,77.5499338,District Center
841,Vidal,H_22758,"Srinivasa hospital,Kanyakumari TN.","5/146-2 , RETHNA NAGAR , TIRUNELVELI MAIN ROAD , THEREKALPUTHOOR , NAGERCOIL-629901,KANYAKUMARI DIST",Kanyakumari,Private,Multi,PVT HOSPITAL,Pvt,27,18-12-2018,2018,A6,False,False,False,False,False,False,False,False,False,False,False,False,False,False,False,False,False,False,False,False,False,False,False,False,True,False,False,False,False,False,False,False,False,False,False,True,False,False,False,True,8.079252,77.5499338,District Center
1970,Vidal,H_25644 ,"Star Diagnostic Centre, Kanyakumari DC.",,Kanyakumari,Private,PVT-STANDALONE,DC PVT-STANDALONE,Pvt,58,28-04-2022,2022,,False,False,False,False,False,False,False,False,False,False,False,False,False,False,False,False,False,False,False,False,False,False,False,False,False,False,False,False,False,False,False,False,False,False,False,False,False,False,False,False,8.079252,77.5499338,District Center
842,Vidal,H_19016,"Subam Hospital, Kanyakumari TN","215,Asambu road,Opp SMRV school,vadasery,Nagercoil,K.K.Dist",Kanyakumari,Private,Multi,PVT HOSPITAL,Pvt,5,19-04-2017,2017,A3,False,False,False,False,False,False,True,False,True,False,True,True,False,False,True,False,False,False,False,False,True,True,False,False,True,False,False,False,True,False,False,True,False,False,False,True,True,False,True,True,8.0904888,77.5309071,Village/Town Center
1954,Vidal,H_23593,"Thilagaram Nursing home, Nagercoil TN.",,Kanyakumari,Private,Multi,PVT HOSPITAL,Pvt,43,30-12-2020,2020,,False,False,False,False,False,False,False,False,False,False,False,False,False,False,False,False,False,False,False,False,False,False,False,False,False,False,False,False,False,False,False,False,False,False,False,False,False,False,False,False,8.079252,77.5499338,District Center
843,Vidal,H_19019,"Thiraviam Orthopaedic Hospital, Kanyakumari TN.","Therekalputhoor,Thirupathisaram PO:",Kanyakumari,Private,Multi,PVT HOSPITAL,Pvt,5,19-04-2017,2017,A5,False,False,False,False,False,False,True,False,False,False,False,False,False,False,False,False,False,False,False,False,False,True,False,False,True,False,False,False,False,False,False,False,False,False,False,True,False,False,False,True,8.079252,77.5499338,District Center
844,Vidal,H_19023,"Vasantham Health Centre, Kanyakumari TN.","Dennison Road,Nagercoil",Kanyakumari,Private,Multi,PVT HOSPITAL,Pvt,5,19-04-2017,2017,A4,False,True,False,False,False,False,True,False,True,True,True,False,False,False,True,False,False,False,False,True,True,False,False,False,False,False,False,False,False,False,False,True,False,False,False,False,False,False,False,False,8.079252,77.5499338,District Center
1955,Vidal,H_23242,"Vivek Labs,Kanyakumari, DC.",,Kanyakumari,Private,PVT-STANDALONE,DC PVT-STANDALONE,Pvt,36,19-06-2020,2020,,False,False,False,False,False,False,False,False,False,False,False,False,False,False,False,False,False,False,False,False,False,False,False,False,False,False,False,False,False,False,False,False,False,False,False,False,False,False,False,False,8.079252,77.5499338,District Center
845,Vidal,H_23719,"William hospital,kanyakumari TN.","M.S.ROAD,KRISHNANKOVIL,NAGERCOIL",Kanyakumari,Private,Multi,PVT HOSPITAL,Pvt,53,18-09-2021,2020,A6,False,False,False,False,False,False,False,False,False,True,False,False,False,False,False,False,False,False,False,True,False,False,False,False,False,False,False,False,False,False,False,False,False,False,False,False,False,False,False,False,8.1914003,77.4237563,Exact Hospital
848,Vidal,H_18974,"Aarthy Eye Hospital,Karur TN.",NO.16 SENGUNTHAPURAM MAIN ROAD KARUR,Karur,Private,Single,PVT HOSPITAL,Pvt,5,19-04-2017,2017,S2,False,False,False,False,False,False,False,False,False,False,False,False,False,False,False,False,False,False,False,False,False,False,False,True,False,False,False,False,False,False,False,False,False,False,False,False,False,False,False,False,10.9607775,78.0741034,Exact Hospital
849,Vidal,H_18513,"Abirami Hospital,Karur TN.","27/33,NARASIMMAPURAM SOUTH,KARUR",Karur,Private,Multi,PVT HOSPITAL,Pvt,4,12-04-2017,2017,A4,False,False,False,False,False,False,False,False,False,True,True,True,False,False,False,False,False,False,False,True,False,False,False,False,False,False,False,False,False,False,False,False,False,False,False,False,True,False,False,False,10.9559564,78.0809939,Exact Hospital
1898,Vidal,H_21373,"Abirami scans, Karur DC.",,Karur,Private,PVT-STANDALONE,DC PVT-STANDALONE,Pvt,5,19-04-2017,2017,,False,False,False,False,False,False,False,False,False,False,False,False,False,False,False,False,False,False,False,False,False,False,False,False,False,False,False,False,False,False,False,False,False,False,False,False,False,False,False,False,10.8217671,78.3828654,District Center
850,Vidal,H_18442,"Abishek Ortho Clinic, Karur TN.","5/300 ASHOK NAGAR, ANDANKOVIL EAST, BEHIND CHAKRA HONDA SHOW ROOM, KOVAI ROAD, KARUR",Karur,Private,Single,PVT HOSPITAL,Pvt,12,25-09-2017,2017,S1,False,False,False,False,False,False,True,False,False,False,False,False,False,False,False,False,False,False,False,False,False,False,False,False,True,True,False,False,False,False,False,False,False,False,False,True,False,False,False,True,10.8217671,78.3828654,District Center
851,Vidal,H_23466,"ABS Hospital, Karur, TN.","Plot No 161 Vangalaman Dept, near Sivasakthi Nagar, Karur, Tamil Nadu 639005, India",Karur,Private,Multi,PVT HOSPITAL,Pvt,74,06-03-2024,2020,A6,False,False,False,False,False,False,False,False,True,True,False,False,False,False,False,False,False,False,False,False,False,False,False,False,False,False,False,False,False,False,False,False,False,False,False,False,False,False,False,False,10.94315,78.089194,Exact Hospital
852,Vidal,H_26071,"Akshaya Hospital, Karur, TN.","NO 108 A, VADIVEL NAGAR ERODE ROAD,NEAR POLICE QUARTERS, KARUR - 639002.",Karur,Private,Multi,PVT HOSPITAL,Pvt,80,04-10-2024,2024,A5,False,False,False,False,False,False,False,False,True,True,False,False,False,False,False,False,False,False,False,True,False,False,False,False,True,False,False,False,False,False,False,False,False,False,False,False,False,False,False,False,10.9596041,78.0807797,Village/Town Center
853,Vidal,H_18275,"Amaravathi Hospital,Karur TN.","NO:74,RAMANUJAM NAGAR,COVAI ROAD,KARUR",Karur,Private,Multi,PVT HOSPITAL,Pvt,4,12-04-2017,2017,A2,False,True,False,True,True,False,True,True,True,True,True,True,False,False,False,True,False,True,True,True,True,True,False,False,True,True,True,True,False,False,False,True,False,False,False,False,False,False,False,True,10.9602192,78.0684534,Exact Hospital
854,Vidal,H_24116,"APJ Hospital, Thogaimalai, Karur TN.","GH OPPISITE,SATHIRA STEET ,THOGAIMALAI",Karur,Private,Multi,PVT HOSPITAL,Pvt,56,13-01-2022,2020,A3,False,False,False,False,False,False,False,False,True,True,True,True,False,False,False,False,False,False,False,False,False,False,False,False,True,False,False,False,False,False,False,False,False,False,False,False,False,False,False,False,10.8217671,78.3828654,District Center
855,Vidal,H_18415,"Apollo Logo Hospital,Karur TN.","163,A-E,ALLWYN NAGAR,COVAI ROAD, KARUR-639002.",Karur,Private,Multi,PVT HOSPITAL,Pvt,4,12-04-2017,2017,A4,False,True,False,False,False,False,True,False,True,False,True,False,False,False,True,True,False,False,False,True,False,False,False,False,True,True,False,False,False,False,False,True,False,False,False,False,False,False,False,True,10.8217671,78.3828654,District Center
1064,Vidal,H_26341,"Arasan Eye Hospital, Karur, TN.      ","96 VAIYAPURI NAGAR BUS STOP KOVAI MAIN ROAD , KARUR ",Karur,Private,Single,PVT HOSPITAL,Pvt,92,26-11-2025,2025,S2,False,False,False,False,False,False,False,False,False,False,False,False,False,False,False,False,False,False,False,False,False,False,False,True,False,False,False,False,False,False,False,False,False,False,False,False,False,False,False,False,10.961065,78.067647,Exact Hospital
1897,Vidal,H_19997,"Doctors Diagnostic Centre, Karur Dc.",,Karur,Private,PVT-STANDALONE,DC PVT-STANDALONE,Pvt,5,19-04-2017,2017,,False,False,False,False,False,False,False,False,False,False,False,False,False,False,False,False,False,False,False,False,False,False,False,False,False,False,False,False,False,False,False,False,False,False,False,False,False,False,False,False,10.8217671,78.3828654,District Center
856,Vidal,H_18588,"G.C.Hospital,Karur TN.","NO.31 NORTH PRADAKSHANAM ROAD, KARUR",Karur,Private,Multi,PVT HOSPITAL,Pvt,2,27-03-2017,2017,A3,False,False,False,False,False,False,True,False,True,True,False,True,False,False,True,False,False,False,False,False,False,True,False,False,True,True,False,False,True,False,False,False,False,False,False,True,False,False,False,True,10.96227,78.0776757,Exact Hospital
608,Vidal,H_22299,"Govt Hospital Manmangalam,Karur TN.","Karur - Salem NH Road, Manmangalam, Karur - 639006.",Karur,Sub-district Hospital,Multi,Govt-DMS,Govt,8,24-06-2017,2017,A1,False,True,True,True,True,True,True,True,True,True,True,True,True,True,True,True,True,True,True,True,True,True,True,True,True,True,True,True,True,False,True,True,True,False,True,True,True,True,True,True,11.0275504,78.0646437,Exact Hospital
673,Vidal,H_23010,"Govt Hospital Pallapatti,Karur TN.","317, Dindigul Road, Pallapatti - 639205.",Karur,Sub-district Hospital,Multi,Govt-DMS,Govt,33,07-11-2019,2019,A1,False,True,True,True,True,True,True,True,True,True,True,True,True,True,True,True,True,True,True,True,True,True,True,True,True,True,True,True,True,False,True,True,True,False,True,True,True,True,True,True,10.77208,77.909648,Exact Hospital
607,Vidal,H_22300,"Govt Hospital Velayuthampalayam,Karur TN.","Govt.Hospital Velayuthampalayam,Karur",Karur,Sub-district Hospital,Multi,Govt-DMS,Govt,8,24-06-2017,2017,A1,False,True,True,True,True,True,True,True,True,True,True,True,True,True,True,True,True,True,True,True,True,True,True,True,True,True,True,True,True,False,True,True,True,False,True,True,True,True,True,True,11.0729521,78.0023123,Exact Hospital
681,Vidal,H_24394,"Govt Hospital, Aravankurichi, Karur TN.","Government Hospital Aravakurichi, aravakurichi Taluk, Aravakurichi,Karur",Karur,Sub-district Hospital,Multi,Govt-DMS,Govt,49,07-07-2021,2021,A1,False,True,True,True,True,True,True,True,True,True,True,True,True,True,True,True,True,True,True,True,True,True,True,True,True,True,True,True,True,False,True,True,True,False,True,True,True,True,True,True,10.8505925,77.9260843,Village/Town Center
682,Vidal,H_24395,"Govt Hospital, Kadavur, Karur TN.","Government Hospital Mylampatti, Keelapagudhi,Kadavur Taluk, Karur ",Karur,Sub-district Hospital,Multi,Govt-DMS,Govt,49,07-07-2021,2021,A1,False,True,True,True,True,True,True,True,True,True,True,True,True,True,True,True,True,True,True,True,True,True,True,True,True,True,True,True,True,False,True,True,True,False,True,True,True,True,True,True,10.5945331,78.1758745,Exact Hospital
683,Vidal,H_24396,"Govt Hospital, Krishnarayapuram, Karur TN.","Government Hospital, Kovakkulam, Krishnarayapuram",Karur,Sub-district Hospital,Multi,Govt-DMS,Govt,49,07-07-2021,2021,A1,False,True,True,True,True,True,True,True,True,True,True,True,True,True,True,True,True,True,True,True,True,True,True,True,True,True,True,True,True,False,True,True,True,False,True,True,True,True,True,True,10.83121,78.310053,Exact Hospital
674,Vidal,H_23578,"Govt Hospital,Mylampatty,Karur TN.","Palayam - Trichy Road, Mylampatti, Karur - 621301.",Karur,Sub-district Hospital,Multi,Govt-DMS,Govt,42,09-12-2020,2020,A1,False,True,True,True,True,True,True,True,True,True,True,True,True,True,True,True,True,True,True,True,True,True,True,True,True,True,True,True,True,False,True,True,True,False,True,True,True,True,True,True,10.7320815,78.2459642,Exact Hospital
1928,Vidal,H_22480,"Govt Medical College and Hospital, DEIC, Karur TN.",,Karur,DEIC,DEIC,DEIC,Govt,0,14-02-2018,2018,,False,False,False,False,False,False,False,False,False,False,False,False,False,False,False,False,False,False,False,False,False,False,False,False,False,False,False,False,False,False,False,False,False,False,False,False,False,False,False,False,10.8217671,78.3828654,District Center
605,Vidal,H_22313,"Govt Medical College and Hospital, Karur TN.","Sanapiratti Village, Gandhigramam, Karur.",Karur,Medical College Hospital ,Multi,Govt-DME,Govt,1,20-03-2017,2017,A1,False,True,True,True,True,True,True,True,True,True,True,True,True,True,True,True,True,True,True,True,True,True,True,True,True,True,True,True,True,True,True,True,True,True,True,True,True,True,True,True,10.9508461,78.0874204,Village/Town Center
1801,Vidal,H_24722,"Govt.CHC Panjapatty,Krishnarayapuram ,Karur TN.","Panjapatty,Krishnarayapuram",Karur,CHC,Multi,Govt-MTM,Govt,52,09-08-2021,2021,A1,False,False,False,False,False,False,False,False,False,False,False,False,False,False,False,False,False,False,False,False,False,True,False,False,False,False,False,False,False,False,False,False,False,False,True,False,False,False,False,False,10.9496994,78.3058309,Village/Town Center
1929,Vidal,H_22521,"Govt.DDWO,Karur TN.",,Karur,DDWO,DDWO,DDWO,Govt,15,22-02-2018,2018,,False,False,False,False,False,False,False,False,False,False,False,False,False,False,False,False,False,False,False,False,False,False,False,False,False,False,False,False,False,False,False,False,False,False,False,False,False,False,False,False,10.8217671,78.3828654,District Center
606,Vidal,H_20067,"Govt.Head Qrtrs Hosp Kulithalai,Karur TN.","OLD TOLL GATE, KULITHALAI, KARUR.",Karur,District Hospital,Multi,Govt-DMS,Govt,1,20-03-2017,2017,A1,False,True,True,True,True,True,True,True,True,True,True,True,True,True,True,True,True,True,True,True,True,True,True,True,True,True,True,True,True,False,True,True,True,False,True,True,True,True,True,True,10.8154548,78.4881255,Village/Town Center
1811,Vidal,H_24897,"Govt.PHC Aravakurichi,Malaikovilur Karur TN.","Aravakurichi,Malaikovilur",Karur,PHC,Multi,Govt-MTM,Govt,54,22-10-2021,2021,A1,False,False,False,False,False,False,False,False,False,False,False,False,False,False,False,False,False,False,False,False,False,True,False,False,False,False,False,False,False,False,False,False,False,False,True,False,False,False,False,False,10.8505925,77.9260843,Village/Town Center
1812,Vidal,H_24898,"Govt.PHC Kulithalai,Karur TN","Urban Primary Health Center, Rasipuram,25, Dasa St, Rasipuram, Namakkal. ",Karur,PHC,Multi,Govt-MTM,Govt,54,22-10-2021,2021,A1,False,False,False,False,False,False,False,False,False,False,False,False,False,False,False,False,False,False,False,False,False,True,False,False,False,False,False,False,False,False,False,False,False,False,True,False,False,False,False,False,10.8217671,78.3828654,District Center
1813,Vidal,H_25011,"Govt.PHC,K.Paramathy,Chinnadharapur,Karur TN.","Govt. Community  Health Centre, Chinnadharapuram , Aravakurichi (TK) Karur - 639 202.",Karur,PHC,Multi,Govt-MTM,Govt,55,12-11-2021,2021,A1,False,False,False,False,False,False,False,False,False,False,False,False,False,False,False,False,False,False,False,False,False,True,False,False,False,False,False,False,False,False,False,False,False,False,True,False,False,False,False,False,10.8519377,77.8474628,Village/Town Center
1814,Vidal,H_25037,"Govt.PHC,Thanthoni,Velliyanai,Karur TN.","Govt. Primary Health Centre, Velliyanai, Velliyanai (PO) , Karur (TK)  Karur - 639 118.",Karur,PHC,Multi,Govt-MTM,Govt,55,12-11-2021,2021,A1,False,False,False,False,False,False,False,False,False,False,False,False,False,False,False,False,False,False,False,False,False,True,False,False,False,False,False,False,False,False,False,False,False,False,True,False,False,False,False,False,10.8217671,78.3828654,District Center
1793,Vidal,H_24499,"Govt.UPHC Innungur,Karur TN.","Innungur,Karur",Karur,UPHC,Multi,Govt-MTM,Govt,51,23-08-2021,2021,A1,False,False,False,False,False,False,False,False,False,False,False,False,False,False,False,False,False,False,False,False,False,True,False,False,False,False,False,False,False,False,False,False,False,False,True,False,False,False,False,False,10.8545487,78.4880091,Village/Town Center
1800,Vidal,H_24721,"Govt.UPHC Kadavur ,Karur TN.",Kadavur,Karur,UPHC,Multi,Govt-MTM,Govt,52,09-08-2021,2021,A1,False,False,False,False,False,False,False,False,False,False,False,False,False,False,False,False,False,False,False,False,False,True,False,False,False,False,False,False,False,False,False,False,False,False,True,False,False,False,False,False,10.8217671,78.3828654,District Center
1796,Vidal,H_24506,"Govt.UPHC Malaikovilur,Karur TN. ","Malaikovilur,Karur",Karur,UPHC,Multi,Govt-MTM,Govt,51,23-08-2021,2021,A1,False,False,False,False,False,False,False,False,False,False,False,False,False,False,False,False,False,False,False,False,False,True,False,False,False,False,False,False,False,False,False,False,False,False,True,False,False,False,False,False,10.8481373,77.9725885,Village/Town Center
1795,Vidal,H_24503,"Govt.UPHC Thogaimalai,Karur TN.","Thogaimalai,Karur",Karur,UPHC,Multi,Govt-MTM,Govt,51,23-08-2021,2021,A1,False,False,False,False,False,False,False,False,False,False,False,False,False,False,False,False,False,False,False,False,False,True,False,False,False,False,False,False,False,False,False,False,False,False,True,False,False,False,False,False,10.7252251,78.4105931,Village/Town Center
1794,Vidal,H_24500,"Govt.UPHC Vangal,Karur TN. ","Vangal,Karur",Karur,UPHC,Multi,Govt-MTM,Govt,51,23-08-2021,2021,A1,False,False,False,False,False,False,False,False,False,False,False,False,False,False,False,False,False,False,False,False,False,True,False,False,False,False,False,False,False,False,False,False,False,False,True,False,False,False,False,False,11.0402732,78.1168942,Village/Town Center
857,Vidal,H_22098,"Karur Kidney Care Hospital,Karur,TN.","48,PRAMMATHIRTHAM Road,karur",Karur,Private,Single,PVT HOSPITAL,Pvt,5,19-04-2017,2017,S2,False,False,False,False,False,False,False,False,False,False,True,False,False,False,False,False,False,False,False,False,False,False,False,False,False,False,False,False,False,False,False,False,False,False,False,False,False,False,False,False,10.8217671,78.3828654,District Center
1896,Vidal,H_19904,"Ks Health Care And Scan Centre, Karur Dc.",,Karur,Private,PVT-STANDALONE,DC PVT-STANDALONE,Pvt,5,19-04-2017,2017,,False,False,False,False,False,False,False,False,False,False,False,False,False,False,False,False,False,False,False,False,False,False,False,False,False,False,False,False,False,False,False,False,False,False,False,False,False,False,False,False,10.8217671,78.3828654,District Center
858,Vidal,H_22861,"Nachimuthu Hospital, Covai Road, Karur TN.","5/300-2, SF 2091A, ASHOK (NAGAR NORTH), COVAI ROAD, NEAR BY-PASS JUNCTION",Karur,Private,Single,PVT HOSPITAL,Pvt,31,13-05-2019,2019,S1,False,False,False,False,False,False,False,False,False,False,False,False,False,False,False,False,False,False,False,False,False,False,False,False,True,False,False,False,False,False,False,False,False,False,False,False,False,False,False,True,10.8217671,78.3828654,District Center
859,Vidal,H_26151,"Nathan Hospital, Karur, TN.","93, RAJAJI STREET ANNA ARCH",Karur,Private,Multi,PVT HOSPITAL,Pvt,85,26-03-2025,2025,A6,False,False,False,False,False,False,False,False,True,True,False,False,False,False,False,False,False,False,False,False,False,False,False,False,True,False,False,False,False,False,False,False,False,False,False,False,False,False,False,False,10.9596041,78.0807797,Village/Town Center
860,Vidal,H_19630,"Nirmala Nursing Home, Karur TN.","NO.9D/12 EAST RAMAKRISHNAPURAM, KARUR",Karur,Private,Multi,PVT HOSPITAL,Pvt,7,23-05-2017,2017,A4,False,False,False,False,False,False,True,False,False,False,True,True,False,False,False,False,False,False,False,False,False,False,False,False,False,False,False,False,False,False,False,False,False,False,False,False,False,False,False,False,10.9637333,78.0764973,Exact Hospital
861,Vidal,H_22027,"Raj Ortho Hospital,Karur,TN.","35,west Gowripuram,karur",Karur,Private,Single,PVT HOSPITAL,Pvt,1,20-03-2017,2017,S1,False,False,False,False,False,False,True,False,False,False,False,False,False,False,False,False,False,False,False,False,False,False,False,False,True,True,False,False,False,False,False,False,False,False,False,True,False,False,False,True,10.8217671,78.3828654,District Center
862,Vidal,H_24940,"Somasundaram eye hospital, Karur TN.",21/1 COIMBATORE ROAD KARUR,Karur,Private,Single,PVT HOSPITAL,Pvt,55,12-11-2021,2024,S1,False,False,False,False,False,False,False,False,False,False,False,False,False,False,False,False,False,False,False,False,False,False,False,True,False,False,False,False,False,False,False,False,False,False,False,False,False,False,False,False,10.8217671,78.3828654,District Center
863,Vidal,H_18542,"Sri Rathina Hospital,Karur TN.","1/A NORTH PRATHACHANAM ROAD,MUTHU NAGAR,KARUR.",Karur,Private,Multi,PVT HOSPITAL,Pvt,5,19-04-2017,2017,A4,False,True,False,False,False,False,True,False,True,True,True,True,False,False,False,True,False,False,False,False,False,False,False,False,True,False,False,False,True,False,False,False,False,False,False,False,False,False,False,False,10.9242135,78.0603082,Village/Town Center
1974,Vidal,H_25798,"Sri Vinayaga Diagnostics, Karur DC.",,Karur,Private,PVT-STANDALONE,DC PVT-STANDALONE,Pvt,66,24-02-2023,2023,,False,False,False,False,False,False,False,False,False,False,False,False,False,False,False,False,False,False,False,False,False,False,False,False,False,False,False,False,False,False,False,False,False,False,False,False,False,False,False,False,10.8217671,78.3828654,District Center
864,Vidal,H_24154,"Sunetra Best Care Hospital, Karur TN.","43,Sengunthapuram Main Road, (Vaiyapuri salai)",Karur,Private,Multi,PVT HOSPITAL,PVT,62,30-08-2022,2020,A6,False,False,False,False,False,False,False,False,False,True,False,False,False,False,False,False,False,False,False,False,False,False,False,False,True,False,False,False,False,False,False,False,False,False,False,False,False,False,False,False,10.8217671,78.3828654,District Center
865,Vidal,H_18972,"Velan Eye Hosptial Covai Road,Karur TN.","98/3/1/1000J,COVAI ROAD,NEAR PERRY'S PLAZA,KARUR.",Karur,Private,Single,PVT HOSPITAL,Pvt,5,19-04-2017,2017,S2,False,False,False,False,False,False,False,False,False,False,False,False,False,False,False,False,False,False,False,False,False,False,False,True,False,False,False,False,False,False,False,False,False,False,False,False,False,False,False,False,10.8217671,78.3828654,District Center
866,Vidal,H_19631,"ARK Nursing Home, Krishnagiri TN.","75/29A, 4TH CROSS, CO-OPERATIVE COLONY, KRISHNAGIRI.",Krishnagiri,Private,Multi,PVT HOSPITAL,Pvt,5,19-04-2017,2017,A4,False,True,False,False,True,False,True,False,True,True,True,True,False,False,False,True,False,False,False,True,False,False,False,False,True,False,False,False,False,False,False,False,False,False,False,False,False,False,False,False,12.5152075,78.0093769,District Center
713,Vidal,H_21370,"Bangalore Cancer Centre,Bangalore TN.","118/1-2,MOOKAMBIKA TEMPLE ROAD,MACHOHALLI FOREST GATE,MAGADI MAIN ROAD",Krishnagiri,Private,Multi,PVT HOSPITAL,Pvt,1,20-03-2017,2017,A6,False,False,False,False,False,False,True,False,False,False,False,False,False,False,False,False,False,True,False,False,False,False,False,False,False,False,False,False,False,False,False,False,True,False,False,False,False,True,False,False,12.5152075,78.0093769,District Center
867,Vidal,H_24426,"BMS Multispeciality Hospital, Krishnagiri TN.",# 302 OPP LAL NEAR NATIONAL PETROL BUNK SIPCOT-1,Krishnagiri,Private,Multi,PVT HOSPITAL,Pvt,50,30-07-2021,2024,A6,False,False,False,False,False,False,False,False,False,True,False,False,False,False,False,False,False,False,False,True,False,False,False,False,False,False,False,False,False,False,False,False,False,False,False,False,False,False,False,False,12.5152075,78.0093769,District Center
868,Vidal,H_21131,"Chandrasekara Hospital, Hosur, Krishnagiri TN.","M1 & H.23, SF 749, AVALAPALLI HOUSING BOARD, BAGALUR ROAD, HOSUR -635109",Krishnagiri,Private,Multi,PVT HOSPITAL,Pvt,4,12-04-2017,2017,A3,False,True,True,True,True,True,True,True,True,True,True,True,False,True,True,True,True,False,True,True,True,True,False,False,True,True,True,True,True,False,False,True,False,False,False,True,True,True,True,True,12.7183361,77.8229481,Village/Town Center
1932,Vidal,H_22508,"District Diff.abled welfare office,Krishnagiri TN.",,Krishnagiri,DDWO,DDWO,DDWO,Govt,20,03-07-2018,2018,,False,False,False,False,False,False,False,False,False,False,False,False,False,False,False,False,False,False,False,False,False,False,False,False,False,False,False,False,False,False,False,False,False,False,False,False,False,False,False,False,12.5152075,78.0093769,District Center
1899,Vidal,H_21103,"Dr Venkat scans and diagnostic,Krishnagiri DC.",,Krishnagiri,Private,PVT-STANDALONE,DC PVT-STANDALONE,Pvt,5,19-04-2017,2017,,False,False,False,False,False,False,False,False,False,False,False,False,False,False,False,False,False,False,False,False,False,False,False,False,False,False,False,False,False,False,False,False,False,False,False,False,False,False,False,False,12.5152075,78.0093769,District Center
869,Vidal,H_18390,"Dr. Agarwal Eye Hospital,Krishnagiri TN.","72/3 R.S TOWERS,BANGALORE NATIONAL HIGHWAY ROAD",Krishnagiri,Private,Single,PVT HOSPITAL,Pvt,9,18-07-2017,2017,S2,False,False,False,False,False,False,True,False,False,False,False,False,False,False,False,False,False,False,False,False,False,False,False,True,False,False,False,False,False,False,False,False,False,False,False,False,False,False,False,False,12.5152075,78.0093769,District Center
1791,Vidal,H_25023 ,"Govt Alapatti UPHC, Krishnagiri TN.","Velhalahalli Road,Alapatti Colony,Krishnagiri(tk&dt)",Krishnagiri,UPHC,Multi,Govt-MTM,Govt,55,12-11-2021,2021,A1,False,False,False,False,False,False,False,False,False,False,False,False,False,False,False,False,False,False,False,False,False,True,False,False,False,False,False,False,False,False,False,False,False,False,True,False,False,False,False,False,12.5152075,78.0093769,District Center
1784,Vidal,H_24658,"Govt Bagalur UPHC, Hosur, Krishnagiri TN.","Block Medical Officer ,
Govt. Upgrade Primary Health Centre, Bagalur",Krishnagiri,UPHC,Multi,Govt-MTM,Govt,51,19-08-2021,2021,A1,False,False,False,False,False,False,False,False,False,False,False,False,False,False,False,False,False,False,False,False,False,True,False,False,False,False,False,False,False,False,False,False,False,False,True,False,False,False,False,False,12.5152075,78.0093769,District Center
1782,Vidal,H_24717,"Govt Bargur UPHC, Krishnagiri TN.","JAGADEVI PO, BARGUR TK, KRISHNAGIRI DIST",Krishnagiri,UPHC,Multi,Govt-MTM,Govt,51,19-08-2021,2021,A1,False,False,False,False,False,False,False,False,False,False,False,False,False,False,False,False,False,False,False,False,False,True,False,False,False,False,False,False,False,False,False,False,False,False,True,False,False,False,False,False,12.5152075,78.0093769,District Center
1785,Vidal,H_24659,"Govt Barur  UPHC, Kaveripattinam, Krishnagiri TN.","Block Medical Officer ,
Govt. Upgrade Primary Health Centre, Barur",Krishnagiri,UPHC,Multi,Govt-MTM,Govt,51,19-08-2021,2021,A1,False,False,False,False,False,False,False,False,False,False,False,False,False,False,False,False,False,False,False,False,False,True,False,False,False,False,False,False,False,False,False,False,False,False,True,False,False,False,False,False,12.5152075,78.0093769,District Center
609,Vidal,H_19713,"Govt Hospital Denkani Kottai, Krishnagiri TN.","DENKANIKOTTA ROAD, HOSUR",Krishnagiri,Sub-district Hospital,Multi,Govt-DMS,Govt,1,20-03-2017,2017,A1,False,True,True,True,True,True,True,True,True,True,True,True,True,True,True,True,True,True,True,True,True,True,True,True,True,True,True,True,True,False,True,True,True,False,True,True,True,True,True,True,12.5152075,78.0093769,District Center
686,Vidal,H_24656,"Govt Hospital Pochampalli, Krishnagiri TN.","Pochamppali Govt Hospital ,Dharmapuri Main road ,Pochampalli Taluk,Krishnagiri DT",Krishnagiri,Sub-district Hospital,Multi,Govt-DMS,Govt,51,19-08-2021,2021,A1,False,True,True,True,True,True,True,True,True,True,True,True,True,True,True,True,True,True,True,True,True,True,True,True,True,True,True,True,True,False,True,True,True,False,True,True,True,True,True,True,12.3322477,78.365767,Exact Hospital
685,Vidal,H_24452,"Govt Hospital, Barugur, Kirishnagiri TN.","Govt Hospital Burgur,Thirupathur Main Road,mathur",Krishnagiri,Sub-district Hospital,Multi,Govt-DMS,Govt,50,30-07-2021,2021,A1,False,True,True,True,True,True,True,True,True,True,True,True,True,True,True,True,True,True,True,True,True,True,True,True,True,True,True,True,True,False,True,True,True,False,True,True,True,True,True,True,12.5152075,78.0093769,District Center
684,Vidal,H_24451,"Govt Hospital, Mathur, Kirishnagiri TN.","Govt Hospital Mathur,Thirupathur Main Road,mathur",Krishnagiri,Sub-district Hospital,Multi,Govt-DMS,Govt,50,30-07-2021,2021,A1,False,True,True,True,True,True,True,True,True,True,True,True,True,True,True,True,True,True,True,True,True,True,True,True,True,True,True,True,True,False,True,True,True,False,True,True,True,True,True,True,12.5152075,78.0093769,District Center
1789,Vidal,H_24788,"Govt Kakadasam UPHC,Tally, Krishnagiri TN.","KAKADASAM PO, DENKANIKOTTAI TK KRISHNAGIRI DIST",Krishnagiri,UPHC,Multi,Govt-MTM,Govt,52,06-09-2021,2021,A1,False,False,False,False,False,False,False,False,False,False,False,False,False,False,False,False,False,False,False,False,False,True,False,False,False,False,False,False,False,False,False,False,False,False,True,False,False,False,False,False,12.5152075,78.0093769,District Center
1786,Vidal,H_24660,"Govt Kelamangalam UPHC, Krishnagiri TN.","Block Medical Officer ,
Govt. Upgrade Primary Health Centre, Kelamangalam",Krishnagiri,UPHC,Multi,Govt-MTM,Govt,51,19-08-2021,2021,A1,False,False,False,False,False,False,False,False,False,False,False,False,False,False,False,False,False,False,False,False,False,True,False,False,False,False,False,False,False,False,False,False,False,False,True,False,False,False,False,False,12.5152075,78.0093769,District Center
1930,Vidal,H_22501,"Govt Krishnagiri Med Col DEIC, Krishnagiri TN.",,Krishnagiri,DEIC,DEIC,DEIC,Govt,0,09-05-2018,2018,,False,False,False,False,False,False,False,False,False,False,False,False,False,False,False,False,False,False,False,False,False,False,False,False,False,False,False,False,False,False,False,False,False,False,False,False,False,False,False,False,12.5152075,78.0093769,District Center
611,Vidal,H_18482,"Govt Krishnagiri Med Coll and Hosp,Krishnagiri TN","GANTHI ROAD ,NERA OLD BUS STAND,KRISHNAGIRI",Krishnagiri,Medical College Hospital ,Multi,Govt-DME,Govt,1,20-03-2017,2017,A1,False,True,True,True,True,True,True,True,True,True,True,True,True,True,True,True,True,True,True,True,True,True,True,True,True,True,True,True,True,False,True,True,True,False,True,True,True,True,True,True,12.5152075,78.0093769,District Center
1792,Vidal,H_25024,"Govt M.C.Palli UPHC, Krishnagiri TN.","Mehalachinnapalli,Krishnagiri(Tk&dt)",Krishnagiri,UPHC,Multi,Govt-MTM,Govt,55,12-11-2021,2021,A1,False,False,False,False,False,False,False,False,False,False,False,False,False,False,False,False,False,False,False,False,False,True,False,False,False,False,False,False,False,False,False,False,False,False,True,False,False,False,False,False,12.5152075,78.0093769,District Center
1787,Vidal,H_24661,"Govt Samalpatti UPHC, Mathur, Krishnagiri TN.","Block Medical Officer ,
Govt. Upgrade Primary Health Centre, Samalpatti",Krishnagiri,UPHC,Multi,Govt-MTM,Govt,51,19-08-2021,2021,A1,False,False,False,False,False,False,False,False,False,False,False,False,False,False,False,False,False,False,False,False,False,True,False,False,False,False,False,False,False,False,False,False,False,False,True,False,False,False,False,False,12.5152075,78.0093769,District Center
1783,Vidal,H_24657,"Govt Shoolagiri UPHC, Krishnagiri TN.","Block Medical Officer ,
Govt. Upgrade Primary Health Centre,Shoolagiri",Krishnagiri,UPHC,Multi,Govt-MTM,Govt,51,19-08-2021,2021,A1,False,False,False,False,False,False,False,False,False,False,False,False,False,False,False,False,False,False,False,False,False,True,False,False,False,False,False,False,False,False,False,False,False,False,True,False,False,False,False,False,12.5152075,78.0093769,District Center
1790,Vidal,H_24790,"Govt Singarapettai UPHC,Uthangarai,Krishnagiri TN.","Thirupathur Main Road,Singarapettai(po),Uthangarai (tk)Krishnagiri (DT)Pin : 635307",Krishnagiri,UPHC,Multi,Govt-MTM,Govt,52,06-09-2021,2021,A1,False,False,False,False,False,False,False,False,False,False,False,False,False,False,False,False,False,False,False,False,False,True,False,False,False,False,False,False,False,False,False,False,False,False,True,False,False,False,False,False,12.5152075,78.0093769,District Center
1788,Vidal,H_24662,"Govt Veppanapalli UPHC, Krishnagiri TN.","Block Medical Officer ,
Govt. Upgrade Primary Health Centre, Veppanapalli",Krishnagiri,UPHC,Multi,Govt-MTM,Govt,51,19-08-2021,2021,A1,False,False,False,False,False,False,False,False,False,False,False,False,False,False,False,False,False,False,False,False,False,True,False,False,False,False,False,False,False,False,False,False,False,False,True,False,False,False,False,False,12.5152075,78.0093769,District Center
612,Vidal,H_22346,"Govt. Hospital, Uthangarai, Krishnagiri TN.",NEAR BUS STAND UTHANGARAI,Krishnagiri,Sub-district Hospital,Multi,Govt-DMS,Govt,9,18-07-2017,2017,A1,False,True,True,True,True,True,True,True,True,True,True,True,True,True,True,True,True,True,True,True,True,True,True,True,True,True,True,True,True,False,True,True,True,False,True,True,True,True,True,True,12.26612,78.535949,Exact Hospital
610,Vidal,H_18526,"Govt.Head Qrtrs Hosp Hosur, Krishnagiri TN.","DENKANIKOTTA ROAD, HOSUR",Krishnagiri,District Hospital,Multi,Govt-DMS,Govt,1,20-03-2017,2017,A1,False,True,True,True,True,True,True,True,True,True,True,True,True,True,True,True,True,True,True,True,True,True,True,True,True,True,True,True,True,False,True,True,True,False,True,True,True,True,True,True,12.5152075,78.0093769,District Center
870,Vidal,H_23754,"JanarakshaMultispecialtyHosp,Hosur,Krishnagiri TN.","Sy. No. 6/1A/1A/1A/4, D.No.26, 26/1, 27, 42, Tank Street, Hosur - 635109.           ,HOSUR,Krishnagiri,Tamil Nadu,635109,04344-226868,",Krishnagiri,Private,Multi,PVT HOSPITAL,Pvt,51,19-08-2021,2020,,False,False,False,False,False,False,False,False,False,False,False,False,False,False,False,False,False,False,False,False,False,False,False,False,False,False,False,False,False,False,False,False,False,False,False,False,False,False,False,False,12.5152075,78.0093769,District Center
871,Vidal,H_18880,"Jeeva Hospital, Krishnakari TN.","269G,BANGLORE ROAD, KRISHNAGIRI-635001.",Krishnagiri,Private,Multi,PVT HOSPITAL,Pvt,5,19-04-2017,2017,A6,False,False,False,False,False,False,True,False,True,True,False,False,False,False,False,False,False,False,False,False,False,False,False,False,False,False,False,False,False,False,False,False,False,False,False,False,False,False,False,False,12.5188835,78.2206536,Village/Town Center
872,Vidal,H_23862,"Jeevan Hospital,Denkanikottai Krishnagiri TN.","opp bus stand , Denkanikottai",Krishnagiri,Private,Multi,PVT HOSPITAL,Pvt,61,25-07-2022,2020,A6,False,False,False,False,False,False,False,False,False,False,False,False,False,False,False,False,False,False,False,False,False,False,False,False,False,False,False,False,False,False,False,False,False,False,False,False,False,False,False,False,12.5152075,78.0093769,District Center
873,Vidal,H_21130,"Kauvery Hospital, Hosur,Krishnagiri TN.","No-35,OPP TO CSI CHURCH,SHANTHI NAGAR.",Krishnagiri,Private,Multi,PVT HOSPITAL,Pvt,5,19-04-2017,2017,A5,False,True,True,False,False,False,True,False,True,True,True,True,False,False,False,True,False,False,False,True,False,False,False,True,True,False,False,True,False,False,False,False,False,False,False,True,False,False,False,False,12.5152075,78.0093769,District Center
874,Vidal,H_22764,"Lakshmi Hospital, Krishnagiri TN.","  No 27 Tank Street, Hosur,Krishanagiri",Krishnagiri,Private,Multi,PVT HOSPITAL,Pvt,28,29-01-2019,2018,A6,False,False,False,False,False,False,True,False,True,False,False,True,False,False,False,False,False,False,False,False,False,False,False,False,False,False,False,False,False,False,False,True,False,False,False,False,False,False,False,False,12.7327982,77.8255221,Exact Hospital
875,Vidal,H_26283,"Malar Hospital, Hosur, Krishnagiri, TN.","182/2C2,DENKANIKOTTAI ROAD,OLD MATHIGIRI, Hosur",KRISHNAGIRI,Private,Multi,PVT HOSPITAL,Pvt,89,30-07-2025,2025,A6,False,False,False,False,False,False,False,False,False,False,True,False,False,False,False,False,False,False,False,True,False,False,False,False,False,False,False,False,False,False,False,False,False,False,False,False,False,False,False,False,12.5152075,78.0093769,District Center
1980,Vidal,H_25595 ,"Medgenome Labs Ltd, Bangalore DC.",,Krishnagiri,Private Standalone,Multi,DC PVT-STANDALONE,Pvt,57,23-03-2022,2022,,False,False,False,False,False,False,False,False,False,False,False,False,False,False,False,False,False,False,False,False,False,False,False,False,False,False,False,False,False,False,False,False,False,False,False,False,False,False,False,False,12.5152075,78.0093769,District Center
876,Vidal,H_26305,"MK Multispecialty Hospital, Krishnagiri, TN.","SANTHUR ROAD, MULLAINAGAR, POCHAMPALLI",Krishnagiri,Private,Multi,PVT HOSPITAL,Pvt,90,24-09-2025,2025,A6,False,False,False,False,False,False,False,False,False,True,False,False,False,False,False,False,False,False,False,False,False,False,False,False,True,False,False,True,False,False,False,False,False,False,False,False,False,False,False,False,12.5152075,78.0093769,District Center
1900,Vidal,H_19913,"Moorthys Diagnostic centre, Krishnagiri DC.",,Krishnagiri,Private,PVT-STANDALONE,DC PVT-STANDALONE,Pvt,5,19-04-2017,2017,,False,False,False,False,False,False,False,False,False,False,False,False,False,False,False,False,False,False,False,False,False,False,False,False,False,False,False,False,False,False,False,False,False,False,False,False,False,False,False,False,12.5152075,78.0093769,District Center
714,Vidal,H_18573,"Narayana Hrudayalaya,Bangalore,Karnataka TN.","NO 258/A, BOMMASANDRA INDUSTRIAL AREA, ANEKAL TALUK",Krishnagiri,Private,Multi,PVT HOSPITAL,Pvt,1,20-03-2017,2017,A1+10%,False,True,True,False,True,False,True,False,True,False,True,False,True,False,False,True,False,False,False,True,False,False,False,False,False,False,False,False,False,False,False,False,False,False,False,False,True,False,False,False,12.5152075,78.0093769,District Center
877,Vidal,H_23022,"Nathans Speciality Hospital, Krishnagiri TN.","4 TH CROSS STREET,CO OPERATIVE COLONY , NEAR KVB BANK ,KRISHNAGIRI 635001",Krishnagiri,Private,Single,PVT HOSPITAL,Pvt,34,25-11-2019,2019,S1,False,False,False,False,False,False,False,False,False,False,False,False,False,False,False,False,False,False,False,False,False,False,False,False,True,False,False,False,False,False,False,False,False,False,False,False,False,False,False,True,12.5203307,78.2174264,Exact Hospital
878,Vidal,H_25832,"Om Sakthi Hospital Pvt Ltd, Krishnagiri, TN.","64,2ND CROSS,CO-OPERATIVE COLONY,KRISHNAGIRI",Krishnagiri,Private,Multi,PVT HOSPITAL,Pvt,67,28-03-2023,2024,A6,False,False,False,False,False,False,False,False,True,True,False,True,False,False,False,False,False,False,False,False,False,False,False,False,True,False,False,False,False,False,False,False,False,False,False,False,False,False,False,False,12.5189448,78.2181743,Exact Hospital
892,Vidal,H_23173,"Oxford Med Col and Research ctr, Bangalore TN.",Yadavanahalli Attibele Hobli Anekal Taluk Bangalore 562107,Krishnagiri,Private,Multi,PVT HOSPITAL,Pvt,35,17-02-2020,2020,A4,False,False,False,True,False,False,True,False,True,True,True,True,False,False,False,False,False,False,False,True,False,False,False,False,True,False,False,True,True,False,False,False,False,False,False,False,False,False,False,False,12.5152075,78.0093769,District Center
893,Vidal,H_20515,"P.E.S.I.M.S.R Hospital, Chittoor, Krishnagiri TN.","MEDICAL SUPERINTENDENT PESIMSR CAMPUS, NALAGAMPALLE, KUPPAM",Krishnagiri,Private,Multi,PVT HOSPITAL,Pvt,4,12-04-2017,2017,A4,False,True,False,True,True,False,False,False,True,True,True,True,False,False,False,True,False,False,False,True,True,True,False,True,True,False,True,True,False,False,False,False,False,False,False,True,False,False,False,True,12.5152075,78.0093769,District Center
879,Vidal,H_26099,"Pennai Multispeciality Hospital, Krishnagiri, TN.","1/54,THIRUPATHUR MAIN ROAD, VADAMALAMPATTI,POCHAMPALLI TALUK,KRISHNAGIRI DISTRICT",Krishnagiri,Private,Multi,PVT HOSPITAL,Pvt,81,04-12-2024,2024,A6,False,False,False,False,False,False,False,False,False,True,False,False,False,False,False,False,False,False,False,True,False,False,False,False,True,False,False,False,False,False,False,False,False,False,False,False,False,False,False,False,12.5152075,78.0093769,District Center
715,Vidal,H_25519 ,"People Tree Hospitals, Krishnagiri TN.","#2, TUMKUR ROAD GORAGUNTEPALYA YESWANTPUR",Krishnagiri,Private,Multi,PVT HOSPITAL,Pvt,56,13-01-2022,2024,A6,False,True,False,False,False,False,False,False,False,False,False,False,False,False,False,False,False,False,False,False,False,False,False,False,False,False,False,False,False,False,False,False,False,False,False,False,False,False,False,False,12.3715351,78.4303711,Village/Town Center
880,Vidal,H_25658 ,"PSV Hospital, Krishnagiri TN.",ORAPPAM BARGUR T.K KRISHNAGIRI DIST,Krishnagiri,Private,Multi,PVT HOSPITAL,Pvt,59,31-05-2022,2024,A3,False,False,False,False,False,False,False,False,True,True,True,True,False,False,False,False,False,False,False,True,False,False,False,False,True,False,False,False,False,False,False,False,False,False,False,False,False,False,True,False,12.5152075,78.0093769,District Center
716,Vidal,H_22745,"Rainbow Childrens Medicare, Bangalore TN.","SY NO 8/5, MARATHALLI- KR PURAM OUTER RING ROAD, DODDANEKUNDI, MARATHALLI, BENGALURU 560037",Krishnagiri,Private,Multi,PVT HOSPITAL,Pvt,26,06-12-2018,2018,A6,False,False,False,False,True,False,True,False,False,False,False,True,False,False,False,False,False,False,True,False,False,False,False,False,True,True,True,False,False,False,False,False,False,False,False,False,False,False,False,False,12.5152075,78.0093769,District Center
894,Vidal,H_23174,"Raja Rajeshwari Med Col, Bangalore TN.",NO 202 KAMBIPURA MYSORE ROAD BANGALORE-560074 LAND MARK-KENGERI MYSORE ROAD,Krishnagiri,Private,Multi,PVT HOSPITAL,Pvt,35,17-02-2020,2020,A4,False,False,False,True,False,False,True,False,True,True,False,True,False,False,False,False,False,False,False,False,False,False,False,False,False,False,False,False,False,False,False,False,False,False,False,False,False,False,False,False,12.5152075,78.0093769,District Center
881,Vidal,H_24504,"Sabhari EyeCare Hosp And RetinaCen,Krishnagiri TN.","33/3,RAJEEV NAGER,BAGALUR ROAD,HOSUR,KRISHNAGIRI-635109",Krishnagiri,Private,Single,PVT HOSPITAL,Pvt,51,19-08-2021,2024,,False,False,False,False,False,False,False,False,False,False,False,False,False,False,False,False,False,False,False,False,False,False,False,False,False,False,False,False,False,False,False,False,False,False,False,False,False,False,False,False,12.5152075,78.0093769,District Center
717,Vidal,H_18547,"Sagar Hospitals,Bangalore TN.","SHAVIGE MALLESHWARA HILLS,DAYANANDA SAGAR INSTITUTION CAMPUS,KUMARASWAMY LAYOUT,",Krishnagiri,Private,Multi,PVT HOSPITAL,Pvt,5,19-04-2017,2017,A3,False,True,True,False,False,False,True,False,True,False,False,False,False,False,False,True,False,False,False,False,False,True,False,False,True,False,False,False,False,False,False,False,False,False,False,True,False,False,False,True,12.5152075,78.0093769,District Center
882,Vidal,H_23905,"Santhi Hospital, Hosur, Krishnagiri TN.","2/343,BEHIND SBI,LAL STOP,SIPCOT, HOSUR-635126",Krishnagiri,Private,Multi,PVT HOSPITAL,Pvt,50,30-07-2021,2020,A6,False,False,False,False,False,False,False,False,False,True,False,False,False,False,False,False,False,False,False,False,False,False,False,False,True,False,False,False,False,False,False,False,False,False,False,False,False,False,False,False,12.7488623,77.8058879,Exact Hospital
883,Vidal,H_22303,"SBS Hospital,Tank Street, Hosur, Krishnagiri TN.","13/80, Tank Street, Hosur",Krishnagiri,Private,Single,PVT HOSPITAL,Pvt,8,24-06-2017,2018,S2,False,False,False,False,False,False,True,False,False,False,False,False,False,False,False,False,False,False,False,False,False,False,False,False,True,False,False,False,False,False,False,False,False,False,False,True,False,False,False,True,12.5152075,78.0093769,District Center
884,Vidal,H_23757,"Shree Arunachala Hospital, Krishnagiri TN.","32,PTV colony",Krishnagiri,Private,Multi,PVT HOSPITAL,Pvt,60,28-06-2022,2020,A3,False,False,False,False,False,False,False,False,True,True,True,False,False,False,False,False,False,False,False,False,False,False,False,False,True,False,False,False,False,False,False,False,False,False,False,False,False,False,False,False,12.5188835,78.2206536,Village/Town Center
885,Vidal,H_26323,"Sri Kauvery Medical Care Ltd, Krishnagiri, TN.","D.NO 2/176A, DEVASAMUDIRAM VILLAGE,KRISHNAGIRI TALUK, KRISHNAGIRI DISTRICT, TAMIL NADU",Krishnagiri,Private,Single,PVT HOSPITAL,Pvt,91,29-10-2025,2025,S2,False,False,False,False,False,False,False,False,False,False,False,False,False,False,False,False,False,False,False,True,False,False,False,False,False,False,False,False,False,False,False,False,False,False,False,False,False,False,False,False,12.5239071,78.1978448,Village/Town Center
886,Vidal,H_22700,"Sri Saraswathi Hospital, Krishnagiri TN.","303 A, SALEM MAIN ROAD(NEAR REGISTER OFFICE),KRISHNAGIRI-635001",Krishnagiri,Private,Multi,PVT HOSPITAL,Pvt,22,06-08-2018,2018,A4,False,False,False,True,False,False,True,False,True,True,False,True,False,False,False,False,False,False,False,False,False,False,False,False,True,False,False,False,False,False,False,False,False,False,False,True,False,False,False,False,12.51332,78.221676,Exact Hospital
887,Vidal,H_22672,"Srinivasa Specialty Hospital,Hosur,Krishnagiri TN.",SRINIVASA SPECIALITY HOSPITAL NEAR BANGALORE ROAD TRAFFIC POLICE STATION 80 FEET ROAD COMMERCIAL ST,Krishnagiri,Private,Single,PVT HOSPITAL,Pvt,21,16-07-2018,2018,S2,False,False,False,False,False,False,True,False,False,False,False,False,False,False,False,False,False,False,False,False,False,False,False,False,True,False,False,False,False,False,False,False,False,False,False,False,False,False,False,False,12.5152075,78.0093769,District Center
895,Vidal,H_23588,"St.Peters MedCol Hosp and ResInst, Krishnagiri TN.","Dr.MGR Nagar,Near AERI Campus, Opp Sipcot-II,Hosur-TK ,,Krishnagiri District",Krishnagiri,Private,Multi,PVT HOSPITAL,Pvt,43,30-12-2020,2020,A4,False,True,False,False,False,False,True,False,True,True,False,True,False,False,False,True,False,False,True,True,False,False,False,False,True,False,True,True,True,False,False,False,False,False,True,False,True,True,True,False,12.5152075,78.0093769,District Center
888,Vidal,H_22446,"TAK Hospital,Salem Main Road, Krishnagiri TN.","NO:252 A1 AVVAI NAGAR,SALEM MAIN ROAD ,NEAR LIC OFFICE,KRISHNAGIRI-635001",Krishnagiri,Private,Multi,PVT HOSPITAL,Pvt,14,19-12-2017,2018,A6,False,False,False,False,False,False,True,False,False,True,True,False,False,False,False,False,False,False,False,False,False,False,False,False,False,False,False,False,False,False,False,False,False,False,False,False,False,False,False,False,12.5188835,78.2206536,Village/Town Center
889,Vidal,H_22387,"Umarani Hospital,Krishnagiri TN.","1/136A, ANNAI SATHIYA NAGAR NEAR LIC OFFICE, KRISHNAGIRI",Krishnagiri,Private,Multi,PVT HOSPITAL,Pvt,10,21-08-2017,2018,A3,False,False,False,False,False,False,True,False,True,True,False,True,False,False,False,False,False,False,True,True,False,False,False,False,True,True,True,False,True,False,False,False,False,False,False,True,False,False,False,True,12.5152075,78.0093769,District Center
1931,Vidal,H_22663,"Uniscan Diagnostic Centre, Hosur, Krishnagiri DC.",,Krishnagiri,Private,PVT-STANDALONE,DC PVT-STANDALONE,Pvt,20,03-07-2018,2018,,False,False,False,False,False,False,False,False,False,False,False,False,False,False,False,False,False,False,False,False,False,False,False,False,False,False,False,False,False,False,False,False,False,False,False,False,False,False,False,False,12.5152075,78.0093769,District Center
890,Vidal,H_25718,"Varam Spr Splty Hosp Fertility Cent,Krishagiri TN.","DO.71, OPP G.H, DENKANIKOTTAI ROAD, HOSUR. KRISHNAGIRI ",Krishnagiri,Private,Multi,PVT HOSPITAL,PVT,62,30-08-2022,2024,A2,False,False,False,False,False,False,False,False,True,True,False,True,False,False,False,False,False,False,False,True,False,False,False,False,True,False,False,False,False,False,False,False,False,False,False,False,False,False,False,False,12.6064317,77.8603113,Village/Town Center
891,Vidal,H_26258,"Vasan Eye Care Hospital, Krishnagiri, TN.","80 Feet Road, Bangalore Bypass Road, Vaishnavi Nagar, Krishnagiri ,Hosur ",KRISHNAGIRI,Private,Single ,PVT HOSPITAL,Pvt,88,25-06-2025,2025,S2,False,False,False,False,False,False,False,False,False,False,False,False,False,False,False,False,False,False,False,False,False,False,False,True,False,False,False,False,False,False,False,False,False,False,False,False,False,False,False,False,12.7414904,77.818772,Exact Hospital
1901,Vidal,H_22051,"Aarthi Scan,Madurai DC.",,Madurai,Private,PVT-STANDALONE,DC PVT-STANDALONE,Pvt,2,27-03-2017,2017,,False,False,False,False,False,False,False,False,False,False,False,False,False,False,False,False,False,False,False,False,False,False,False,False,False,False,False,False,False,False,False,False,False,False,False,False,False,False,False,False,9.9261153,78.1140983,District Center
896,Vidal,H_22119,"Abhiman Kidney Centre,Madurai TN.","10E,BB Road,Balarengapuram,Madurai",Madurai,Private,Single,PVT HOSPITAL,Pvt,6,15-05-2017,2017,S2,False,False,False,False,False,False,False,False,False,False,True,False,False,False,False,False,False,False,False,False,False,False,False,False,False,False,False,False,False,False,False,False,False,False,False,False,False,False,False,False,9.913992,78.13179,Exact Hospital
1965,Vidal,H_24416,"Accurex Diagnostics,Madurai DC.",,Madurai,Private,PVT-STANDALONE,DC PVT-STANDALONE,Pvt,50,30-07-2021,2021,,False,False,False,False,False,False,False,False,False,False,False,False,False,False,False,False,False,False,False,False,False,False,False,False,False,False,False,False,False,False,False,False,False,False,False,False,False,False,False,False,9.9261153,78.1140983,District Center
1958,Vidal,H_23264,"Agam diagnostics,Madurai DC.",,Madurai,Private,PVT-STANDALONE,DC PVT-STANDALONE,Pvt,38,04-08-2020,2020,,False,False,False,False,False,False,False,False,False,False,False,False,False,False,False,False,False,False,False,False,False,False,False,False,False,False,False,False,False,False,False,False,False,False,False,False,False,False,False,False,9.9261153,78.1140983,District Center
1935,Vidal,H_22605,"Anbagaminstitution Handicapped,Autism,Madurai TN.",,Madurai,Private,Autism ,PVT AUTISM,Pvt,16,14-03-2018,2018,,False,False,False,False,False,False,False,False,False,False,False,False,False,False,False,False,False,False,False,False,False,False,False,False,False,False,False,False,False,False,False,False,False,False,False,False,False,False,False,False,9.9261153,78.1140983,District Center
897,Vidal,H_18421,"Apollo Speciality Hospital,Madurai TN.","Lake View Road, K K Nagar, Madurai-20",Madurai,Private,Multi,PVT HOSPITAL,Pvt,5,19-04-2017,2017,A1,False,True,True,False,False,False,True,False,False,False,True,False,False,False,False,True,False,False,False,False,False,False,False,False,False,False,False,False,False,False,False,False,False,False,False,False,True,False,False,True,9.9281755,78.1492152,Exact Hospital
898,Vidal,H_18430,"Aravind Eye Hospital Madurai, Madurai TN.","No-1 Anna Nagar, Madurai-20",Madurai,Private,Single,PVT HOSPITAL,Pvt,1,20-03-2017,2017,S1,False,False,False,False,False,False,False,False,False,False,False,False,False,False,False,False,False,False,False,False,False,False,False,True,False,False,False,False,False,False,False,False,False,False,False,False,False,False,False,False,9.9139784,78.1249392,Exact Hospital
899,Vidal,H_22011,"Aristo speciality Hospital,Madurai,TN.","50B,Bye pass Road,Madurai",Madurai,Private,Multi,PVT HOSPITAL,Pvt,2,27-03-2017,2017,A5,False,False,False,False,False,False,True,True,True,True,False,False,False,False,True,True,False,False,False,True,False,False,False,False,True,False,False,False,False,False,False,True,False,False,False,True,False,True,False,False,9.9195771,78.0932082,Exact Hospital
900,Vidal,H_22118,"Aroma Hospital,Madurai TN.","165-A/2 Algar Kovil Road,Near ITI Bus stop,Madurai",Madurai,Private,Multi,PVT HOSPITAL,Pvt,6,15-05-2017,2017,A6,False,False,False,False,True,False,True,False,True,True,False,True,False,False,True,False,False,False,False,False,False,False,False,False,True,False,False,False,False,False,False,True,False,False,False,True,False,False,False,False,9.9442065,78.1425622,Exact Hospital
901,Vidal,H_19036,"Ashirvatha Speciality Hospital, Madurai TN.","22, Rajaji Street, Gandhi Nagar, Madurai -2",Madurai,Private,Multi,PVT HOSPITAL,Pvt,1,20-03-2017,2017,A4,False,False,False,False,False,False,True,False,False,False,True,True,False,False,False,False,False,True,False,False,False,False,False,False,False,False,False,False,False,False,False,True,False,False,False,False,True,True,False,False,9.9225753,78.0921953,Village/Town Center
902,Vidal,H_21143,"Bala Hospitals, Usilampatti, Madurai TN.","103/2,Madurai Road,Keeza Pudhur,Usilampatti,Madurai-532",Madurai,Private,Multi,PVT HOSPITAL,Pvt,5,19-04-2017,2017,A3,False,True,False,False,True,False,True,True,True,True,True,True,False,False,True,True,False,True,False,True,False,True,False,False,True,False,False,False,True,False,False,False,False,False,False,True,True,True,True,True,9.9706372,77.7939864,Village/Town Center
903,Vidal,H_26261,"Balaji Multispecialty Hospital, Madurai, TN.","95,PALAM STATION ROAD,SELLUR,MADURAI ",MADURAI,Private,Multiple,PVT HOSPITAL,Pvt,88,25-06-2025,2025,A5,False,False,False,False,False,False,False,False,True,True,False,False,False,False,False,False,False,False,False,False,False,False,False,False,True,False,False,False,False,False,False,False,False,False,False,True,False,False,False,False,9.9357398,78.121833,Village/Town Center
1905,Vidal,H_22383,"Bethsan Special School,Autism,Madurai TN.",,Madurai,Private,Autism ,PVT AUTISM,Pvt,10,21-08-2017,2017,,False,False,False,False,False,False,False,False,False,False,False,False,False,False,False,False,False,False,False,False,False,False,False,False,False,False,False,False,False,False,False,False,False,False,False,False,False,False,False,False,9.9261153,78.1140983,District Center
904,Vidal,H_18470,"BGM Hospital,Madurai TN.","249,New Natham Raod,Ayyer Bungalow,Madurai-17",Madurai,Private,Multi,PVT HOSPITAL,Pvt,5,19-04-2017,2017,A2,False,False,False,False,False,False,True,True,True,True,True,True,False,False,True,False,False,True,False,True,True,True,False,False,True,False,False,False,True,False,False,True,False,False,False,True,True,True,True,False,9.9662327,78.1359941,Exact Hospital
905,Vidal,H_22057,"Bharathi Hospital,Madurai,TN.","115 Alagar Kovil Road,K.Pudur",Madurai,Private,Multi,PVT HOSPITAL,Pvt,3,04-04-2017,2017,A1,True,True,True,False,True,False,True,True,True,True,False,True,False,False,True,True,False,True,False,True,False,True,False,False,True,False,False,False,True,False,False,True,False,False,False,True,True,True,True,True,9.9411327,78.180243,Exact Hospital
906,Vidal,H_26148,"Bharathi Infinity Hospital, Madurai TN.","19/28, TRICHY-MADURAI HIGH WAYS, BEHIND VALAR NAGAR, ILANDAIKULAM, MADURAI - 625023",MADURAI,Private,Multi,PVT HOSPITAL,Pvt,85,26-03-2025,2025,A3,False,True,True,False,False,True,False,True,True,True,True,True,False,False,True,True,False,False,False,True,False,False,False,False,True,False,False,True,True,False,False,False,False,False,False,True,True,True,True,False,9.9411327,78.180243,Exact Hospital
907,Vidal,H_21446,"Bright Hospital, Madurai TN.","22,Thangarai Salai ,K.K Nagar,Near Govt Law College,Madurai",Madurai,Private,Single,PVT HOSPITAL,Pvt,4,12-04-2017,2017,S1,False,False,False,False,False,False,False,False,False,False,True,False,False,False,False,False,False,False,False,True,False,False,False,False,False,False,False,False,False,False,False,False,False,False,False,False,False,False,True,False,9.933019,78.139696,Exact Hospital
908,Vidal,H_20937,"Devadoss Multispeciality Hospital,Madurai TN.","75/1, Alagar Kovil Road, Syrveyour Colony, Madurai-7",Madurai,Private,Multi,PVT HOSPITAL,Pvt,1,20-03-2017,2017,A3,True,True,True,False,False,False,True,False,True,True,False,True,False,False,True,True,False,False,False,True,False,False,False,False,True,False,False,True,True,False,False,True,False,False,False,True,False,True,True,True,9.9579038,78.1541292,Exact Hospital
1902,Vidal,H_19960,"Devaki Scans, Madurai Dc.",,Madurai,Private,PVT-STANDALONE,DC PVT-STANDALONE,Pvt,5,19-04-2017,2017,,False,False,False,False,False,False,False,False,False,False,False,False,False,False,False,False,False,False,False,False,False,False,False,False,False,False,False,False,False,False,False,False,False,False,False,False,False,False,False,False,9.9261153,78.1140983,District Center
909,Vidal,H_18379,"Devaki Speciality Hospital, Madurai TN.","No.26, Theni Main Road, Arasaradi, Madurai 16",Madurai,Private,Multi,PVT HOSPITAL,Pvt,4,12-04-2017,2017,A1,False,True,True,False,False,False,True,False,False,False,False,False,False,False,False,True,False,True,False,True,False,False,False,False,False,False,False,False,False,False,False,False,True,False,False,False,False,True,False,False,9.9320311,78.1007468,Village/Town Center
910,Vidal,H_26322,"Dr Anil Kumar Eye Hospital Pvt Ltd, Madurai, TN.","NO.55A, MELAPONNAGARAM, 7TH STREET, GNANAOILVUPURAM,ARAPPALAYAM, MADURAI - 625016 ",Madurai,Private,Single,PVT HOSPITAL,Pvt,91,28-10-2025,2025,S2,False,False,False,False,False,False,False,False,False,False,False,False,False,False,False,False,False,False,False,False,False,False,False,True,False,False,False,False,False,False,False,False,False,False,False,False,False,False,False,False,9.9261153,78.1140983,Village/Town Center
911,Vidal,H_25958,"Dr Madhavans Heart Centre, Madurai TN.","3/424 Sivagangai Main Road 2nd & 3rd Floor-Vikram Hospital Premises Ring Road, Pandi Koil Junction ",MADURAI,Private,Multi,PVT HOSPITAL,Pvt,73,07-02-2024,2024,A4,False,True,True,False,False,False,False,False,False,False,False,False,False,False,False,True,False,False,False,False,False,False,False,False,False,False,False,False,False,False,False,False,False,False,False,False,False,False,True,False,9.9261153,78.1140983,District Center
912,Vidal,H_26282,"DR SVR Specialty Hospitals, Madurai, TN.",348 350 TNHB VILLAPURAM PUDUNAGAR VILLAPURAM MADURAI ,MADURAI,Private,Multi,PVT HOSPITAL,Pvt,89,30-07-2025,2025,A5,False,False,False,False,False,False,False,False,True,True,False,True,False,False,False,False,False,False,False,False,False,False,False,False,True,False,False,False,False,False,False,False,False,False,False,False,True,False,False,False,9.9261153,78.1140983,District Center
913,Vidal,H_23262,"DR.Raos service Hospital,Madurai TN","NO-59, CHANNEL ROAD, MELUR",Madurai,Private,Single,PVT HOSPITAL,Pvt,37,22-07-2020,2020,A3,False,False,False,False,False,False,False,False,True,True,True,True,False,False,False,False,False,False,False,True,False,False,False,False,True,False,False,False,False,False,False,False,False,False,False,False,False,False,False,True,9.9261153,78.1140983,District Center
914,Vidal,H_22023,"Easvara Hospital,Madurai,TN.","1-B Old Post Office Road,Tallakulam,Madurai",Madurai,Private,Multi,PVT HOSPITAL,Pvt,1,20-03-2017,2017,A2,False,False,False,False,False,False,True,False,True,True,False,True,False,False,False,False,False,False,False,True,False,False,False,False,True,False,False,False,True,False,False,True,False,False,False,False,False,False,False,True,9.9334997,78.1388998,Village/Town Center
1956,Vidal,H_23243,"Endocare Diagnostic Center, Madurai,DC.",,Madurai,Private,PVT-STANDALONE,DC PVT-STANDALONE,Pvt,37,22-07-2020,2020,,False,False,False,False,False,False,False,False,False,False,False,False,False,False,False,False,False,False,False,False,False,False,False,False,False,False,False,False,False,False,False,False,False,False,False,False,False,False,False,False,9.9261153,78.1140983,District Center
1072,Vidal,H_26400,"Eye Foundation Ltd, Madurai, TN.","MIG: 342 80 FEET ROAD, ANNANAGAR, MADURAI",Madurai,Private,Single,PVT HOSPITAL,Pvt,95,06-03-2026,2026,S2,False,False,False,False,False,False,False,False,False,False,False,False,False,False,False,False,False,False,False,False,False,False,False,True,False,False,False,False,False,False,False,False,False,False,False,False,False,False,False,False,9.9261153,78.1140983,District Center
915,Vidal,H_23727,"Genezen Indus Hospital, Madurai TN.","33, P & T Nagar Main Rd, Valluvar Colony, Cs Nagar",Madurai,Private,Multi,PVT HOSPITAL,Pvt,58,28-04-2022,2020,A3,False,False,False,False,False,False,False,False,False,False,False,False,False,False,False,False,True,False,True,False,False,False,False,False,True,True,True,True,False,False,False,False,False,False,False,True,False,False,False,False,9.9233387,78.096934,Village/Town Center
1843,Vidal,H_26309,"Govt Ansari Nagar, UPHC, Madurai TN."," Mahaboopalayam, Madurai, Tamil Nadu 625016",Madurai,UPHC,Multi,Govt-MTM,Govt,90,24-09-2025,2025,A1,False,False,False,False,False,False,False,False,False,False,False,False,False,False,False,False,False,False,False,False,False,True,False,False,False,False,False,False,False,False,False,False,False,False,True,False,False,False,False,False,9.9199411,78.1162529,Village/Town Center
614,Vidal,H_21385,"GOVT HOSPITAL PERAIYUR, Madurai TN.","Perumal Kovil Street,Melapatti Road,Peraiyur",Madurai,Sub-district Hospital,Multi,Govt-DMS,Govt,1,20-03-2017,2017,A1,False,True,True,True,True,True,True,True,True,True,True,True,True,True,True,True,True,True,True,True,True,True,True,True,True,True,True,True,True,False,True,True,True,False,True,True,True,True,True,True,9.7356123,77.7874801,Exact Hospital
615,Vidal,H_19474,"Govt Hospital Thirumangalam, Madurai TN.","Munscief Court Road,Thirumangalam
Near Municipal Office,",Madurai,Sub-district Hospital,Multi,Govt-DMS,Govt,1,20-03-2017,2017,A1,False,True,True,True,True,True,True,True,True,True,True,True,True,True,True,True,True,True,True,True,True,True,True,True,True,True,True,True,True,False,True,True,True,False,True,True,True,True,True,True,9.941032,77.969804,Exact Hospital
619,Vidal,H_22298,"Govt Hospital Tiruparankundram,Madurai TN.","Periya Ratha Veethi, Market Road, Thirupparankundram ",Madurai,Sub-district Hospital,Multi,Govt-DMS,Govt,8,24-06-2017,2017,A1,False,True,True,True,True,True,True,True,True,True,True,True,True,True,True,True,True,True,True,True,True,True,True,True,True,True,True,True,True,False,True,True,True,False,True,True,True,True,True,True,9.720727,77.8520796,Village/Town Center
618,Vidal,H_22147,"Govt Hospital Vadipatti,Madurai TN.","Near Bus Stand,Vadipatti",Madurai,Sub-district Hospital,Multi,Govt-DMS,Govt,6,15-05-2017,2017,A1,False,True,True,True,True,True,True,True,True,True,True,True,True,True,True,True,True,True,True,True,True,True,True,True,True,True,True,True,True,False,True,True,True,False,True,True,True,True,True,True,10.08188,77.965622,Exact Hospital
616,Vidal,H_19086,"Govt hospital,Melur,Madurai,TN","Alagar Kovil Road,Melur",Madurai,Sub-district Hospital,Multi,Govt-DMS,Govt,1,20-03-2017,2017,A1,False,True,True,True,True,True,True,True,True,True,True,True,True,True,True,True,True,True,True,True,True,True,True,True,True,True,True,True,True,False,True,True,True,False,True,True,True,True,True,True,10.0339165,78.3355924,Exact Hospital
687,Vidal,H_24942,"Govt Hospital,Shozhavandan,Madurai TN.","SHOLAVANDAN (SUB OFFICE), VADIPATTI,MADURAI, TAMIL NADU,625214",Madurai,Sub-district Hospital,Multi,Govt-DMS,Govt,55,12-11-2021,2021,A1,False,True,True,True,True,True,True,True,True,True,True,True,True,True,True,True,True,True,True,True,True,True,True,True,True,True,True,True,True,False,True,True,True,False,True,True,True,True,True,True,10.0211699,77.9629328,Village/Town Center
613,Vidal,H_18714,"Govt. Rajaji Hospital,Madurai TN.","Panagal Road,Goripalayam,Madurai",Madurai,Medical College Hospital ,Multi,Govt-DME,Govt,1,20-03-2017,2017,A1,False,True,True,True,True,True,True,True,True,True,True,True,True,True,True,True,True,True,True,True,True,True,True,True,True,True,True,True,True,True,True,True,True,True,True,True,True,True,True,True,9.9280377,78.1300381,Exact Hospital
1933,Vidal,H_22486,"Govt. Rajaji Hospital. DEIC, Madurai TN.",,MADURAI,DEIC,DEIC,DEIC,Govt,0,14-02-2018,2018,,False,False,False,False,False,False,False,False,False,False,False,False,False,False,False,False,False,False,False,False,False,False,False,False,False,False,False,False,False,False,False,False,False,False,False,False,False,False,False,False,9.9261153,78.1140983,District Center
1934,Vidal,H_22527,"Govt.DDWO,Madurai TN.",,Madurai,DDWO,DDWO,DDWO,Govt,0,22-02-2018,2018,,False,False,False,False,False,False,False,False,False,False,False,False,False,False,False,False,False,False,False,False,False,False,False,False,False,False,False,False,False,False,False,False,False,False,False,False,False,False,False,False,9.9261153,78.1140983,District Center
617,Vidal,H_18484,"Govt.HQ Hospital,Usilampatti,Madurai TN.","Peraiyur Road,Usilampatti",Madurai,District Hospital,Multi,Govt-DMS,Govt,1,20-03-2017,2017,A1,False,True,True,True,True,True,True,True,True,True,True,True,True,True,True,True,True,True,True,True,True,True,True,True,True,True,True,True,True,False,True,True,True,False,True,True,True,True,True,True,10.0150694,77.7920974,Village/Town Center
916,Vidal,H_22025,"Gowsri Kidney Centre,Madurai,TN.","69B,TPK Main Road,Palaganatham,Madurai",Madurai,Private,Single,PVT HOSPITAL,Pvt,1,20-03-2017,2017,S2,False,False,False,False,False,False,False,False,False,False,False,False,False,False,False,False,False,False,False,True,False,False,False,False,False,False,False,False,False,False,False,False,False,False,False,False,False,False,False,False,9.9261153,78.1140983,District Center
1734,Vidal,H_24726,"GUPHC, Thiruparankundram, Madurai TN.","Thiruparankundram, Madurai ",Madurai ,CHC,Multi,Govt-MTM,Govt,52,06-09-2021,2021,A1,False,False,False,False,False,False,False,False,False,False,False,False,False,False,False,False,False,False,False,False,False,True,False,False,False,False,False,False,False,False,False,False,False,False,True,False,False,False,False,False,9.8763294,78.071195,Village/Town Center
1724,Vidal,H_24610,"GUPHC,Alanganallur,Madurai TN.","Alanganallur,Vadipatti,Madurai.",Madurai ,CHC,Multi,Govt-MTM,Govt,51,19-08-2021,2021,A1,False,False,False,False,False,False,False,False,False,False,False,False,False,False,False,False,False,False,False,False,False,True,False,False,False,False,False,False,False,False,False,False,False,False,True,False,False,False,False,False,10.0790057,78.0360014,Village/Town Center
1738,Vidal,H_24949,"GUPHC,Anuppanadi,Zone 3,Madurai TN.","Anupanadi,Madurai.",Madurai ,UPHC,Multi,Govt-MTM,Govt,55,12-11-2021,2021,A1,False,False,False,False,False,False,False,False,False,False,False,False,False,False,False,False,False,False,False,False,False,True,False,False,False,False,False,False,False,False,False,False,False,False,True,False,False,False,False,False,9.908813,78.1464324,Village/Town Center
1725,Vidal,H_24612,"GUPHC,Chellampatti,Madurai TN.","Chellampatti,Madurai",Madurai ,CHC,Multi,Govt-MTM,Govt,51,19-08-2021,2021,A1,False,False,False,False,False,False,False,False,False,False,False,False,False,False,False,False,False,False,False,False,False,True,False,False,False,False,False,False,False,False,False,False,False,False,True,False,False,False,False,False,9.8683545,77.9410738,Village/Town Center
1727,Vidal,H_24616,"GUPHC,Kallandiri,East,Madurai TN.","Kallandiri,Madurai",Madurai ,CHC,Multi,Govt-MTM,Govt,51,19-08-2021,2021,A1,False,False,False,False,False,False,False,False,False,False,False,False,False,False,False,False,False,False,False,False,False,True,False,False,False,False,False,False,False,False,False,False,False,False,True,False,False,False,False,False,10.0278641,78.2242285,Village/Town Center
1726,Vidal,H_24615,"GUPHC,Kallikudi,Madurai TN.","Kallikudi,Madurai",Madurai ,CHC,Multi,Govt-MTM,Govt,51,19-08-2021,2021,A1,False,False,False,False,False,False,False,False,False,False,False,False,False,False,False,False,False,False,False,False,False,True,False,False,False,False,False,False,False,False,False,False,False,False,True,False,False,False,False,False,9.6993115,77.969972,Village/Town Center
1723,Vidal,H_24981,"GUPHC,Kottampatti,Karungalakadi,Madurai,TN.","Karunkalagudi.melur,madurai.",Madurai,CHC/ UGPHC/ Main PHC,Multi,Govt-MTM,Govt,55,12-11-2021,2021,A1,False,False,False,False,False,False,False,False,False,False,False,False,False,False,False,False,False,False,False,False,False,True,False,False,False,False,False,False,False,False,False,False,False,False,True,False,False,False,False,False,9.9261153,78.1140983,District Center
1728,Vidal,H_24631,"GUPHC,Melur,Vellalore,Madurai TN.","Vellalur,melur,Madurai",Madurai ,CHC,Multi,Govt-MTM,Govt,51,19-08-2021,2021,A1,False,False,False,False,False,False,False,False,False,False,False,False,False,False,False,False,False,False,False,False,False,True,False,False,False,False,False,False,False,False,False,False,False,False,True,False,False,False,False,False,10.0858443,78.3560235,Village/Town Center
1735,Vidal,H_24925,"GUPHC,Samayanallur,Madurai west,Madurai,TN. ","Samayanallur,Madurai",Madurai ,UPHC,Multi,Govt-MTM,Govt,54,22-10-2021,2021,A1,False,False,False,False,False,False,False,False,False,False,False,False,False,False,False,False,False,False,False,False,False,True,False,False,False,False,False,False,False,False,False,False,False,False,True,False,False,False,False,False,9.9820699,78.0336061,Village/Town Center
1729,Vidal,H_24634,"GUPHC,Sedapatti,Elumalai,Madurai TN.","Elumalai,sedapatti,periyur,Madurai.",Madurai ,CHC,Multi,Govt-MTM,Govt,51,19-08-2021,2021,A1,False,False,False,False,False,False,False,False,False,False,False,False,False,False,False,False,False,False,False,False,False,True,False,False,False,False,False,False,False,False,False,False,False,False,True,False,False,False,False,False,9.9261153,78.1140983,District Center
1739,Vidal,H_24950,"GUPHC,Solaialagupuram,Zone 4,Madurai TN.","Solaialagupuram,Madurai.",Madurai ,UPHC,Multi,Govt-MTM,Govt,55,12-11-2021,2021,A1,False,False,False,False,False,False,False,False,False,False,False,False,False,False,False,False,False,False,False,False,False,True,False,False,False,False,False,False,False,False,False,False,False,False,True,False,False,False,False,False,9.9261153,78.1140983,District Center
1730,Vidal,H_24638,"GUPHC,T.Kallupatti,Madurai TN.","T.kallupatti,Madurai",Madurai ,CHC,Multi,Govt-MTM,Govt,51,19-08-2021,2021,A1,False,False,False,False,False,False,False,False,False,False,False,False,False,False,False,False,False,False,False,False,False,True,False,False,False,False,False,False,False,False,False,False,False,False,True,False,False,False,False,False,9.7205512,77.8517326,Village/Town Center
1731,Vidal,H_24639,"GUPHC,T.Vadipatti,Katchakatti,Madurai TN.","Katchakatti,vadipatti,Madurai.",Madurai ,CHC,Multi,Govt-MTM,Govt,51,19-08-2021,2021,A1,False,False,False,False,False,False,False,False,False,False,False,False,False,False,False,False,False,False,False,False,False,True,False,False,False,False,False,False,False,False,False,False,False,False,True,False,False,False,False,False,10.0790057,78.0360014,Village/Town Center
1732,Vidal,H_24641,"GUPHC,Thirumangalam,Checkanurani,Madurai TN.","Chekkanoorani,Thirumangalam,Madurai.",Madurai ,CHC,Multi,Govt-MTM,Govt,51,19-08-2021,2021,A1,False,False,False,False,False,False,False,False,False,False,False,False,False,False,False,False,False,False,False,False,False,True,False,False,False,False,False,False,False,False,False,False,False,False,True,False,False,False,False,False,9.7980095,77.9298426,Village/Town Center
1736,Vidal,H_24947,"GUPHC,Tirupuli,Zone2,Madurai,TN.","Thiruppalai, Madurai,",Madurai ,UPHC,Multi,Govt-MTM,Govt,55,12-11-2021,2021,A1,False,False,False,False,False,False,False,False,False,False,False,False,False,False,False,False,False,False,False,False,False,True,False,False,False,False,False,False,False,False,False,False,False,False,True,False,False,False,False,False,9.9261153,78.1140983,Village/Town Center
1733,Vidal,H_24644,"GUPHC,Usilampatti,Doddappanaikanur,Madurai TN.","Doddappanaikanur,Usilampatti,Madurai",Madurai ,CHC,Multi,Govt-MTM,Govt,51,19-08-2021,2021,A1,False,False,False,False,False,False,False,False,False,False,False,False,False,False,False,False,False,False,False,False,False,True,False,False,False,False,False,False,False,False,False,False,False,False,True,False,False,False,False,False,9.9706372,77.7939864,Village/Town Center
1737,Vidal,H_24948,"GUPHC,Virattipathu,Zone 1,Madurai,TN.","Virattipathu,Madurai",Madurai ,UPHC,Multi,Govt-MTM,Govt,55,12-11-2021,2021,A1,False,False,False,False,False,False,False,False,False,False,False,False,False,False,False,False,False,False,False,False,False,True,False,False,False,False,False,False,False,False,False,False,False,False,True,False,False,False,False,False,9.9355033,78.0773554,Village/Town Center
972,Vidal,H_26143,"Guru Hospital, Usilampatti, Madurai, TN.",197 OPPOSITE TO KANNAN THEATRE MADURAI ROAD,MADURAI,Private,Multi,PVT HOSPITAL,Pvt,84,26-02-2025,2025,A6,False,False,False,False,False,False,False,False,True,False,False,False,False,False,False,False,False,False,False,False,False,False,False,False,False,False,False,False,False,False,False,False,False,False,False,False,False,False,False,False,9.9261153,78.1140983,District Center
917,Vidal,H_18452,"Guru Multispeciality Hospital,Madurai TN.","4/120 F, Pandi Kovil Ring Road,Mattuthavani,Madurai - 107.",Madurai,Private,Multi,PVT HOSPITAL,Pvt,4,12-04-2017,2017,A1,False,True,True,True,False,False,True,False,True,True,True,True,False,False,True,True,False,True,False,True,True,True,False,False,True,False,False,False,True,False,False,True,True,False,False,True,True,True,True,True,9.9477206,78.1568941,Village/Town Center
918,Vidal,H_25746,"GV Hospitals, Madurai TN.",NO1 SURESH STREET NATARAJ NAGAR MADURAI,Madurai,Private,Multi,PVT HOSPITAL,PVT,63,30-09-2022,2024,A2,False,False,False,False,False,False,False,False,False,True,False,True,False,False,False,False,False,False,False,False,False,False,False,False,True,False,False,False,False,False,False,False,False,False,False,False,False,False,False,False,9.9004396,78.1012896,Exact Hospital
919,Vidal,H_23720,"Hannah Joseph Hospital Pvt Ltd, Madurai TN.","Hannah Joseph Hospital Pvt. Ltd., R.S.No. 115/3B2&116/1A2, Madurai - Tuticorin Ring Road (NH-7) M",Madurai,Private,Multi,PVT HOSPITAL,PVT,63,30-09-2022,2020,A3,False,True,True,False,False,False,False,False,False,False,False,False,False,False,False,True,False,False,False,False,True,True,False,False,True,False,False,False,False,False,False,False,False,False,False,False,False,False,False,False,9.93029,78.1485503,Exact Hospital
920,Vidal,H_18200,"Harley RRam Nursing Home,Madurai TN.","43A,Krishna Rao Tank Street,Madurai-1.",Madurai,Private,Multi,PVT HOSPITAL,Pvt,5,19-04-2017,2017,A3,False,False,False,False,False,False,True,False,True,True,True,True,False,False,True,False,False,False,False,True,False,False,False,False,True,False,False,False,False,False,False,False,False,False,False,False,False,False,False,False,9.9255474,78.1147201,Exact Hospital
921,Vidal,H_23453,"Harshini Hospital Sathamangalam, Madurai TN.","10,sivagangai main road ,sathamanagalam,near Anna bus stand ,Madurai-20",MADURAI,Private,Multi,PVT HOSPITAL,Pvt,73,07-02-2024,2020,A4,False,False,False,False,True,False,False,False,True,False,False,False,False,False,False,False,False,False,False,False,False,False,False,False,False,False,False,False,False,False,False,False,False,False,False,False,False,False,False,False,9.9261153,78.1140983,District Center
922,Vidal,H_22335,"Harshitha Hospitals PVT LTD, Madurai TN.","129/3B Arupukottai Main Road,Avaniyaouram,Madurai",Madurai,Private,Multi,PVT HOSPITAL,Pvt,9,18-07-2017,2018,A2,False,True,True,False,True,False,True,False,True,True,True,True,False,False,True,True,False,True,False,True,True,True,False,False,True,False,False,False,False,False,False,True,True,False,False,True,True,False,True,False,9.8724258,78.1086101,Exact Hospital
1903,Vidal,H_22048,"Indian MRI Diagnostic,Madurai DC.",,Madurai,Private,PVT-STANDALONE,DC PVT-STANDALONE,Pvt,2,27-03-2017,2017,,False,False,False,False,False,False,False,False,False,False,False,False,False,False,False,False,False,False,False,False,False,False,False,False,False,False,False,False,False,False,False,False,False,False,False,False,False,False,False,False,9.9261153,78.1140983,District Center
923,Vidal,H_26186,"Iniya Hospital, Madurai TN.",INIYA HOSPITAL Vandiyur Main Rd Vaigai Colony Sathamangalam Madurai ,Madurai,Private,Multi,PVT HOSPITAL,Pvt,87,28-05-2025,2025,A5,False,False,False,False,False,False,False,False,True,True,True,True,False,False,False,False,False,False,False,False,False,False,False,False,True,False,False,False,False,False,False,False,False,False,False,False,False,True,False,False,9.9261153,78.1140983,District Center
924,Vidal,H_22022,"Jayam Hospital,Madurai,TN.","3,Abdul Kafferkhan Street,Chinnachokkikulam,Madurai",Madurai,Private,Multi,PVT HOSPITAL,Pvt,1,20-03-2017,2017,A5,False,False,False,False,False,False,True,False,False,False,False,False,False,False,False,False,False,False,False,False,False,False,False,False,True,False,False,False,False,False,False,False,False,False,False,False,False,False,False,True,9.9261153,78.1140983,District Center
925,Vidal,H_22012,"JC Ganesan Hospital,Madurai,TN.","Alagar Koil Road, Surveyor Colony ,  Madurai,  625007",Madurai,Private,Single,PVT HOSPITAL,Pvt,24,08-10-2018,2017,S2,False,False,False,False,False,False,True,False,False,False,False,False,False,False,False,False,False,False,False,False,False,False,False,False,True,False,False,False,False,False,False,False,False,False,False,True,False,False,False,False,9.9488345,78.1484313,Village/Town Center
973,Vidal,H_26132,"JK Hospital, Madurai, TN.","190, ALAGAR NAGAR 4TH ST, K. PUDUR, MADURAI",MADURAI,Private,Multi,PVT HOSPITAL,Pvt,83,30-01-2025,2025,A6,False,False,False,False,False,False,False,False,True,False,False,False,False,False,False,False,False,False,False,False,False,False,False,False,False,False,False,False,False,False,False,False,False,False,False,False,False,False,False,False,9.9361397,78.0965492,Exact Hospital
926,Vidal,H_26150,"JK Institute of Neurology, Madurai, TN.", 1 VAITHYANATHA IYYER STREET SHENOY NAGAR MADURAI,Madurai,Private,Multi,PVT HOSPITAL,Pvt,85,26-03-2025,2025,A5,False,False,False,False,False,False,False,False,False,False,True,False,False,False,False,False,False,False,False,False,True,False,False,False,False,False,False,False,False,False,False,False,False,False,False,False,False,False,False,False,9.9261153,78.1140983,District Center
927,Vidal,H_19037,"Karunai Multispeciality Hospital, Madurai TN.","202, Nethaji Main Road, B.B. Kulam, Madurai - 2",Madurai,Private,Multi,PVT HOSPITAL,Pvt,5,19-04-2017,2017,A5,False,False,False,False,False,False,True,False,True,True,False,True,False,False,False,False,False,True,False,True,True,False,False,False,True,False,False,False,False,False,False,True,False,False,False,True,True,True,False,False,9.941899,78.1210364,Village/Town Center
1904,Vidal,H_22156,"KGS Advanced MR AND CT Scan,Madurai DC.",,Madurai,Private,PVT-STANDALONE,DC PVT-STANDALONE,Pvt,6,15-05-2017,2017,,False,False,False,False,False,False,False,False,False,False,False,False,False,False,False,False,False,False,False,False,False,False,False,False,False,False,False,False,False,False,False,False,False,False,False,False,False,False,False,False,9.9261153,78.1140983,District Center
1957,Vidal,H_23258,"Lab services,Apollo speciality hospital,Madurai DC",,Madurai,Private,PVT-STANDALONE,DC PVT-STANDALONE,Pvt,37,22-07-2020,2020,,False,False,False,False,False,False,False,False,False,False,False,False,False,False,False,False,False,False,False,False,False,False,False,False,False,False,False,False,False,False,False,False,False,False,False,False,False,False,False,False,9.9261153,78.1140983,District Center
928,Vidal,H_22099,"Lakshmana Multispeciality Hospital,Madurai,TN.","23 T.P.K Road,Pykara,Madurai",Madurai,Private,Multi,PVT HOSPITAL,Pvt,5,19-04-2017,2017,A1,False,False,False,False,False,False,True,True,True,True,True,True,False,False,False,False,False,True,False,True,False,True,False,True,True,False,False,False,False,False,False,True,False,False,False,False,True,True,False,True,9.8979481,78.0895466,Village/Town Center
929,Vidal,H_19034,"Lee Kidney Care, Madurai TN.","5,Vanamamalai Nagar, By Pass Road,Madurai - 16",Madurai,Private,Multi,PVT HOSPITAL,Pvt,4,12-04-2017,2017,A6,False,False,False,False,False,False,False,False,False,False,False,False,False,False,False,False,False,False,False,True,False,False,False,False,False,False,False,False,False,False,False,False,False,False,False,False,False,False,False,False,9.916672,78.0936579,Exact Hospital
1959,Vidal,H_23414,"Life Care diagnostics,Madurai DC.",,Madurai,Private,PVT-STANDALONE,DC PVT-STANDALONE,Pvt,39,17-09-2020,2020,,False,False,False,False,False,False,False,False,False,False,False,False,False,False,False,False,False,False,False,False,False,False,False,False,False,False,False,False,False,False,False,False,False,False,False,False,False,False,False,False,9.9261153,78.1140983,District Center
930,Vidal,H_23892,"Lifecare Hospital,Madurai TN.","70 Feet Road,New Ellis Nagar,Madurai ",Madurai,Private,Multi,PVT HOSPITAL,Pvt,58,28-04-2022,2020,A5,False,False,False,False,False,False,False,False,True,True,False,False,False,False,False,False,False,False,False,False,False,False,False,False,False,False,False,False,False,False,False,False,False,False,False,False,False,False,False,False,9.9243632,78.1208254,Village/Town Center
931,Vidal,H_22021,"Madurai Kidney and Transplant Res Inst,Madurai,TN.","6/6 B2,Sivagangai Road,Madurai",Madurai,Private,Single,PVT HOSPITAL,Pvt,1,20-03-2017,2017,S1,False,False,False,False,False,False,True,False,False,False,True,False,False,False,False,False,False,False,False,True,False,False,False,False,False,False,False,False,False,False,False,False,False,False,False,False,False,False,True,False,9.9269017,78.1486754,Village/Town Center
932,Vidal,H_26102,"Maxivision Eye Hospitals Pvt.Ltd, Madurai TN.","NO: 10, OPPOSITE TO SUNDARAM PARK, DEPUTY COLLECTOER COLONY, KK NAGAR, MADURAI",MADURAI,Private,Single,PVT HOSPITAL,Pvt,81,04-12-2024,2024,S2,False,False,False,False,False,False,False,False,False,False,False,False,False,False,False,False,False,False,False,False,False,False,False,True,False,False,False,False,False,False,False,False,False,False,False,False,False,False,False,False,9.934513,78.1469303,Village/Town Center
933,Vidal,H_18431,"Meenakshi Mission Hosp and Rsrch Centr,Madurai TN.","Lake Area,Melur Road,Madurai -107",Madurai,Private,Multi,PVT HOSPITAL,Pvt,4,12-04-2017,2017,A1,False,True,True,True,True,True,True,True,True,True,True,True,True,True,True,True,True,True,True,True,True,True,False,True,True,True,True,True,True,True,False,True,True,False,True,True,True,True,True,True,9.9486534,78.1623559,Village/Town Center
934,Vidal,H_26122,"Meenakshi Super Speciality Hospital, Madurai, TN.","171 / Lake Area, Uthangudi, Madurai - 625 107",MADURAI,Private,Multi,PVT HOSPITAL,Pvt,82,06-01-2025,2025,A2,False,True,True,False,False,False,False,True,True,True,False,False,True,False,False,True,False,True,False,False,True,True,False,False,True,False,False,True,True,False,False,False,False,False,False,True,True,True,True,False,9.9261153,78.1140983,District Center
935,Vidal,H_18413,"Mohans Medicity Hospital,Madurai TN.","11-A, Vinayaga Nagar, K.K.Nagar, Madurai-20",Madurai,Private,Multi,PVT HOSPITAL,Pvt,7,23-05-2017,2017,A4,False,False,False,False,False,False,True,False,False,False,False,True,False,False,False,False,False,True,False,False,False,False,False,False,True,False,False,False,False,False,False,False,True,False,False,True,False,True,False,False,9.9362053,78.1314755,Village/Town Center
1960,Vidal,H_23413,"Molecular diagnosis,Madurai DC.",,Madurai,Private,PVT-STANDALONE,DC PVT-STANDALONE,Pvt,39,17-09-2020,2020,,False,False,False,False,False,False,False,False,False,False,False,False,False,False,False,False,False,False,False,False,False,False,False,False,False,False,False,False,False,False,False,False,False,False,False,False,False,False,False,False,9.9261153,78.1140983,District Center
936,Vidal,H_22024,"NTC Hospitals and Inst of Medi Science,Madurai,TN.","187, Thatheneri Main Road,Vaithinathapuram,Madurai",Madurai,Private,Multi,PVT HOSPITAL,Pvt,1,20-03-2017,2017,A3,False,False,True,False,False,False,True,False,False,True,True,True,False,False,False,True,False,False,False,True,False,False,False,False,True,False,False,False,False,False,False,True,False,False,False,True,True,False,False,True,9.9261153,78.1140983,District Center
937,Vidal,H_20709,"Pandian Heart Institute,Madurai TN.","43,Shanmugam Pillai 2Nd St,Alagardi,Madurai-16",Madurai,Private,Multi,PVT HOSPITAL,Pvt,5,19-04-2017,2017,A2,False,True,True,False,False,False,True,False,True,True,False,False,False,False,True,True,False,True,False,True,False,False,False,False,False,False,False,False,False,False,False,False,False,False,False,False,False,False,False,False,9.9290073,78.1096085,Exact Hospital
938,Vidal,H_25720,"Pandian multi speciality hospital, Madurai TN.","EAST VELI STREET, NEW RAJ MAHAL SILK SAREES, MADURAI",Madurai,Private,Multi,PVT HOSPITAL,PVT,62,30-08-2022,2024,A3,False,True,False,False,False,False,False,False,False,True,True,False,False,False,False,False,False,False,False,False,False,True,False,False,True,False,False,False,False,False,False,False,False,False,False,False,False,False,True,False,9.9261153,78.1140983,District Center
939,Vidal,H_22853,"Ponni Hospital, Madurai,TN.","2/408, Pillayar koil street, Indian Bank colony Narayana puram, Madurai",Madurai,Private,Multi,PVT HOSPITAL,Pvt,31,13-05-2019,2019,A6,False,False,False,False,False,False,False,False,False,False,False,True,False,False,False,False,False,False,False,False,False,False,False,False,False,False,False,False,False,False,False,False,False,False,False,False,False,False,False,False,9.9600054,78.1333676,Exact Hospital
940,Vidal,H_18589,"Poobathiammal Hospital,Madurai TN.","Opp: T.E.L.C Hsc. School, Periyur Road, Usilampatti, Madurai",Madurai,Private,Multi,PVT HOSPITAL,Pvt,7,23-05-2017,2017,A4,False,True,True,True,False,False,True,False,False,True,True,True,False,False,False,True,False,True,False,False,True,False,False,False,True,False,False,False,True,False,False,True,False,False,False,False,False,True,False,False,9.9706372,77.7939864,Village/Town Center
941,Vidal,H_22759,"Preethi Hospital PVT Ltd, Madurai TN.","50, MELUR MAIN ROAD UTHANGUDI MADURAI - 625107",Madurai,Private,Multi,PVT HOSPITAL,Pvt,27,18-12-2018,2018,A2,False,True,True,True,True,False,True,True,True,True,True,True,False,False,True,True,False,False,True,True,False,True,False,False,True,False,True,False,False,False,False,True,False,False,True,True,True,True,False,False,9.947238,78.157954,Exact Hospital
942,Vidal, H_25941,"Punitham Hospital, Madurai TN.",,Madurai,Private,Single,PVT HOSPITAL,Pvt,72,17-11-2023,2023,S1,False,False,False,False,False,False,False,False,False,False,True,False,False,False,False,False,False,False,False,False,False,False,False,False,False,False,False,False,False,False,False,False,False,False,False,False,False,False,False,False,9.9261153,78.1140983,District Center
943,Vidal,H_18289,"R R Hospital,Madurai TN.","Plot No 385,Mgi 80 Feet Road, Anna Nagar,Madurai - 20",Madurai,Private,Multi,PVT HOSPITAL,Pvt,1,20-03-2017,2017,A6,False,False,False,False,True,False,True,False,True,False,False,True,False,False,True,False,False,True,False,True,True,False,False,False,True,False,False,False,False,False,False,True,False,False,False,False,False,False,False,True,9.9211001,78.1492368,Exact Hospital
944,Vidal,H_18312,"Rahavendhar Hospital,Madurai TN.","No.36-E, Kuruvikkaran Salai,Madurai - 9",Madurai,Private,Multi,PVT HOSPITAL,Pvt,4,12-04-2017,2017,A2,False,True,True,False,False,False,True,False,False,True,True,False,False,False,False,True,False,False,False,True,True,False,False,True,True,False,False,False,False,False,False,True,False,False,False,True,False,True,False,True,9.9151894,78.1403333,Village/Town Center
1961,Vidal,H_23419,"Railway Hospital,Madurai TN.",,Madurai,GOI,GOI,GOI,Govt,39,17-09-2020,2020,,False,False,False,False,False,False,False,False,False,False,False,False,False,False,False,False,False,False,False,False,False,False,False,False,False,False,False,False,False,False,False,False,False,False,False,False,False,False,False,False,9.9261153,78.1140983,District Center
945,Vidal,H_22422,"Raks Hospital Pvt Ltd,Madurai TN.","12/59 1st Cross Street,Anna nagar, Madurai",Madurai,Private,Multi,PVT HOSPITAL,Pvt,13,07-11-2017,2018,A3,False,True,False,False,True,False,True,True,True,True,True,True,False,False,True,False,False,False,False,False,False,False,False,False,True,False,False,False,False,False,False,True,False,False,False,False,True,True,True,False,9.9216749,78.1481372,Village/Town Center
946,Vidal,H_25753,"Sahaya Annai Hospital, Madurai TN.","1, ALANGANALLUR MAIN ROAD, KOODAL NAGAR, ",Madurai,Private,Multi,PVT HOSPITAL,Pvt,64,06-12-2022,2024,A4,False,False,False,False,False,False,False,False,True,True,True,True,False,False,False,False,False,False,False,True,False,False,False,False,True,False,False,False,False,False,False,False,False,False,False,False,False,False,False,False,9.967663,78.096438,Village/Town Center
947,Vidal,H_19043,"Santhya Hospital, Madurai TN.","No:146,Arappalayam Main Road, Madurai - 16",Madurai,Private,Multi,PVT HOSPITAL,Pvt,1,20-03-2017,2017,A4,False,False,False,False,True,False,False,False,False,True,True,False,False,False,False,False,False,False,False,False,True,False,False,True,True,False,False,False,True,False,False,True,False,False,False,False,False,True,False,False,9.9325924,78.1095073,Exact Hospital
948,Vidal,H_18414,"Saravana Hospital,Madurai TN.","7A Maruthupandiar Nagar,Narimedu,Madurai-2",Madurai,Private,Multi,PVT HOSPITAL,Pvt,4,12-04-2017,2017,A2,False,False,False,True,False,False,True,True,True,True,True,True,False,False,True,False,True,True,False,True,True,True,False,True,True,False,True,True,True,False,False,True,True,False,True,True,True,True,True,True,9.941448,78.125155,Exact Hospital
949,Vidal,H_25794,"SCP Medical Foundation Glanis Hospital,Madurai TN.","SCP Medical Foundation ,Glanis Square, Madurai - Rajapalayam Main Road (NH 744), A. Thottiapatti, T. ",Madurai,Private,Multi,PVT HOSPITAL,Pvt,66,24-02-2023,2024,A4,False,False,False,False,False,False,False,False,True,True,False,False,False,False,False,False,False,False,False,True,False,False,False,False,True,False,False,False,False,False,False,False,False,False,False,False,False,False,False,False,9.9261153,78.1140983,District Center
950,Vidal,H_24264,"Shameem hospital, Madurai TN.","5/39 INDIRA STREET, YANAIKULA NEAR BPM SCHOOL ANNAN",Madurai,Private,Multi,PVT HOSPITAL,Pvt,60,28-06-2022,2020,A6,False,False,False,False,False,False,False,False,True,True,False,False,False,False,False,False,False,False,False,False,False,False,False,False,False,False,False,False,False,False,False,False,False,False,False,False,False,False,False,False,9.9261153,78.1140983,District Center
951,Vidal,H_20931,"Shastha Kidney and Multispeciality Hosp,Madurai TN","22,23,Telecom Nagar 4Way & Valarnagar Junction Madurai 107",Madurai,Private,Multi,PVT HOSPITAL,Pvt,4,12-04-2017,2017,A6,False,False,False,False,False,False,True,False,True,True,True,True,False,False,True,False,False,False,False,True,False,True,False,False,True,False,False,False,False,False,False,True,False,False,False,True,False,True,True,False,9.939848,78.175138,Exact Hospital
952,Vidal,H_18594,"Shenbagam Hospitals Pvt Ltd,Madurai TN.","15,16 North Cross 3Rd Street,Anna Nagar Madurai - 20",Madurai,Private,Multi,PVT HOSPITAL,Pvt,7,23-05-2017,2017,A6,False,False,False,False,False,False,True,False,False,False,False,False,False,False,False,False,False,True,False,True,True,False,False,False,False,False,False,False,False,False,False,True,False,False,False,False,False,False,False,False,9.9647031,78.157669,Exact Hospital
1936,Vidal,H_22607,"Shine Educational Trust,Autism,Madurai TN.",,Madurai,Private,Autism ,PVT AUTISM,Pvt,16,14-03-2018,2018,,False,False,False,False,False,False,False,False,False,False,False,False,False,False,False,False,False,False,False,False,False,False,False,False,False,False,False,False,False,False,False,False,False,False,False,False,False,False,False,False,9.9261153,78.1140983,District Center
953,Vidal,H_26308,"Shrisai Hospital, Madurai, TN.",PLOT:2 SBI COLONY PONMENI BYPASS ROAD MADURAI PINCODE 625010 ,Madurai,Private,Single,PVT HOSPITAL,Pvt,90,24-09-2025,2025,S2,False,False,False,False,False,False,False,False,False,False,False,False,False,False,False,False,False,False,False,False,False,False,False,False,True,False,False,False,False,False,False,False,False,False,False,False,False,False,False,False,9.9261153,78.1140983,District Center
954,Vidal,H_18218,"SKG Hospital, Madurai TN.","19/1-Chinnamani Street, Bustand Back Side, Thirumangalam, Madurai (D.T)-706",Madurai,Private,Multi,PVT HOSPITAL,Pvt,3,04-04-2017,2017,A1,False,True,True,True,False,False,True,True,True,True,True,True,False,True,True,False,False,False,True,True,True,True,False,True,True,True,True,False,True,False,False,True,False,False,False,True,True,True,True,True,9.8277052,77.9897976,Exact Hospital
1966,Vidal,H_25060,"Sri Chenthur Scans,Madurai,DC.",,Madurai,Private,PVT-STANDALONE,DC PVT-STANDALONE,Pvt,55,12-11-2021,2021,,False,False,False,False,False,False,False,False,False,False,False,False,False,False,False,False,False,False,False,False,False,False,False,False,False,False,False,False,False,False,False,False,False,False,False,False,False,False,False,False,9.9261153,78.1140983,District Center
955,Vidal,H_22056,"Sri Rajan Ortho Hospital,Madurai,TN.","29/13 New:64 T.B Road,Mapalyam,Madurai",Madurai,Private,Single,PVT HOSPITAL,Pvt,3,04-04-2017,2017,S1,False,False,False,False,False,False,True,False,False,False,False,False,False,False,False,False,False,False,False,False,False,False,False,False,True,False,False,False,False,False,False,False,False,False,False,True,False,False,False,True,9.9261153,78.1140983,District Center
956,Vidal,H_22736,"Sri Ramachandra Eye Hospital,Madurai TN.","NO.15.GOODS SHED STREET,  Madurai-625001",Madurai,Private,Single,PVT HOSPITAL,Pvt,24,08-10-2018,2018,S2,False,False,False,False,False,False,False,False,False,False,False,False,False,False,False,False,False,False,False,False,False,False,False,True,False,False,False,False,False,False,False,False,False,False,False,False,False,False,False,False,9.9261153,78.1140983,Village/Town Center
957,Vidal,H_18664,"Srivatsav Healthcare Raksha Hospitals,Madurai TN.","Plot No.130,Alamaram Bus Stop,Anna Nagar, Madurai - 20",Madurai,Private,Single,PVT HOSPITAL,Pvt,5,19-04-2017,2017,S2,False,False,False,False,False,False,True,False,False,False,False,False,False,False,False,False,False,False,False,False,False,True,False,False,True,False,False,False,False,False,False,True,False,False,False,True,False,True,False,True,9.9216749,78.1481372,Village/Town Center
958,Vidal,H_22272,"St.Antonys Hospital, Madurai TN.","2/50 Sarvodaya mani Road,New Elis Nagar,Madurai",Madurai,Private,Multi,PVT HOSPITAL,Pvt,7,23-05-2017,2017,A5,False,False,False,False,False,False,True,False,True,True,False,True,False,False,True,False,False,False,False,False,False,False,False,False,True,False,False,False,False,False,False,True,False,False,False,False,False,False,False,False,9.9261153,78.1140983,District Center
959,Vidal,H_22817,"Taj Hospital, Madurai TN.","482,WEST FIRST STREET, OPPOSITE TO DISTRICT COURT, K.K. NAGAR, MADURAI",Madurai,Private,Multi,PVT HOSPITAL,Pvt,30,20-03-2019,2019,A4,False,False,False,False,False,False,False,False,False,True,False,True,False,False,False,False,False,False,False,False,True,False,False,False,True,False,False,False,False,False,False,True,False,False,False,True,False,False,False,True,9.9350693,78.1425132,Exact Hospital
960,Vidal,H_19777,"Tanker Foundation, Madurai TN.","No.3, Race Course Road,Chinna Chokkikulam,Madurai-2.",Madurai,Private,Single,PVT HOSPITAL,Pvt,2,27-03-2017,2017,S2,False,False,False,False,False,False,False,False,False,False,False,False,False,False,False,False,False,False,False,True,False,False,False,False,False,False,False,False,False,False,False,False,False,False,False,False,False,False,False,False,9.9261153,78.1140983,District Center
961,Vidal,H_23721,"Thavam Hospital, Madurai TN.",150/1 KAMARAJAR SALAI MARIYAMMAN THEPPAKULAM MADURAI,MADURAI,Private,Multi,PVT HOSPITAL,Pvt,73,07-02-2024,2020,A4,False,False,False,False,False,False,False,False,True,True,False,True,False,False,False,False,False,False,False,True,False,False,False,False,False,False,False,False,False,False,False,False,False,False,False,False,False,False,False,False,9.9261153,78.1140983,District Center
962,Vidal,H_18332,"The Christian Mission Hospital, Madurai TN.","East Veli Street,Near Before Saint Marys Hr Sec School,Madurai -1",Madurai,Private,Multi,PVT HOSPITAL,Pvt,1,20-03-2017,2017,A6,False,False,False,True,True,False,True,False,False,True,False,True,False,False,False,False,False,False,False,True,False,False,False,False,True,False,False,False,True,False,False,False,False,False,False,False,False,False,False,False,9.9159004,78.1260144,Exact Hospital
963,Vidal,H_22423,"Thiru Senthil Andavar Speciality Hosp, Madurai TN.","Near RC Girls School,Theni Road,Usilampatti",Madurai,Private,Multi,PVT HOSPITAL,Pvt,13,07-11-2017,2018,A6,False,False,False,False,False,False,True,False,True,True,True,False,False,False,True,False,False,False,True,False,True,False,False,False,True,False,True,True,False,False,False,True,False,False,False,False,False,False,False,False,9.9277743,78.099106,Village/Town Center
1962,Vidal,H_24261,"Unit Hospital,Madurai TN.",,Madurai,GOI,GOI,GOI,Govt,39,17-09-2020,2020,,False,False,False,False,False,False,False,False,False,False,False,False,False,False,False,False,False,False,False,False,False,False,False,False,False,False,False,False,False,False,False,False,False,False,False,False,False,False,False,False,9.9214638,78.1277555,Exact Hospital
964,Vidal,H_18417,"Vadamalayan Hospital, Madurai TN.","15, Jawahar Road, Chokkikulam, Madurai",Madurai,Private,Multi,PVT HOSPITAL,Pvt,4,12-04-2017,2017,A1,False,True,True,False,True,False,True,False,True,True,False,True,False,False,True,True,False,True,False,False,False,True,False,False,True,False,False,False,True,False,False,True,True,False,False,True,False,True,True,True,9.9428234,78.1299752,Exact Hospital
974,Vidal,H_26131,"Vale Hospital, Madurai, TN.",45 Collector Office Road Anna Bus Stand Madurai Tamil Nadu 625020,MADURAI,Private,Single,PVT HOSPITAL,Pvt,83,30-01-2025,2025,S1,False,False,False,False,False,False,False,False,False,False,False,False,False,False,False,False,False,False,False,False,False,False,False,False,True,False,False,False,False,False,False,False,False,False,False,False,False,False,False,False,9.9261153,78.1140983,District Center
965,Vidal,H_26259,"Vasan Eye Care Hospital, Madurai, TN.","No 342, 80 feet road, Annanagar, Madurai. ",MADURAI,Private,Single ,PVT HOSPITAL,Pvt,88,25-06-2025,2025,S2,False,False,False,False,False,False,False,False,False,False,False,False,False,False,False,False,False,False,False,False,False,False,False,True,False,False,False,False,False,False,False,False,False,False,False,False,False,False,False,False,9.9286096,78.0955034,Exact Hospital
971,Vidal,H_20932,"Velammal MC Hosp and Research Institute,Madurai TN","Velammal Medical College Hospital & Research Institute,Madurai-9",Madurai,Private,Multi,PVT HOSPITAL,Pvt,1,20-03-2017,2017,A4,False,True,True,True,False,False,True,True,True,True,True,True,False,False,True,True,False,True,True,True,False,True,False,True,True,False,True,True,True,False,False,True,False,False,False,True,True,True,True,True,9.9261153,78.1140983,District Center
966,Vidal,H_24012,"Victory Hospital, Madurai TN.",32 Arappalayam Main Rd Padi Thurai Arappalayam Madurai,Madurai,Private,Multi,PVT HOSPITAL,Pvt,72,17-11-2023,2020,A4,False,False,False,False,True,False,False,False,True,True,False,False,False,False,False,False,False,False,False,False,False,False,False,False,False,False,False,False,False,False,False,False,False,False,False,False,True,False,False,False,9.9261153,78.1140983,District Center
967,Vidal,H_23724,"Vijaya Hospital, Madurai TN.","NO:1 P.P.CHAVADI, THENI MAIN ROAD, MADURAI, TAMILNADU-625016",Madurai,Private,Multi,PVT HOSPITAL,Pvt,77,08-07-2024,2020,A3,False,False,False,False,False,False,False,False,False,False,True,False,False,False,False,False,False,False,False,True,False,False,False,False,False,False,False,False,False,False,False,False,False,False,False,False,False,False,False,False,9.915456,78.1157338,Exact Hospital
968,Vidal,H_23899,"Vijayaraj Speciality Hospital,Madurai TN","1A, Theni Main Rd, Chavadi, Sammatipuram, Bethaniapuram, Tamil Nadu ",Madurai,Private,Multi,PVT HOSPITAL,Pvt,57,23-03-2022,2020,,False,False,False,False,False,False,False,False,False,False,False,False,False,False,False,False,False,False,False,False,False,False,False,False,False,False,False,False,False,False,False,False,False,False,False,False,False,False,False,False,9.9332895,78.0925949,Exact Hospital
969,Vidal,H_18412,"Vikram Multi Speciality Hospital, Madurai TN.","3/424 Sivagangai Main Road,Ring Road,Junction, Near Pandi Kovil Road,Madurai",Madurai,Private,Multi,PVT HOSPITAL,Pvt,5,19-04-2017,2017,A2,False,True,True,False,True,False,True,False,True,True,True,True,False,False,True,True,False,False,False,True,False,True,False,False,True,False,False,False,False,False,False,True,False,False,False,True,True,True,False,True,9.9261153,78.1140983,District Center
970,Vidal,H_21495,"VMC Speciality Hospital, Madurai TN.","Velammal Medical College Hospital & Research Institute,Madurai-9",Madurai,Private,Multi,PVT HOSPITAL,Pvt,4,12-04-2017,2017,A1,False,False,False,False,True,False,True,True,False,True,True,True,False,False,False,False,False,False,True,False,True,True,False,False,True,True,True,True,True,False,False,True,False,False,False,True,True,False,True,False,9.9261153,78.1140983,District Center
1937,Vidal,H_22608,"ymca,Autism,Madurai TN.",,Madurai,Private,Autism ,PVT AUTISM,Pvt,16,14-03-2018,2018,,False,False,False,False,False,False,False,False,False,False,False,False,False,False,False,False,False,False,False,False,False,False,False,False,False,False,False,False,False,False,False,False,False,False,False,False,False,False,False,False,9.9261153,78.1140983,District Center
1908,Vidal,H_22384,"Arumai Special School, Autism, Mayiladuthurai TN.",,Maiyladuthurai,Private,Multi,PVT AUTISM,Pvt,10,21-08-2017,2017,,False,False,False,False,False,False,False,False,False,False,False,False,False,False,False,False,False,False,False,False,False,False,False,False,False,False,False,False,False,False,False,False,False,False,False,False,False,False,False,False,Not Found,Not Found,Not Found
1971,Vidal,H_25593 ,"Avini Labs, Mayiladuthurai DC.",,Maiyladuthurai,Private,Multi,DC PVT-STANDALONE,Pvt,57,23-03-2022,2022,,False,False,False,False,False,False,False,False,False,False,False,False,False,False,False,False,False,False,False,False,False,False,False,False,False,False,False,False,False,False,False,False,False,False,False,False,False,False,False,False,Not Found,Not Found,Not Found
1838,Vidal,H_24667,"Govt Akkur CHC, Sembanarkoil, Mayiladuthurai TN.","Akkur, Sembanarkoil Block, Tharangambadi Taluk ",Maiyladuthurai,CHC,Multi,Govt-MTM,Govt,51,19-08-2021,2021,A1,False,False,False,False,False,False,False,False,False,False,False,False,False,False,False,False,False,False,False,False,False,True,False,False,False,False,False,False,False,False,False,False,False,False,True,False,False,False,False,False,Not Found,Not Found,Not Found
666,Vidal,H_22655,"Govt Hospital Kuthalam, Mayiladuthurai TN.",GOVERNMENT HOSPITAL KUTHALAM NAGAPATTINMAM DISTRICT-609801,Maiyladuthurai,GOVT-DMS,Multi,GOVT-DMS,Govt,19,21-06-2018,2018,A1,False,True,True,True,True,True,True,True,True,True,True,True,True,True,True,True,True,True,True,True,True,True,True,True,True,True,True,True,True,False,True,True,True,False,True,True,True,True,True,True,11.0723371,79.5592353,Hospital in TN
665,Vidal,H_22654,"Govt Hospital Poraiyar, Mayiladuthurai TN.","KAVALAR ST, PORAIYAR-609307,NAGAPATTINAM",Maiyladuthurai,GOVT-DMS,Multi,GOVT-DMS,Govt,19,21-06-2018,2018,A1,False,True,True,True,True,True,True,True,True,True,True,True,True,True,True,True,True,True,True,True,True,True,True,True,True,True,True,True,True,False,True,True,True,False,True,True,True,True,True,True,11.02416,79.83812,Hospital in TN
664,Vidal,H_22653,"Govt Hospital Tharangambadi, Mayiladuthurai TN.","KAMARAJ SALAI THARANGAMBADI-609313,NAGAPATTINAM",Maiyladuthurai,GOVT-DMS,Multi,GOVT-DMS,Govt,19,21-06-2018,2018,A1,False,True,True,True,True,True,True,True,True,True,True,True,True,True,True,True,True,True,True,True,True,True,True,True,True,True,True,True,True,False,True,True,True,False,True,True,True,True,True,True,11.03082,79.851877,Hospital in TN
663,Vidal,H_22652,"Govt Hospital Vaitheeswarankovil,Mayiladuthurai TN","MILLADI STREET,NEAR VAITHEEWARANKOVIL RAILWAY STATION,VAITHEESWARANKOVIL,609117-NAGAPATTINAM",Maiyladuthurai,GOVT-DMS,Multi,GOVT-DMS,Govt,19,21-06-2018,2018,A1,False,True,True,True,True,True,True,True,True,True,True,True,True,True,True,True,True,True,True,True,True,True,True,True,True,True,True,True,True,False,True,True,True,False,True,True,True,True,True,True,11.1943711,79.7049199,Hospital in TN
1842,Vidal,H_25033,"Govt Kollidam UPHC,Nallur Mayiladuthurai TN.","8PHH+P4W, Kollidam-Alakudi Rd, Manganampattu, Kollidam, Tamil Nadu 609102",Maiyladuthurai,UPHC,Multi,Govt-MTM,Govt,55,12-11-2021,2021,A1,False,False,False,False,False,False,False,False,False,False,False,False,False,False,False,False,False,False,False,False,False,True,False,False,False,False,False,False,False,False,False,False,False,False,True,False,False,False,False,False,Not Found,Not Found,Not Found
1840,Vidal,H_25031,"Govt Kuthalam UPHC,Mayiladuthurai TN.","kuthalam, mayiladuthurai district, tamil nadu, 609805",Maiyladuthurai,UPHC,Multi,Govt-MTM,Govt,55,12-11-2021,2021,A1,False,False,False,False,False,False,False,False,False,False,False,False,False,False,False,False,False,False,False,False,False,True,False,False,False,False,False,False,False,False,False,False,False,False,True,False,False,False,False,False,Not Found,Not Found,Not Found
1841,Vidal,H_25032,"Govt Manalmedu UPHC, Mayiladuthurai TN.","Manalmedu, Mayiladuthurai ",Maiyladuthurai,UPHC,Multi,Govt-MTM,Govt,55,12-11-2021,2021,A1,False,False,False,False,False,False,False,False,False,False,False,False,False,False,False,False,False,False,False,False,False,True,False,False,False,False,False,False,False,False,False,False,False,False,True,False,False,False,False,False,Not Found,Not Found,Not Found
1839,Vidal,H_24668,"Govt Thiruvengadu CHC, Sirkali, Mayiladuthurai TN.","Thiruvenkadu, Sirkazhi Taluk, Mayiladuthurai Distr",Maiyladuthurai,CHC,Multi,Govt-MTM,Govt,51,19-08-2021,2021,A1,False,False,False,False,False,False,False,False,False,False,False,False,False,False,False,False,False,False,False,False,False,True,False,False,False,False,False,False,False,False,False,False,False,False,True,False,False,False,False,False,Not Found,Not Found,Not Found
621,Vidal,H_18868,"Govt. Srikazhi Hospital, Mayiladuthurai TN.","Govt Hospital, 
Municipal Office road, Sirkazhi.",Maiyladuthurai,GOVT-DMS,Multi,GOVT-DMS,Govt,1,20-03-2017,2017,A1,False,True,True,True,True,True,True,True,True,True,True,True,True,True,True,True,True,True,True,True,True,True,True,True,True,True,True,True,True,False,True,True,True,False,True,True,True,True,True,True,Not Found,Not Found,Not Found
1977,Vidal,H_26284 ,"Govt.DDWO,Mayiladuthurai TN.",,Maiyladuthurai,Govt,DDWO,DDWO,Govt,89,30-07-2025,2025,,False,False,False,False,False,False,False,False,False,False,False,False,False,False,False,False,False,False,False,False,False,False,False,False,False,False,False,False,False,False,False,False,False,False,False,False,False,False,False,False,Not Found,Not Found,Not Found
620,Vidal,H_18867,"Govt.Head Qrtrs Hospital,Mayiladuthurai,TN.","Periyar Govt Hospital, 
Gandhiji Road, Mayiladuthurai.",Maiyladuthurai,GOVT-DMS,Multi,GOVT-DMS,Govt,1,20-03-2017,2017,A1,False,True,True,True,True,True,True,True,True,True,True,True,True,True,True,True,True,True,True,True,True,True,True,True,True,True,True,True,True,False,True,True,True,False,True,True,True,True,True,True,Not Found,Not Found,Not Found
975,Vidal,H_25520 ,"Krishna Hospital, Mayiladuthurai TN.","No: 8/20 pattamangala street, Mayiladuthi",Maiyladuthurai,PVT,Single,PVT HOSPITAL,PVT,56,13-01-2022,2024,A6,False,False,False,False,False,False,False,False,False,False,False,False,False,False,False,False,False,False,False,False,False,False,False,False,False,False,False,False,False,False,False,False,False,False,False,False,False,False,False,False,11.0981404,79.6530926,Hospital in TN
1938,Vidal,H_22611,"Mahaishwar, Autism, Mayiladuthurai TN.",,Maiyladuthurai,Private,Multi,PVT AUTISM,Pvt,16,14-03-2018,2018,,False,False,False,False,False,False,False,False,False,False,False,False,False,False,False,False,False,False,False,False,False,False,False,False,False,False,False,False,False,False,False,False,False,False,False,False,False,False,False,False,Not Found,Not Found,Not Found
1906,Vidal,H_21164,"Mayura Scans Mayiladuthurai, Dc.",,Maiyladuthurai,Private,Multi,DC PVT-STANDALONE,Pvt,5,19-04-2017,2017,,False,False,False,False,False,False,False,False,False,False,False,False,False,False,False,False,False,False,False,False,False,False,False,False,False,False,False,False,False,False,False,False,False,False,False,False,False,False,False,False,Not Found,Not Found,Not Found
976,Vidal,H_18654,"Ram Bone And Joint Hospial, Mayiladuthurai TN.","Shanthi Nurshing Home,
No.4, Narayan Pillai Street, Mayiladuthurai.",Maiyladuthurai,PVT,Single,PVT HOSPITAL,PVT,4,12-04-2017,2017,A6,False,False,False,False,False,False,False,False,False,False,False,False,False,False,False,False,False,False,False,False,False,False,False,False,True,False,False,False,False,False,False,False,False,False,False,False,False,False,False,False,Not Found,Not Found,Not Found
1907,Vidal,H_22103,Sai Scans,,Maiyladuthurai,Private,Multi,DC PVT-STANDALONE,Pvt,5,19-04-2017,2017,,False,False,False,False,False,False,False,False,False,False,False,False,False,False,False,False,False,False,False,False,False,False,False,False,False,False,False,False,False,False,False,False,False,False,False,False,False,False,False,False,Not Found,Not Found,Not Found
977,Vidal,H_18643,"Shanthi Nursing Home, Mayiladuthurai TN","Vishnu Hospital, Main Road, Kollidam.",Maiyladuthurai,PVT,Multi,PVT HOSPITAL,PVT,4,12-04-2017,2017,A6,False,False,False,False,False,False,True,False,False,False,False,False,False,False,False,False,False,True,False,False,False,False,False,False,False,False,False,False,False,False,False,False,False,False,False,False,False,False,False,False,11.1016545,79.6524587,Hospital in TN
978,Vidal,H_18795,"VISHNU HOSPITAL , Mayiladuthurai TN.","Ram Bone&Joint Hospital, 
No.66, Mahadhana Street, Mayiladuthurai.",Maiyladuthurai,PVT,Multi,PVT HOSPITAL,PVT,1,20-03-2017,2017,S2,False,False,False,False,False,False,True,False,True,True,False,True,False,False,True,False,False,False,False,False,False,False,False,False,True,False,False,False,False,False,False,False,False,False,False,False,False,False,False,False,11.3270798,79.7147066,Hospital in TN
232,MA,H_22715,"COHAJ HOSPITAL - SAT UNIT, Nagapattinam TN.","Cohaj Hospital Road, Kameswaram, Thirupoondi East, Kilvelur Taluk,  Nagapattinam -  611110",nagapattinam,PVT,Multi,PVT HOSPITAL,Pvt,24,08-10-2018,2018,A6,False,False,False,False,False,False,False,False,False,False,False,False,False,False,False,False,False,False,False,True,False,False,False,False,False,False,False,False,False,False,False,False,False,False,False,False,False,False,False,False,10.7647952,79.8430779,Village/Town Center
139,MA,H_25521 ,"Government Hopital Kilvelur, Nagapattinam TN.","Katchanam Main Road, Kilvelur, Nagapattinam",Nagapattinam,GOVT-DMS,Multi,GOVT-DMS,Govt,56,13-01-2022,2022,A1,False,True,True,True,True,True,True,True,True,True,True,True,True,True,True,True,True,True,True,True,True,True,True,True,True,True,True,True,True,False,True,True,True,False,True,True,True,True,True,True,10.7652339,79.7434518,Exact Hospital
31,MA,H_22125,"Govt Hospital Karuppampulam,Nagapattinam TN.","Govt Hospital, Kuravapulam Road, 
Karupampulam.",Nagapattinam,GOVT-DMS,Multi,GOVT-DMS,Govt,6,15-05-2017,2017,A1,False,True,True,True,True,True,True,True,True,True,True,True,True,True,True,True,True,True,True,True,True,True,True,True,True,True,True,True,True,False,True,True,True,False,True,True,True,True,True,True,10.3894704,79.7892774,Exact Hospital
103,MA,H_22656,"Govt Hospital Nagore Andavar, Nagapattinam TN.","HOSPITAL ROAD, NAGORE-611002,NAGAPATTINAM",Nagapattinam,GOVT-DMS,Multi,GOVT-DMS,Govt,19,21-06-2018,2018,A1,False,True,True,True,True,True,True,True,True,True,True,True,True,True,True,True,True,True,True,True,True,True,True,True,True,True,True,True,True,False,True,True,True,False,True,True,True,True,True,True,10.6026203,79.7619348,District Center
127,MA,H_24847,"Govt Hospital Thirukuvalai, Nagapattinam TN."," Government hospital Thirukuvalai, Nagai Road, Nagapattinam District ",Nagapattinam,GOVT-DMS,Multi,GOVT-DMS,Govt,53,18-09-2021,2021,A1,False,True,True,True,True,True,True,True,True,True,True,True,True,True,True,True,True,True,True,True,True,True,True,True,True,True,True,True,True,False,True,True,True,False,True,True,True,True,True,True,10.6313018,79.7226477,Exact Hospital
1540,MA,H_24670,"Govt Kariyapattinam CHC,Nagapattinam TN.","Police station road, Kariyapattinam, Vedaranyam Taluk, Nagapattinam District, Tamilnadu.",Nagapattinam,CHC,Multi,Govt-MTM,Govt,51,19-08-2021,2021,A1,False,False,False,False,False,True,False,False,False,True,False,False,True,False,False,False,False,False,False,False,True,False,False,False,False,False,False,False,False,False,False,False,False,False,True,False,False,False,False,False,10.77246,79.843971,Village/Town Center
2065,MA,H_22482,"Govt Medical College DEIC, Nagapattinam TN.",,Nagapattinam,DEIC,DEIC,DEIC,Govt,0,14-02-2018,2018,,False,False,False,False,False,False,False,False,False,False,False,False,False,False,False,False,False,False,False,False,False,False,False,False,False,False,False,False,False,False,False,False,False,False,False,False,False,False,False,False,10.6026203,79.7619348,District Center
1539,MA,H_24669,"Govt Thalainayar CHC, Thalainayar,Nagapattinam TN.","Hospital Street, Thalainayar, Vedaranyam Taluk, Nagapattinam District, Tamilnadu.",Nagapattinam,CHC,Multi,Govt-MTM,Govt,51,19-08-2021,2021,A1,False,False,False,False,False,False,False,False,False,False,False,False,False,False,False,False,False,False,False,False,True,False,False,False,False,False,False,False,False,False,False,False,False,False,True,False,False,False,False,False,10.77246,79.843971,Village/Town Center
1537,MA,H_24665,"Govt Thevur CHC, Kilvelur, Nagapattinam TN.","Hospital Road, Thevur, Kilvelur Taluk, Nagpattinam District, Tamilnadu.",Nagapattinam,CHC,Multi,Govt-MTM,Govt,51,19-08-2021,2021,A1,False,False,False,False,False,False,False,False,False,False,False,False,False,False,False,False,False,False,False,False,True,False,False,False,False,False,False,False,False,False,False,False,False,False,True,False,False,False,False,False,10.6026203,79.7619348,District Center
1535,MA,H_24663,"Govt Thirumarugal CHC, Nagapattinam TN.","Main Road, Santhaipettai, Thirumarugal, Nagapattinam Taluk, Nagapattinam District, Tamilnadu.",Nagapattinam,CHC,Multi,Govt-MTM,Govt,51,19-08-2021,2021,A1,False,False,False,False,False,False,False,False,False,True,False,False,False,False,False,False,False,False,False,False,True,False,False,False,False,False,False,False,False,False,False,False,False,False,True,False,False,False,False,False,10.77246,79.843971,Village/Town Center
1536,MA,H_24664,"Govt Thirupoondi CHC, Keelaiyur, Nagapattinam TN.","Government Hospital Road, Thirupoondi, Kilvelur Taluk, Nagpattinam District, Tamilnadu.",Nagapattinam,CHC,Multi,Govt-MTM,Govt,51,19-08-2021,2021,A1,False,False,False,False,False,False,False,False,False,True,False,False,False,False,False,False,False,False,False,False,True,False,False,False,False,False,False,False,False,False,False,False,False,False,True,False,False,False,False,False,10.6026203,79.7619348,District Center
1538,MA,H_24666,"Govt Vadugachery CHC, Nagapattinam TN.","Main Road, Vadugacherry, Nagapattinam Taluk, Nagpattinam District, Tamilnadu.",Nagapattinam,CHC,Multi,Govt-MTM,Govt,51,19-08-2021,2021,A1,False,False,False,False,False,False,False,False,False,False,False,False,False,False,False,False,False,False,False,False,True,False,False,False,False,False,False,False,False,False,False,False,False,False,True,False,False,False,False,False,10.6026203,79.7619348,District Center
2064,MA,H_22523,"Govt.DDWO,Nagapattinam TN.",,Nagapattinam,DDWO,DDWO,DDWO,Govt,0,22-02-2018,2018,,False,False,False,False,False,False,False,False,False,False,False,False,False,False,False,False,False,False,False,False,False,False,False,False,False,False,False,False,False,False,False,False,False,False,False,False,False,False,False,False,10.6026203,79.7619348,District Center
30,MA,H_20058,"Govt.Head Qrtrs Hosp Vedaranyam,Nagapattinam TN.","Govt Hospital, 
Hospital Road, Near Municipality Office, Vedaranyam.",Nagapattinam,GOVT-DMS,Multi,GOVT-DMS,Govt,1,20-03-2017,2017,A1,False,True,True,True,True,True,True,True,True,True,True,True,True,True,True,True,True,True,True,True,True,True,True,True,True,True,True,True,True,False,True,True,True,False,True,True,True,True,True,True,10.6026203,79.7619348,District Center
29,MA,H_18485,"Govt.Medical College and Hosp, Nagapattinam TN.","Govt Head Quarters Hospital, Public Office Road, Opp to New Bustand, Nagapattinam.",Nagapattinam,GOVT-DME,Multi,GOVT-DME,Govt,1,20-03-2017,2017,A1,False,True,True,True,True,True,True,True,True,True,True,True,True,True,True,True,True,True,True,True,True,True,True,True,True,True,True,True,True,False,True,True,True,False,True,True,True,True,True,True,10.6026203,79.7619348,District Center
371,MA,H_25642,"MC Hospital, Nagapattinam TN.","38/2,SIVAN SANNATHI STREET,VELIPALAYAM,NAGAPATTINAM",nagapattinam,PVT,Multi,PVT HOSPITAL,Pvt,58,28-04-2022,2022,A5,False,False,False,False,False,False,False,False,False,True,True,False,False,False,False,False,False,False,False,False,False,False,False,False,False,False,False,False,False,False,False,False,False,False,False,True,True,False,False,False,10.6026203,79.7619348,District Center
165,MA,H_22002,"Adhithya Nursing Home, Namakkal, TN.","15 SendamangalmRoad ,Namakkal",Namakkal,Private,Single,PVT HOSPITAL,Pvt,2,27-03-2017,2017,S2,False,False,False,False,False,False,False,False,False,False,False,False,False,False,False,False,False,False,False,False,False,False,False,True,False,False,False,False,False,False,False,False,False,False,False,False,False,False,False,False,11.3033889,78.118604,District Center
193,MA,H_19485,"Aravinth Hospital,Rangar Sannadhi Str,Namakkal TN.","No:17, Rangar Sannathi Street, Namakkal.",Namakkal,Private,Multi,PVT HOSPITAL,Pvt,1,20-03-2017,2017,A2,False,False,False,False,False,False,False,False,True,True,True,True,False,False,False,False,False,False,False,True,False,True,False,False,True,False,False,False,False,False,False,True,False,False,True,False,False,False,True,True,11.3033889,78.118604,District Center
231,MA,H_18551,"CM Best Hospitals,Namakkal TN.","No-74/47 a,Mohanur Road,Namakkal",Namakkal,Private,Multi,PVT HOSPITAL,Pvt,54,22-10-2021,2021,A2,False,False,False,False,False,False,False,False,True,True,False,True,False,False,False,False,False,False,False,True,True,False,False,False,True,False,False,False,False,False,False,False,False,False,True,False,False,False,False,False,11.1592282,78.1594563,Village/Town Center
2067,MA,H_22472,"DEIC, Namakkal TN.",,Namakkal,DEIC,DEIC,DEIC,Govt,0,05-02-2018,2018,,False,False,False,False,False,False,False,False,False,False,False,False,False,False,False,False,False,False,False,False,False,False,False,False,False,False,False,False,False,False,False,False,False,False,False,False,False,False,False,False,11.3033889,78.118604,District Center
2068,MA,H_22511,"District Diff.abled welfare office,Namakkal TN.",,Namakkal,DDWO,DDWO,DDWO,Govt,15,02-05-2018,2018,,False,False,False,False,False,False,False,False,False,False,False,False,False,False,False,False,False,False,False,False,False,False,False,False,False,False,False,False,False,False,False,False,False,False,False,False,False,False,False,False,11.3033889,78.118604,District Center
269,MA,H_26129,"Excel Multispeciality Hospitals, Namakkal, TN","NH - 544, SALEM MAIN ROAD, SANKARI WEST POST - 637 303 PALLAKAPALAYAM VILLAGE, KOMARAPALA",Namakkal,Private,Single,PVT HOSPITAL,Pvt,82,06-01-2025,2025,S2,False,False,False,False,False,False,False,False,False,False,False,False,False,False,False,False,False,False,False,True,False,False,False,False,False,False,False,False,False,False,False,False,False,False,False,False,False,False,False,False,11.3033889,78.118604,District Center
36,MA,H_18486,"Government Medical College, Namakkal TN.","THILLAIPURAM, NAMAKKAL, TAMIL NADU 637001",Namakkal,Medical College Hospital ,Multi,Govt-DME,Govt,1,20-03-2017,2017,A1,False,True,True,True,True,True,True,True,True,True,True,True,True,True,True,True,True,True,True,True,True,True,True,True,True,True,True,True,True,False,True,True,True,False,True,True,True,True,True,True,11.1592282,78.1594563,Village/Town Center
33,MA,H_19715,"Govt Hospital Kumarapalayam, Namakkal TN.","NADARAJA NAGAR KOMARAPALAYAM, TAMIL NADU 638183",Namakkal,Sub-district Hospital,Multi,Govt-DMS,Govt,1,20-03-2017,2017,A1,False,True,True,True,True,True,True,True,True,True,True,True,True,True,True,True,True,True,True,True,True,True,True,True,True,True,True,True,True,False,True,True,True,False,True,True,True,True,True,True,11.4432595,77.6941951,Exact Hospital
34,MA,H_20925,"Govt hospital Paramathyvelur,Namakkal TN.","THILLAIPURAM, NAMAKKAL, TAMIL NADU 637001",Namakkal,Sub-district Hospital,Multi,Govt-DMS,Govt,1,20-03-2017,2017,A1,False,True,True,True,True,True,True,True,True,True,True,True,True,True,True,True,True,True,True,True,True,True,True,True,True,True,True,True,True,False,True,True,True,False,True,True,True,True,True,True,11.1592282,78.1594563,Village/Town Center
32,MA,H_18895,"Govt Hospital Thiruchengodu,Namakkal TN.","KAMALAR,TIRUCHENGODE, TAMIL NADU 637211",Namakkal,Sub-district Hospital,Multi,Govt-DMS,Govt,1,20-03-2017,2017,A1,False,True,True,True,True,True,True,True,True,True,True,True,True,True,True,True,True,True,True,True,True,True,True,True,True,True,True,True,True,False,True,True,True,False,True,True,True,True,True,True,11.37645,77.89426,Exact Hospital
37,MA,H_20207,"Govt Hospital, Sendamangalam, Namakkal TN.","MOHANUR - NAMAKKAL - SENDAMANGALAM - RASIPURAM ROAD, SENTHAMANGALAM, TAMIL NADU 637409",Namakkal,Sub-district Hospital,Multi,Govt-DMS,Govt,1,20-03-2017,2017,A1,False,True,True,True,True,True,True,True,True,True,True,True,True,True,True,True,True,True,True,True,True,True,True,True,True,True,True,True,True,False,True,True,True,False,True,True,True,True,True,True,11.27988,78.234922,Exact Hospital
129,MA,H_24398,"Govt Hospital, Valavanthinadu, Namakkal TN.","Govt Hospital, Valavanthinadu, Semmadu,KolliHils (Tk),Namakkal (Dt)",Namakkal,Sub-district Hospital,Multi,Govt-DMS,Govt,49,07-07-2021,2021,A1,False,True,True,True,True,True,True,True,True,True,True,True,True,True,True,True,True,True,True,True,True,True,True,True,True,True,True,True,True,False,True,True,True,False,True,True,True,True,True,True,11.3033889,78.118604,District Center
130,MA,H_24399,"Govt Hospital, Vennandur, Namakkal TN.","Govt Hospital,Vennadur,Rasipuram (Tk),Namakkal (Dt)",Namakkal,Sub-district Hospital,Multi,Govt-DMS,Govt,49,07-07-2021,2021,A1,False,True,True,True,True,True,True,True,True,True,True,True,True,True,True,True,True,True,True,True,True,True,True,True,True,True,True,True,True,False,True,True,True,False,True,True,True,True,True,True,11.51701,78.088631,Exact Hospital
128,MA,H_24397,"Govt Hospital,Pallipalayam, Namakkal TN.","Govt Hospital Pallipalayam,Avarangadu, Kumarapalayam (TK), Namakkal Dt.",Namakkal,Sub-district Hospital,Multi,Govt-DMS,Govt,49,07-07-2021,2021,A1,False,True,True,True,True,True,True,True,True,True,True,True,True,True,True,True,True,True,True,True,True,True,True,True,True,True,True,True,True,False,True,True,True,False,True,True,True,True,True,True,11.3608508,77.747453,Exact Hospital
35,MA,H_19714,"Govt. Head Qrtrs Hosp, Rasipuram, Namakkal TN.",RASIPURAM,Namakkal,District Hospital,Multi,Govt-DMS,Govt,1,20-03-2017,2017,A1,False,True,True,True,True,True,True,True,True,True,True,True,True,True,True,True,True,True,True,True,True,True,True,True,True,True,True,True,True,False,True,True,True,False,True,True,True,True,True,True,11.3033889,78.118604,District Center
1486,MA,H_24513,"GOVT. PHC Kabilarmalai,Namakkal TN. ","Upgrade Govt. Primary Health Centre,Kabilarmalai,P.Velur T.K,,Namakkal Dt-Tamilnadu",Namakkal,PHC,Multi,Govt-MTM,Govt,51,23-08-2021,2021,A1,False,False,False,False,False,False,False,False,False,False,False,False,False,False,False,False,False,False,False,False,True,False,False,False,False,False,False,False,False,False,False,False,False,False,True,False,False,False,False,False,11.3033889,78.118604,District Center
1557,MA,H_24725,"Govt.CHC Mohanur,Palapatty ,Namakkal TN.","Govt Primary Health Centre, Palapatty,Mohanur Tk,Namakkal Dt-",Namakkal,CHC,Multi,Govt-MTM,Govt,52,09-08-2021,2021,A1,False,False,False,False,False,False,False,False,False,True,False,False,False,False,False,False,False,False,False,False,True,False,False,False,False,False,False,False,False,False,False,False,False,False,True,False,False,False,False,False,11.3033889,78.118604,District Center
1483,MA,H_24508,"Govt.CHC Pillanallur,Namakkal TN. ","Rasipuram to Tiruchengode Main road , Rathinamahal Back side , Govt Primary Health Centre Pillanallur .Rasipuram Taluk, Namakkal Dt",Namakkal,CHC,Multi,Govt-MTM,Govt,51,23-08-2021,2021,A1,False,False,False,False,False,False,False,False,False,True,False,False,False,False,False,False,False,False,False,False,True,False,False,False,False,False,False,False,False,False,False,False,False,False,True,False,False,False,False,False,11.3033889,78.118604,District Center
1596,MA,H_24866,"Govt.Paramathi,Nallur PHC,Namakkal TN.","Govt Primary Health centre Nallur, Kandampalayam,P.Velur(tk),Namakkal(dt).",Namakkal,PHC,Multi,Govt-MTM,Govt,53,18-09-2021,2021,A1,False,False,False,False,False,False,False,False,False,True,False,False,False,False,False,False,False,False,False,False,True,False,False,False,False,False,False,False,False,False,False,False,False,False,True,False,False,False,False,False,11.3033889,78.118604,District Center
1595,MA,H_24865,"Govt.PHC Kolli Hills,Solakkadu Namakkal TN.","Primary health centre . Solakkadu.KolliHills,Namakkal",Namakkal,PHC,Multi,Govt-MTM,Govt,53,18-09-2021,2021,A1,False,False,False,False,False,False,False,False,False,True,False,False,False,False,False,False,False,False,False,False,True,False,False,False,False,False,False,False,False,False,False,False,False,False,True,False,False,False,False,False,11.3033889,78.118604,District Center
1487,MA,H_24514,"Govt.PHC Namagiripettai,Namakkal TN.","Upgraded Govt. Primary Health Centre, Namagiripet, Rasipuram Taluk, Namakkal Dt. Tamil Nadu ",Namakkal,PHC,Multi,Govt-MTM,Govt,51,23-08-2021,2021,A1,False,False,False,False,False,False,False,False,False,True,False,False,False,False,False,False,False,False,False,False,True,False,False,False,False,False,False,False,False,False,False,False,False,False,True,False,False,False,False,False,11.3033889,78.118604,District Center
1605,MA,H_24899,"Govt.PHC Rasipuram,Namakkal TN. ","Urban Primary Health Center, Rasipuram,25, Dasa St, Rasipuram, Namakkal. ",Namakkal,PHC,Multi,Govt-MTM,Govt,54,22-10-2021,2021,A1,False,False,False,False,False,False,False,False,False,False,False,False,False,False,False,False,False,False,False,False,True,False,False,False,False,False,False,False,False,False,False,False,False,False,True,False,False,False,False,False,11.4537338,78.1784576,Village/Town Center
1484,MA,H_24510,"Govt.PHC Vinaitheerthapuram,Namakkal TN.","Primary Health Center, Vinaitheerthapuram,Namakkal District. ",Namakkal,PHC,Multi,Govt-MTM,Govt,51,23-08-2021,2021,A1,False,False,False,False,False,False,False,False,False,True,False,False,False,False,False,False,False,False,False,False,True,False,False,False,False,False,False,False,False,False,False,False,False,False,True,False,False,False,False,False,11.3213804,78.1768883,Village/Town Center
1638,MA,H_25039,"Govt.PHC,Ernapuram,Namakkal TN.","Upgraded govt. Primary Health Centre, Siluvampatti (PO), Ernapuram, Namakkal Dt.",Namakkal,PHC,Multi,Govt-MTM,Govt,55,12-11-2021,2021,A1,False,False,False,False,False,False,False,False,False,True,False,False,False,False,False,False,False,False,False,False,True,False,False,False,False,False,False,False,False,False,False,False,False,False,True,False,False,False,False,False,11.2446571,78.0966912,Village/Town Center
1639,MA,H_25040,"Govt.PHC,Pallipalayam,Karayanpettai,Namakkal TN.","Upgraded Govt. Primary Health Centre, Kokkarayanpettai, Komarapalayam (Taluk) Namakkal (Dt).",Namakkal,PHC,Multi,Govt-MTM,Govt,55,12-11-2021,2021,A1,False,False,False,False,False,False,False,False,False,True,False,False,False,False,False,False,False,False,False,False,True,False,False,False,False,False,False,False,False,False,False,False,False,False,True,False,False,False,False,False,11.3127932,77.7853606,Village/Town Center
1637,MA,H_25038,"Govt.PHC,Sendamangalam,Belukurichi,Namakkal TN.","Upgraded Gov primary Health centre, sendamangalam Main road , Belukurichi po, sendamangalam tk , namakkal dt",Namakkal,PHC,Multi,Govt-MTM,Govt,55,12-11-2021,2021,A1,False,False,False,False,False,False,False,False,False,True,False,False,False,False,False,False,False,False,False,False,True,False,False,False,False,False,False,False,False,False,False,False,False,False,True,False,False,False,False,False,11.3033889,78.118604,District Center
1597,MA,H_24867,"Govt.Thiruchengode Erayamangalam PHC,Namakkal TN. ","Upgraded Govt. Primary Health Centre, Erayamangalam, Tiruchengode Taluk, Namakkal Dt.",Namakkal,PHC,Multi,Govt-MTM,Govt,53,18-09-2021,2021,A1,False,False,False,False,False,False,False,False,False,True,False,False,False,False,False,False,False,False,False,False,True,False,False,False,False,False,False,False,False,False,False,False,False,False,True,False,False,False,False,False,11.3033889,78.118604,District Center
1555,MA,H_24723,"Govt.UPHC Elichipalayam ,Namakkal TN.","Upgraded Govt. Primary Health Centre, Manickampalayam,Tiruchengode Taluk, Namakkal Dt. Tamil Nadu ",Namakkal,PHC,Multi,Govt-MTM,Govt,52,09-08-2021,2021,A1,False,False,False,False,False,False,False,False,False,True,False,False,False,False,False,False,False,False,False,False,True,False,False,False,False,False,False,False,False,False,False,False,False,False,True,False,False,False,False,False,11.3033889,78.118604,District Center
1556,MA,H_24724,"Govt.UPHC Erumapatti,Namakkal TN.","Govt. perimary health centre Erumapatty,Namakkal Dt. Tamil Nadu ",Namakkal,PHC,Multi,Govt-MTM,Govt,52,09-08-2021,2021,A1,False,False,False,False,False,False,False,False,False,True,False,False,False,False,False,False,False,False,False,False,True,False,False,False,False,False,False,False,False,False,False,False,False,False,True,False,False,False,False,False,11.3033889,78.118604,District Center
1554,MA,H_24720,"Govt.UPHC Mallasamudram ,Namakkal TN.","Upgraded Govt. Primary Health Centre, Mallasamudram,Tiruchengode Taluk, Namakkal Dt. Tamil Nadu ",Namakkal,PHC,Multi,Govt-MTM,Govt,52,09-08-2021,2021,A1,False,False,False,False,False,False,False,False,False,True,False,False,False,False,False,False,False,False,False,False,True,False,False,False,False,False,False,False,False,False,False,False,False,False,True,False,False,False,False,False,11.3033889,78.118604,District Center
1485,MA,H_24512,"Govt.UPHC Mohanur,Namakkal TN.","Upgrade Primary Health Centre,Mohanur,Namakkal Dt-Tamilnadu",Namakkal,PHC,Multi,Govt-MTM,Govt,51,23-08-2021,2021,A1,False,False,False,False,False,False,False,False,False,False,False,False,False,False,False,False,False,False,False,False,True,False,False,False,False,False,False,False,False,False,False,False,False,False,True,False,False,False,False,False,11.0689318,78.1398608,Village/Town Center
1598,MA,H_24868,"Govt.Vennandur Sowdhapuram PHC,Namakkal TN.","Primary health centre ,O. Sowthapuram, Rasipuram (tk), Namakkal (dt)",Namakkal,PHC,Multi,Govt-MTM,Govt,53,18-09-2021,2021,A1,False,False,False,False,False,False,False,False,False,True,False,False,False,False,False,False,False,False,False,False,True,False,False,False,False,False,False,False,False,False,False,False,False,False,True,False,False,False,False,False,11.3033889,78.118604,District Center
300,MA,H_26173,"Imayam speciality hospital, Namakkal, TN.","194-A,trichengode road, near pillaiyar kovil ",Namakkal,Private,Multi,PVT HOSPITAL,Pvt,86,30-04-2025,2025,A6,False,False,False,False,False,False,False,False,False,False,False,False,False,False,False,False,False,False,False,False,False,False,False,False,True,False,False,False,False,False,False,False,False,False,False,False,False,False,False,True,11.2078899,78.1797861,Exact Hospital
318,MA,H_22559,"Kathir Eye Hospital, Namakkal, TN.","14/1, Kokareyanpettai Road, Valaraigate, Tiruchengode",Namakkal,Private,Single,PVT HOSPITAL,Pvt,18,09-04-2018,2018,S2,False,False,False,False,False,False,False,False,False,False,False,False,False,False,False,False,False,False,False,False,False,False,False,True,False,False,False,False,False,False,False,False,False,False,False,False,False,False,False,False,11.3659032,77.8878344,Exact Hospital
332,MA,H_18892,"Krishna Hospital Thiruchengodu,Namakkal TN.","KOLLAPALAYAM, KOZHIKKALNATHAM, ,NAMAKKAL",Namakkal ,Private,Multi,PVT HOSPITAL,Pvt,5,19-04-2017,2017,,False,False,False,False,False,False,False,False,False,False,False,False,False,False,False,False,False,False,False,False,False,False,False,False,False,False,False,False,False,False,False,False,False,False,False,False,False,False,False,False,11.3754811,77.8931817,Exact Hospital
345,MA,H_18903,"Latha Eye Hospital Thuraiyur Main Rd,Namakkal TN.","Natarajapuram, Kamaraj Nagar, Namakkal,",Namakkal ,Private,Single,PVT HOSPITAL,Pvt,30,20-03-2019,2019,,False,False,False,False,False,False,False,False,False,False,False,False,False,False,False,False,False,False,False,False,False,False,False,False,False,False,False,False,False,False,False,False,False,False,False,False,False,False,False,False,11.2191692,78.16787,Village/Town Center
351,MA,H_18368,"M.M.Hospital,Namakkal TN.","6/288, TRICHY MAIN ROAD, NAMAKKAL",Namakkal,Private,Multi,PVT HOSPITAL,Pvt,5,19-04-2017,2017,A3,False,False,False,False,False,False,True,False,True,False,False,True,False,False,False,True,False,False,False,True,False,True,False,False,True,False,False,False,False,False,False,True,False,False,True,False,False,False,False,True,11.2103089,78.1776545,Exact Hospital
357,MA,H_18899,"Maharaja Speciality Hosp Mohanur Road,Namakkal TN.","78-C, MOHANUR RD, K K NAGAR, NAMAKKAL",Namakkal,Private,Multi,PVT HOSPITAL,Pvt,5,19-04-2017,2017,A5,False,False,True,True,True,False,False,False,True,True,True,False,False,False,False,False,False,False,False,True,True,True,False,True,False,False,False,False,True,False,False,True,False,False,False,False,True,False,False,False,11.210755,78.166997,Exact Hospital
359,MA,H_18913,"Malar Hospital Subramaniapuram,Namakkal TN.","SUBRAMANIAPURAM, 92, NEHRU NAGAR, MOHANUR, NAMAKKAL",Namakkal,Private,Multi,PVT HOSPITAL,Pvt,5,19-04-2017,2017,A6,False,False,False,False,False,False,False,False,False,True,True,True,False,False,False,False,False,False,False,False,False,False,False,False,False,False,False,False,False,False,False,False,False,False,False,False,False,False,False,False,11.0689318,78.1398608,Village/Town Center
361,MA,H_19486,"Manickam Hospital, Rasipuram, Namakkal TN.","NO. 132, ANNA SALAI, NEW BUS STAND RD, E.B.COLONY, VIP NAGAR, NAMAKKAL",Namakkal,Private,Multi,PVT HOSPITAL,Pvt,3,04-04-2017,2017,A2,False,False,False,False,False,False,False,False,True,True,True,True,False,False,False,False,False,False,False,True,True,False,False,False,True,False,False,False,True,False,False,False,False,False,False,False,False,False,False,False,11.4610736,78.1720537,Village/Town Center
365,MA,H_18905,"Maruthi Hopsital Salem Rd,Namakkal TN.","743E, SALEM RD, SWAMY NAGAR, NAMAKKAL,",Namakkal,Private,Multi,PVT HOSPITAL,Pvt,3,04-04-2017,2017,A4,False,False,False,False,False,False,True,False,True,True,False,True,False,False,False,False,False,False,True,False,True,True,False,False,True,False,False,False,False,False,False,False,False,False,False,False,False,False,False,True,11.2191692,78.16787,Village/Town Center
2007,MA,H_20011,"Namakkal Scan and Diagnostics, Namakkal DC.",,Namakkal,Private,PVT-STANDALONE,DC PVT-STANDALONE,Pvt,5,19-04-2017,2017,,False,False,False,False,False,False,False,False,False,False,False,False,False,False,False,False,False,False,False,False,False,False,False,False,False,False,False,False,False,False,False,False,False,False,False,False,False,False,False,False,11.3033889,78.118604,District Center
2005,MA,H_21243,"Nivi Hitech Scans, Namakkal DC.",,Namakkal,Private,PVT-STANDALONE,DC PVT-STANDALONE,Pvt,2,27-03-2017,2017,,False,False,False,False,False,False,False,False,False,False,False,False,False,False,False,False,False,False,False,False,False,False,False,False,False,False,False,False,False,False,False,False,False,False,False,False,False,False,False,False,11.3033889,78.118604,District Center
448,MA,H_18578,"Sakthi Hospital,Namakkal TN.
","6/920, TIRUCHENGODE - NAMAKKAL",Namakkal,Private,Multi,PVT HOSPITAL,Pvt,4,12-04-2017,2017,A3,False,False,False,False,False,False,False,False,True,True,False,True,False,False,False,False,False,False,False,False,True,False,False,False,True,False,False,False,False,False,False,False,False,False,False,False,False,False,False,True,11.3033889,78.118604,District Center
2066,MA,H_22720,"Samrutha Diagnostics, Namakkal DC.",,Namakkal,Private,PVT-STANDALONE,DC PVT-STANDALONE,Pvt,24,10-08-2018,2018,,False,False,False,False,False,False,False,False,False,False,False,False,False,False,False,False,False,False,False,False,False,False,False,False,False,False,False,False,False,False,False,False,False,False,False,False,False,False,False,False,11.3033889,78.118604,District Center
455,MA,H_18890,"Santhi Hospital Rasipuram,Namakkal TN.","RASIPURAM,NAMAKKAL",Namakkal,Private,Multi,PVT HOSPITAL,Pvt,5,19-04-2017,2017,A2,False,False,False,False,False,False,True,False,False,True,False,True,False,False,False,False,False,False,False,False,False,False,False,False,False,False,False,False,False,False,False,False,False,False,False,False,False,False,False,False,11.4537338,78.1784576,Village/Town Center
457,MA,H_22733,"Saravana Hospital, Namakkal TN.","89,Trichy Road,Ganesapuram,Namakkal (Dt) - 637001",Namakkal,Private,Multi,PVT HOSPITAL,Pvt,25,26-10-2018,2018,A6,False,False,False,False,False,False,False,False,True,True,False,True,False,False,False,False,False,False,False,False,False,False,False,True,False,False,False,False,False,False,False,False,False,False,False,False,False,False,False,False,11.216652,78.171298,Exact Hospital
2006,MA,H_19808,"Shanmuga Heart Center,Namakkal DC.",,Namakkal,Private,PVT-STANDALONE,DC PVT-STANDALONE,Pvt,5,19-04-2017,2017,,False,False,False,False,False,False,False,False,False,False,False,False,False,False,False,False,False,False,False,False,False,False,False,False,False,False,False,False,False,False,False,False,False,False,False,False,False,False,False,False,11.3033889,78.118604,District Center
472,MA,H_22003,"Shree Akhshaya Hospital Namakkal, TN.","553/1, Salem road, Namakkal",Namakkal,Private,Multi,PVT HOSPITAL,Pvt,2,27-03-2017,2017,A4,False,False,True,False,True,False,False,False,True,True,True,False,False,False,False,False,False,False,False,True,True,False,False,True,True,False,False,False,True,False,False,True,False,False,False,False,True,False,False,True,11.2356716,78.165237,Exact Hospital
474,MA,H_19739,"Shri Vigneshwaran Hosp Sendamangalam Namakkal, TN.","3 MAIN ROAD, SENTHAMANGALAM, NAMAKKAL,,",Namakkal,Private,Multi,PVT HOSPITAL,Pvt,5,19-04-2017,2017,A6,False,False,False,False,False,False,False,False,False,True,False,True,False,False,False,False,False,False,False,False,False,False,False,False,False,False,False,False,False,False,False,False,False,False,False,False,False,False,False,False,11.2833345,78.235441,Exact Hospital
483,MA,H_22823,"Soorya Multispechiality hospitals, Namakkal TN.","164, Bungalow Street, erode Main Road, Tiruchengode",Namakkal,Private,Multi,PVT HOSPITAL,Pvt,30,20-03-2019,2019,A6,False,True,False,False,False,False,True,True,True,True,True,True,False,False,False,False,False,False,False,False,False,False,False,False,True,False,True,True,True,False,False,False,False,False,True,True,True,False,False,False,11.3033889,78.118604,District Center
484,MA,H_21995,"SPM Medical Centre, Namakkal TN.
","158-1, Sankari Main Road, Tiruchengode, Namakkal D.t",Namakkal,Private,Multi,PVT HOSPITAL,Pvt,1,20-03-2017,2017,A5,False,False,False,False,False,False,False,False,True,False,False,True,False,False,False,False,False,False,False,False,False,False,False,False,True,False,False,False,False,False,False,False,False,False,False,False,False,False,False,True,11.3881331,77.8931963,Exact Hospital
506,MA,H_23657,"Sri Ragavendra Hospital, Namakal TN.","30, Dr Sankaran Road, Namakkal ",Namakkal,Private,Multi,PVT HOSPITAL,Pvt,46,29-03-2021,2021,A6,False,False,False,False,False,False,False,False,True,True,False,True,False,False,False,False,False,False,False,False,False,False,False,False,True,False,False,True,False,False,False,False,False,False,False,False,False,False,False,False,11.3033889,78.118604,District Center
528,MA,H_20919,"Sugam Hospital, Rasipuram, Namakkal TN.","RAMAMOORTHY NAGAR, RASIPURAM,NAMAKKAL",Namakkal,Private,Multi,PVT HOSPITAL,Pvt,3,04-04-2017,2017,A3,False,False,False,False,False,False,False,False,True,True,True,True,False,False,False,False,False,False,False,False,False,False,False,False,True,False,False,False,True,False,False,False,False,False,False,True,False,False,False,False,11.4553007,78.1936221,Exact Hospital
537,MA,H_23694,"Swamy Vivekananda MC, Namakkal TN."," D.NO: 25, 8, Old Munsif Ct St, Namakkal, Tamil Nadu 637001",Namakkal,Private,Multi,PVT HOSPITAL,Pvt,53,18-09-2021,2021,A4,False,True,False,False,True,False,True,False,True,True,True,True,False,False,False,False,False,True,True,True,False,True,False,True,True,False,True,True,True,False,False,True,False,False,True,True,True,False,True,True,11.1592282,78.1594563,Village/Town Center
547,MA,H_18331,"Thangam Hospital, Namakkal TN.","54, DR. SANKARAN ROAD, NAMAKKAL, ",Namakkal,Private,Multi,PVT HOSPITAL,Pvt,2,27-03-2017,2017,A2,False,False,False,False,False,False,False,True,True,True,True,True,True,False,False,False,False,True,True,True,True,False,False,False,True,False,True,False,False,False,False,True,True,False,False,True,True,False,False,True,11.21472,78.171857,Exact Hospital
552,MA,H_18531,"Thirukumaran Hospitals,Namakkal TN","THONDIKARADU, TIRUCHENGODE,NAMAKKAL",Namakkal,Private,Multi,PVT HOSPITAL,Pvt,5,19-04-2017,2017,A3,False,False,False,True,False,False,False,False,True,True,False,False,False,False,False,False,False,False,False,False,False,True,False,False,True,False,False,False,True,False,False,False,False,False,True,False,False,False,False,True,11.3786608,77.8949223,Village/Town Center
555,MA,H_24858,"United Welfare Trust Dialysis Centre,Namakkal TN.","No. 285, Trichy Main Road, Namakkal",Namakkal,Private,Single,PVT HOSPITAL,Pvt,53,18-09-2021,2021,S1,False,False,False,False,False,False,False,False,False,False,False,False,False,False,False,False,False,False,False,True,False,False,False,False,False,False,False,False,False,False,False,False,False,False,False,False,False,False,False,False,11.3033889,78.118604,District Center
562,MA,H_22718,"Velavan Hospital, Namakkal, TN.","348/4, Salem Main Road, Tiruchengode, Namakkal",Namakkal,Private,Multi,PVT HOSPITAL,Pvt,24,08-10-2018,2018,A6,False,False,False,False,False,False,False,False,True,True,True,False,False,False,False,False,False,False,False,False,False,False,False,False,False,False,False,False,False,False,False,False,False,False,False,False,False,False,False,False,11.3786608,77.8949223,Village/Town Center
572,MA,H_26025,"Visakan Medical Centre, Tiruchengode, Namakkal,TN.","NO 6, WEST MUNIYAPPAN KOVIL STREET NEAR JOTHI THEATER, TIRUCHENGODE, NAMAKKAL DIST",Namakkal,Private,Multi,PVT HOSPITAL,Pvt,77,08-07-2024,2024,A6,False,False,False,False,False,False,False,False,True,False,False,False,False,False,False,False,False,False,False,False,False,False,False,False,False,False,False,False,False,False,False,False,False,False,False,False,False,False,False,False,11.3786608,77.8949223,Village/Town Center
574,MA,H_18394,"Vivekanandha Medical Care Hospital, Namakkal TN.","TIRUCHENGODE - NAMAKKAL - TRICHY RD, ELAIYAMPALAYAM",Namakkal,Private,Multi,PVT HOSPITAL,Pvt,1,20-03-2017,2017,A1,False,True,True,False,False,False,True,False,True,True,True,False,False,False,False,True,False,False,True,True,True,True,False,True,True,False,False,True,False,False,False,True,False,False,True,False,False,False,False,True,11.3651259,77.9478492,Exact Hospital
2008,MA,H_22379,"Anbagam Spl Sc fr Met Ret Chd,Autism PerambalurTN.",,Perambalur,Private,Multi,PVT AUTISM,Pvt,10,21-08-2017,2017,,False,False,False,False,False,False,False,False,False,False,False,False,False,False,False,False,False,False,False,False,False,False,False,False,False,False,False,False,False,False,False,False,False,False,False,False,False,False,False,False,11.2902641,78.9300404,District Center
196,MA,H_18258,"Arputhaa Medical Care Hospital, Perambalur TN.","NO 482/2B , VENKATESAPURAM, TRICHY MAIN ROAD, PERAMBALUR. 621212",Perambalur,PVT,Multi,PVT HOSPITAL,Pvt,4,12-04-2017,2017,A3,False,False,False,False,False,False,False,False,False,True,True,True,False,False,False,False,False,False,False,False,False,False,False,False,False,False,False,True,False,False,False,False,False,False,False,False,True,False,False,False,11.2341108,78.877708,Exact Hospital
2070,MA,H_22473,"DEIC, Perambalur TN.",,Perambalur,DEIC,DEIC,DEIC,Govt,0,05-02-2018,2018,,False,False,False,False,False,False,False,False,False,False,False,False,False,False,False,False,False,False,False,False,False,False,False,False,False,False,False,False,False,False,False,False,False,False,False,False,False,False,False,False,11.2902641,78.9300404,District Center
241,MA,H_18294,"Dhanalakshmi Srinivas Hospital,Perambalur TN.","NH-45, Trichy Chennai Highway,",Perambalur,PVT-MC,Multi,PVT HOSPITAL,Pvt,3,04-04-2017,2017,A4,False,True,True,False,True,False,True,True,True,True,True,True,False,True,True,True,False,True,True,True,True,True,True,True,True,True,True,True,False,True,False,True,False,True,True,True,True,True,True,True,11.2902641,78.9300404,District Center
242,MA,H_22577,"Dhanalakshmi Srinivasa Spr Spl Hos, Perambalur TN.","NH-45, Trichy Chennai Highway, Siruvachur, Perambalur",Perambalur,PVT,Multi,PVT HOSPITAL,Pvt,15,05-02-2018,2018,A1,False,True,True,True,False,False,False,False,True,True,True,False,False,False,False,True,False,False,False,True,True,True,False,False,True,False,False,False,True,False,False,False,False,False,True,True,True,False,False,True,11.1907735,78.8690448,Village/Town Center
243,MA,H_25938,"Dhanalakshmi Srinivasan Ins of MedSc,Perambalur TN","Thuraiyur Main Road, Perambalur, Perambalur District",Perambalur,PVT-MC,Multi,PVT HOSPITAL,Pvt,72,17-11-2023,2023,A4,False,True,False,True,True,False,False,False,True,True,True,True,False,False,False,False,False,True,False,True,False,False,False,True,True,False,False,True,True,False,False,False,False,False,False,True,True,False,False,True,11.2356695,78.8688353,Village/Town Center
2069,MA,H_22512,"District Diff.abled welfare office,Perambalur TN.",,Perambalur,DDWO,DDWO,DDWO,Govt,15,05-02-2018,2018,,False,False,False,False,False,False,False,False,False,False,False,False,False,False,False,False,False,False,False,False,False,False,False,False,False,False,False,False,False,False,False,False,False,False,False,False,False,False,False,False,11.2902641,78.9300404,District Center
1572,MA,H_24792,"Govt Ammapalayam UPHC, Perambalur TN.","AMMAPALAYAM BLOCK, PERAMBALUR TALUK & DISTRICT",Perambalur,UPHC,Multi,Govt-MTM,Govt,52,06-09-2021,2021,A1,False,False,False,False,False,False,False,False,False,True,False,False,False,False,False,False,False,False,False,False,True,False,False,False,False,False,False,False,False,False,False,False,False,False,True,False,False,False,False,False,11.2902641,78.9300404,District Center
145,MA,H_25871,"Govt Hospital, Karai, Perambalur TN.",Ariyalur main road alathur thaluk perambalur district ,Perambalur,GOVT-DMS,Multi,GOVT-DMS,Govt,69,12-05-2023,2023,A1,False,True,True,True,True,True,True,True,True,True,True,True,True,True,True,True,True,True,True,True,True,True,True,True,True,True,True,True,True,False,True,True,True,False,True,True,True,True,True,True,11.2902641,78.9300404,District Center
146,MA,H_25872,"Govt Hospital, Krishnapuram, Perambalur TN.","GOVT TALUK HOSPITAL, KRISHNAPURAM.",Perambalur,GOVT-DMS,Multi,GOVT-DMS,Govt,69,12-05-2023,2023,A1,False,True,True,True,True,True,True,True,True,True,True,True,True,True,True,True,True,True,True,True,True,True,True,True,True,True,True,True,True,False,True,True,True,False,True,True,True,True,True,True,11.4261241,78.7200159,Exact Hospital
147,MA,H_25873,"Govt Hospital, Veppur, Perambalur TN.","Government Hospital,Veppur,Perambalur - District",Perambalur,GOVT-DMS,Multi,GOVT-DMS,Govt,69,12-05-2023,2023,A1,False,True,True,True,True,True,True,True,True,True,True,True,True,True,True,True,True,True,True,True,True,True,True,True,True,True,True,True,True,False,True,True,True,False,True,True,True,True,True,True,11.31459,79.064626,Exact Hospital
1571,MA,H_24791,"Govt Kolakkanatham UPHC,Alanthur, Perambalur TN.","KOLAKKANATHAM, ALATHUR BLOCK & TALUK, PERAMBALUR DISTRICT",Perambalur,UPHC,Multi,Govt-MTM,Govt,52,06-09-2021,2021,A1,False,False,False,False,False,False,False,False,False,True,False,False,False,False,False,False,False,False,False,False,True,False,False,False,False,False,False,False,False,False,False,False,False,False,True,False,False,False,False,False,11.2902641,78.9300404,District Center
1574,MA,H_24795,"Govt Labbaikudikadu UPHC,Veppur Perambalur TN.","LABBAIKUDIKADU BLOCK, KUNNAM TALUK, PERAMBALUR DISTRICT",Perambalur,UPHC,Multi,Govt-MTM,Govt,52,06-09-2021,2021,A1,False,False,False,False,False,False,False,False,False,True,False,False,False,False,False,False,False,False,False,False,True,False,False,False,False,False,False,False,False,False,False,False,False,False,True,False,False,False,False,False,11.2902641,78.9300404,District Center
1573,MA,H_24793,"Govt Poolambadi UPHC,Veppanthattai, Perambalur TN.","VALIKANDAPURAM, VEPPANTHATTAI BLOCK & TALUK, PERAMBALUR DISTRICT",Perambalur,UPHC,Multi,Govt-MTM,Govt,52,06-09-2021,2021,A1,False,False,False,False,False,False,False,False,False,True,False,False,False,False,False,False,False,False,False,False,True,False,False,False,False,False,False,False,False,False,False,False,False,False,True,False,False,False,False,False,11.2902641,78.9300404,District Center
38,MA,H_18490,"Govt.Head Quarters Hospital,Perambalur TN.","Govt Head Quarters Hospital,Thuraiyur Road,Perambalur.",Perambalur,GOVT-DMS,Multi,GOVT-DMS,Govt,1,20-03-2017,2017,A1,False,True,True,True,True,True,True,True,True,True,True,True,True,True,True,True,True,True,True,True,True,True,True,True,True,True,True,True,True,False,True,True,True,False,True,True,True,True,True,True,11.1427518,79.0695718,Exact Hospital
343,MA,H_18610,"Lakshmi Nursing Home,Perambalur TN.",7A/ 44-1D MADHANAGOPALAPURAM PERAMBALUR - 621212,Perambalur,PVT,Multi,PVT HOSPITAL,Pvt,4,12-04-2017,2017,A3,False,False,False,False,False,False,True,False,True,True,True,True,False,False,False,False,False,False,False,True,False,False,False,False,True,False,False,False,False,False,False,False,False,False,False,True,False,False,False,False,11.2902641,78.9300404,District Center
381,MA,H_22851,"MG Hospital,Perambalur TN.","2/1215,M.G.R Nagar Road,FourwayRoad,Thuraimangalam, Perambalur -621220",Perambalur,PVT,Multi,PVT HOSPITAL,Pvt,31,13-05-2019,2019,,False,False,False,False,False,False,False,False,False,False,False,False,False,False,False,False,False,False,False,False,False,False,False,False,False,False,False,False,False,False,False,False,False,False,False,False,False,False,False,False,11.2356695,78.8688353,Village/Town Center
399,MA,H_18651,"Niranjan Nursing Home,Perambalur TN.","Niranjan Nursing Home #229-A/19,Mettu St, Renga Nagar, Perambalur TK and Dist.",Perambalur,PVT,Multi,PVT HOSPITAL,Pvt,5,19-04-2017,2017,A3,False,False,False,False,False,False,True,False,True,True,True,False,False,False,False,False,False,False,False,True,False,False,False,False,True,False,False,False,False,False,False,False,False,False,False,False,False,False,False,False,11.2902641,78.9300404,District Center
480,MA,H_18800,"SKS HOSPITAL, PERAMBULUR TN.","NO:61,TRICHY MAIN ROAD,VENGATESAPURAM,PERAMBALUR.PIN CODE:621212.",Perambalur,PVT,Multi,PVT HOSPITAL,Pvt,4,12-04-2017,2017,A3,False,False,False,False,False,False,True,False,True,True,True,True,False,False,False,False,False,False,False,False,False,False,False,False,True,False,False,False,True,False,False,False,False,False,False,True,False,False,False,False,11.2902641,78.9300404,District Center
2009,MA,H_22380,"The Valarpirai Sch fr Spl Chd,Autism,Perambalur TN",,Perambalur,Private,Multi,PVT AUTISM,Pvt,10,21-08-2017,2017,,False,False,False,False,False,False,False,False,False,False,False,False,False,False,False,False,False,False,False,False,False,False,False,False,False,False,False,False,False,False,False,False,False,False,False,False,False,False,False,False,11.2902641,78.9300404,District Center
2173,MA,H_26189,"Arasu scans, Pudukkottai DC.",,Pudukottai,PVT-STANDALONE,DC,DC PVT-STANDALONE,PVT,87,28-05-2025,2025,,False,False,False,False,False,False,False,False,False,False,False,False,False,False,False,False,False,False,False,False,False,False,False,False,False,False,False,False,False,False,False,False,False,False,False,False,False,False,False,False,10.3826515,78.8191259,District Center
254,MA,H_23416,"DR Muthuraja Multi speciality Hospt,Pudukottai TN.","TS:NO 3652 ,WEST 4TH STREET,NEAR SANDHAPETTAI",Pudukottai,Private,Multi,PVT HOSPITAL,Pvt,39,17-09-2020,2020,A3,False,False,False,False,True,False,False,False,False,True,True,True,False,False,False,False,False,False,False,True,False,True,False,False,True,False,True,True,True,False,False,False,False,False,False,True,True,False,True,True,10.3583203,78.7947177,Village/Town Center
107,MA,H_22714,"Govt Hospital Alangudi, Pudukkottai TN.","  Govt Hospital Bharathiar Salai, Alangudi,  PUDUKKOTTAI -   622301",Pudukottai,Sub-district Hospital,Multi,Govt-DMS,Govt,24,08-10-2018,2018,A1,False,True,True,True,True,True,True,True,True,True,True,True,True,True,True,True,True,True,True,True,True,True,True,True,True,True,True,True,True,False,True,True,True,False,True,True,True,True,True,True,10.378673,78.81845,Exact Hospital
42,MA,H_22127,"Govt Hospital Annavasal,Pudukottai TN.","VIRALIMALAI ROAD, ANNAVASAL",Pudukottai,Sub-district Hospital,Multi,Govt-DMS,Govt,6,15-05-2017,2017,A1,False,True,True,True,True,True,True,True,True,True,True,True,True,True,True,True,True,True,True,True,True,True,True,True,True,True,True,True,True,False,True,True,True,False,True,True,True,True,True,True,10.3826515,78.8191259,District Center
114,MA,H_23002,"Govt Hospital Avudayar Kovil, Pudhukottai TN.","Avudaiyarkoil-Mimisal Rd, Avudaiyarkoil, Pudhukottai- 614618",Pudukottai,Sub-district Hospital,Multi,Govt-DMS,Govt,33,07-11-2019,2019,A1,False,True,True,True,True,True,True,True,True,True,True,True,True,True,True,True,True,True,True,True,True,True,True,True,True,True,True,True,True,False,True,True,True,False,True,True,True,True,True,True,10.3826515,78.8191259,District Center
43,MA,H_22126,"Govt Hospital Gandarvakottai,Pudukottai TN.","OPPOSITE POLICE STATION, GANDARVAKOTTAI, PUDUKKOTTAI(DT).",Pudukottai,Sub-district Hospital,Multi,Govt-DMS,Govt,6,15-05-2017,2017,A1,False,True,True,True,True,True,True,True,True,True,True,True,True,True,True,True,True,True,True,True,True,True,True,True,True,True,True,True,True,False,True,True,True,False,True,True,True,True,True,True,10.3826515,78.8191259,District Center
105,MA,H_22651,"Govt Hospital illuppur, Pudukkottai,TN",Medical officer Govt Hospital Illuppur Pudukkotai -622001,Pudukottai,Sub-district Hospital,Multi,Govt-DMS,Govt,19,21-06-2018,2018,A1,False,True,True,True,True,True,True,True,True,True,True,True,True,True,True,True,True,True,True,True,True,True,True,True,True,True,True,True,True,False,True,True,True,False,True,True,True,True,True,True,10.5117513,78.6239325,Hospital in TN
115,MA,H_23003,"Govt Hospital Karambakudi, Pudhukottai TN.","BUNGALOW KULAM STREET,KARAMBAKUDI,PUDUKKOTTAI-601302",Pudukottai,Sub-district Hospital,Multi,Govt-DMS,Govt,33,07-11-2019,2019,A1,False,True,True,True,True,True,True,True,True,True,True,True,True,True,True,True,True,True,True,True,True,True,True,True,True,True,True,True,True,False,True,True,True,False,True,True,True,True,True,True,10.3826515,78.8191259,District Center
113,MA,H_23001,"Govt Hospital Keeranur ,Pudhukottai TN.","OVK Nagar, Keeranur,  Pudhukottai- 622502",Pudukottai,Sub-district Hospital,Multi,Govt-DMS,Govt,33,07-11-2019,2019,A1,False,True,True,True,True,True,True,True,True,True,True,True,True,True,True,True,True,True,True,True,True,True,True,True,True,True,True,True,True,False,True,True,True,False,True,True,True,True,True,True,10.3826515,78.8191259,District Center
106,MA,H_22695,"Govt Hospital Manamelkudi,Pudukottai TN.",Medical Officer Government Hospital EC Road Manamelkudi Pudukkottai-DT-614620,Pudukottai,Sub-district Hospital,Multi,Govt-DMS,Govt,22,06-08-2018,2018,A1,False,True,True,True,True,True,True,True,True,True,True,True,True,True,True,True,True,True,True,True,True,True,True,True,True,True,True,True,True,False,True,True,True,False,True,True,True,True,True,True,10.3826515,78.8191259,District Center
112,MA,H_23000,"Govt Hospital Valayapatti, Pudhukottai TN.","government hospital, market road, karambagudi, pudukkottai district",Pudukottai,Sub-district Hospital,Multi,Govt-DMS,Govt,33,07-11-2019,2019,A1,False,True,True,True,True,True,True,True,True,True,True,True,True,True,True,True,True,True,True,True,True,True,True,True,True,True,True,True,True,False,True,True,True,False,True,True,True,True,True,True,10.3826515,78.8191259,District Center
104,MA,H_22600,"Govt Hospital Viralimalai, Pudukkotai TN.","Dindugal Main Road viralimali, Pudukkotai",Pudukottai,Sub-district Hospital,Multi,Govt-DMS,Govt,16,14-03-2018,2018,A1,False,True,True,True,True,True,True,True,True,True,True,True,True,True,True,True,True,True,True,True,True,True,True,True,True,True,True,True,True,False,True,True,True,False,True,True,True,True,True,True,10.3826515,78.8191259,District Center
41,MA,H_19088,"Govt Hospital,Thirumayam,Pudukottai,TN","NEAR BUS STAND, THIRUMAYAM, PUDUKKOTTAI(DT)",Pudukottai,Sub-district Hospital,Multi,Govt-DMS,Govt,1,20-03-2017,2017,A1,False,True,True,True,True,True,True,True,True,True,True,True,True,True,True,True,True,True,True,True,True,True,True,True,True,True,True,True,True,False,True,True,True,False,True,True,True,True,True,True,10.2449424,78.7463884,Village/Town Center
2073,MA,H_22490,"Govt Pudukottai MCH DEIC, Pudukottai TN.",,Pudukottai,DEIC,DEIC,DEIC,Govt,0,14-02-2018,2018,,False,False,False,False,False,False,False,False,False,False,False,False,False,False,False,False,False,False,False,False,False,False,False,False,False,False,False,False,False,False,False,False,False,False,False,False,False,False,False,False,10.3826515,78.8191259,District Center
148,MA,H_25855,"Govt Subramaniyapuram Hospital, Pudukottai TN.","Aranthangi (T.K),Pudukkottai (D.T),Pincode- 614 805",Pudukottai,Sub-district Hospital,Multi,Govt-DMS,Govt,69,12-05-2023,2023,A1,False,True,True,True,True,True,True,True,True,True,True,True,True,True,True,True,True,True,True,True,True,True,True,True,True,True,True,True,True,False,True,True,True,False,True,True,True,True,True,True,10.3826515,78.8191259,District Center
2072,MA,H_22531,"Govt.DDWO,Pudukottai TN.",,Pudukottai,DDWO,DDWO,DDWO,Govt,0,22-02-2018,2018,,False,False,False,False,False,False,False,False,False,False,False,False,False,False,False,False,False,False,False,False,False,False,False,False,False,False,False,False,False,False,False,False,False,False,False,False,False,False,False,False,10.3826515,78.8191259,District Center
40,MA,H_19087,"Govt.Head Quarters,Arranthangi,Pudukottai TN.","PATTUKOTTAI ROAD, ARANTHANGI, PUDUKKOTTAI(DT)",Pudukottai,District Hospital,Multi,Govt-DMS,Govt,1,20-03-2017,2017,A1,False,True,True,True,True,True,True,True,True,True,True,True,True,True,True,True,True,True,True,True,True,True,True,True,True,True,True,True,True,False,True,True,True,False,True,True,True,True,True,True,10.3678711,78.834706,Village/Town Center
1531,MA,H_24643,"GUPHC, Adhanakottai, Pudukottai TN.","Block Medical Officer,Primary Health Centre,Adhanakkottai, Pudukottai block, Pudukkottai dt, Tamil Nadu-622203
",Pudukottai,PHC,Multi,Govt-MTM,Govt,51,19-08-2021,2021,A1,False,False,False,False,False,False,False,False,False,True,False,False,False,False,False,False,False,False,False,False,True,False,False,False,False,False,False,False,False,False,False,False,False,False,True,False,False,False,False,False,10.3826515,78.8191259,District Center
1528,MA,H_24637,"GUPHC, Annavasal, Parambur, Pudukottai TN. ","Block Medical Officer, Primary Health Centre, Parambur, Annavasal Block, Pudukkottai Dt, Tamil Nadu-621316
",Pudukottai,PHC,Multi,Govt-MTM,Govt,51,19-08-2021,2021,A1,False,False,False,False,False,False,False,False,False,True,False,False,False,False,False,False,False,False,False,False,True,False,False,False,False,False,False,False,False,False,False,False,False,False,True,False,False,False,False,False,10.3826515,78.8191259,District Center
1524,MA,H_24632,"GUPHC, Aranthangi, Nagudi, Pudukottai TN.","PHC, Nagudi, Aranthangi",Pudukottai,PHC,Multi,Govt-MTM,Govt,51,19-08-2021,2021,A1,False,False,False,False,False,False,False,False,False,True,False,False,False,False,False,False,False,False,False,False,True,False,False,False,False,False,False,False,False,False,False,False,False,False,True,False,False,False,False,False,10.3826515,78.8191259,District Center
1529,MA,H_24640,"GUPHC, Arimalam, Pudukottai TN. ","Block Medical Officer, Primary Health Centre, Kadiyapatti, Arimalam Block, Pudukkottai Dt, Tamil Nadu-622505
",Pudukottai,PHC,Multi,Govt-MTM,Govt,51,19-08-2021,2021,A1,False,False,False,False,False,False,False,False,False,True,False,False,False,False,False,False,False,False,False,False,True,False,False,False,False,False,False,False,False,False,False,False,False,False,True,False,False,False,False,False,10.3826515,78.8191259,District Center
1526,MA,H_24635,"GUPHC, Avudayarkoil, Ponbethi, Pudukottai TN. ","PHC Ponbethi, Avudaiyarkovil Taluk, Pudukkottai - Dt",Pudukottai,PHC,Multi,Govt-MTM,Govt,51,19-08-2021,2021,A1,False,False,False,False,False,False,False,False,False,True,False,False,False,False,False,False,False,False,False,False,True,False,False,False,False,False,False,False,False,False,False,False,False,False,True,False,False,False,False,False,10.3826515,78.8191259,District Center
1527,MA,H_24636,"GUPHC, Gandarvakottai, Pudhunagar, Pudukottai TN.","PHC Pudunagar, Gandarvakottai Taluk, Pudukkottai - Dt. ",Pudukottai,PHC,Multi,Govt-MTM,Govt,51,19-08-2021,2021,A1,False,False,False,False,False,False,False,False,False,True,False,False,False,False,False,False,False,False,False,False,True,False,False,False,False,False,False,False,False,False,False,False,False,False,True,False,False,False,False,False,10.3826515,78.8191259,District Center
1525,MA,H_24633,"GUPHC, Karamabakudi, Pudukottai TN.","PHC Malaiyur, karambakudi Taluk, Pudukkottai- Dt.",Pudukottai,PHC,Multi,Govt-MTM,Govt,51,19-08-2021,2021,A1,False,False,False,False,False,False,False,False,False,True,False,False,False,False,False,False,False,False,False,False,True,False,False,False,False,False,False,False,False,False,False,False,False,False,True,False,False,False,False,False,10.3826515,78.8191259,District Center
1530,MA,H_24642,"GUPHC, Kunnandarkovil, Andakulam, Pudukottai TN. ","Block Medical Officer, Primary Health Centre, Andakkulam, Kunnandarkoil block, Pudukkottai Dt,Tamil Nadu-622203
",Pudukottai,PHC,Multi,Govt-MTM,Govt,51,19-08-2021,2021,A1,False,False,False,False,False,False,False,False,False,True,False,False,False,False,False,False,False,False,False,False,True,False,False,False,False,False,False,False,False,False,False,False,False,False,True,False,False,False,False,False,10.3826515,78.8191259,District Center
1532,MA,H_24645,"GUPHC, Thirumayam, Nachandupatti, Pudukottai TN.","Block Medical Officer, Primary Health Centre,Natchandupatti, Thirumayam Block, Pudukkottai Dt, Tamil Nadu-622404
",Pudukottai,PHC,Multi,Govt-MTM,Govt,51,19-08-2021,2021,A1,False,False,False,False,False,False,False,False,False,True,False,False,False,False,False,False,False,False,False,False,True,False,False,False,False,False,False,False,False,False,False,False,False,False,True,False,False,False,False,False,10.3826515,78.8191259,District Center
1533,MA,H_24646,"GUPHC, Viralimalai, Neerpalani, Pudukottai TN.","Block Medical Officer,Government Hospital, viralimalai,Viralimalai block, Pudukkottai dt, Tamil Nadu-621316
",Pudukottai,PHC,Multi,Govt-MTM,Govt,51,19-08-2021,2021,A1,False,False,False,False,False,False,False,False,False,True,False,False,False,False,False,False,False,False,False,False,True,False,False,False,False,False,False,False,False,False,False,False,False,False,True,False,False,False,False,False,10.3826515,78.8191259,District Center
1607,MA,H_24926,"GUPHC,Manamelkudi,Aranthagi,Pudukottai,TN.","PHC Singavanam, Manamelkudi Taluk, Pudukkottai - Dt",Pudukottai,PHC,Multi,Govt-MTM,Govt,54,22-10-2021,2021,A1,False,False,False,False,False,False,False,False,False,False,False,False,False,False,False,False,False,False,False,False,True,False,False,False,False,False,False,False,False,False,False,False,False,False,True,False,False,False,False,False,10.3826515,78.8191259,District Center
1534,MA,H_24650,"GUPHC,Ponnamaravathi,Karaiyur,Pudukottai TN.","Block Medical Officer, Primary Health Centre, Karaiyur, Ponnamaravathy Block, Pudukottai Dt, Tamil Nadu-622002
",Pudukottai,PHC,Multi,Govt-MTM,Govt,51,19-08-2021,2021,A1,False,False,False,False,False,False,False,False,False,True,False,False,False,False,False,False,False,False,False,False,True,False,False,False,False,False,False,False,False,False,False,False,False,False,True,False,False,False,False,False,10.3826515,78.8191259,District Center
1608,MA,H_24954,"GUPHC,Tiruvarankulam,Keeramangalam,Pudukottai TN.","PHC Thiruvarankulam, Alangudi Taluk, Pudukkottai - Dt",Pudukottai,PHC,Multi,Govt-MTM,Govt,55,12-11-2021,2021,A1,False,False,False,False,False,False,False,False,False,True,False,False,False,False,False,False,False,False,False,False,True,False,False,False,False,False,False,False,False,False,False,False,False,False,True,False,False,False,False,False,10.3603703,78.9778724,Village/Town Center
1609,MA,H_24955,"GUPHC,Tiruvarankulam,Vadakadu,Pudukottai,TN.","PHC, Vadakadu",Pudukottai,PHC,Multi,Govt-MTM,Govt,55,12-11-2021,2021,A1,False,False,False,False,False,False,False,False,False,True,False,False,False,False,False,False,False,False,False,False,True,False,False,False,False,False,False,False,False,False,False,False,False,False,True,False,False,False,False,False,10.3877155,78.8304902,Village/Town Center
349,MA,H_18363,"M Malar Hospital,Pudukottai TN.","T.S.No.5590, South 4th street, Govt Hospital North Road, Pudukottai.",Pudukottai,Private,Multi,PVT HOSPITAL,Pvt,4,12-04-2017,2017,A4,False,True,True,False,True,False,True,False,False,True,True,True,False,False,False,True,False,False,False,True,True,False,False,False,True,False,False,True,False,False,False,False,False,False,True,False,True,False,False,True,10.4081384,78.8467233,Village/Town Center
362,MA,H_21523,"Manimegalai Medical Centre, Pudukottai TN.","T.S No: 1900, South main street, Pudukkottai",Pudukottai,Private,Multi,PVT HOSPITAL,Pvt,1,20-03-2017,2017,A4,False,False,False,False,False,False,True,False,True,True,True,True,False,False,True,False,False,False,False,True,False,False,False,False,True,False,False,False,False,False,False,False,False,False,True,False,False,False,True,False,10.387148,78.8144776,Exact Hospital
388,MA,H_22337,"Muthu Meenakshi Hospitals, Pudukottai TN.","No 5542, South 4th Street, Pudukkottai",Pudukottai,Private,Multi,PVT HOSPITAL,Pvt,9,18-07-2017,2017,A1,False,True,True,False,False,False,True,True,True,True,True,True,False,False,True,True,False,True,True,True,False,True,False,False,True,True,False,True,True,False,False,True,False,False,True,True,True,False,True,True,10.3793683,78.8217657,Exact Hospital
2071,MA,H_22696,"Pudugai MRI Centre ,Pudukottai DC",,Pudukottai,Private,PVT-STANDALONE,DC PVT-STANDALONE,Pvt,22,06-08-2018,2018,,False,False,False,False,False,False,False,False,False,False,False,False,False,False,False,False,False,False,False,False,False,False,False,False,False,False,False,False,False,False,False,False,False,False,False,False,False,False,False,False,10.3826515,78.8191259,District Center
2010,MA,H_22371,"PUDUGAI RADIO DIAG HITECH SCAN CTR, Pudukottai DC.",,Pudukottai,Private,PVT-STANDALONE,DC PVT-STANDALONE,Pvt,10,21-08-2017,2017,,False,False,False,False,False,False,False,False,False,False,False,False,False,False,False,False,False,False,False,False,False,False,False,False,False,False,False,False,False,False,False,False,False,False,False,False,False,False,False,False,10.3826515,78.8191259,District Center
422,MA,H_23482,"PUDUGAI STAR HOSPITAL,PUDUKOTTAI,TN.","NO:50/51 RAMACHANDRA NAGAR, ALANGUDI RD PUDUKOTTAI-",Pudukottai,Private,Multi,PVT HOSPITAL,Pvt,40,06-10-2020,2020,A6,False,False,False,False,False,False,False,False,False,True,False,True,False,False,False,False,False,False,False,True,False,False,False,False,True,False,False,False,False,False,False,True,False,False,False,False,False,False,False,False,10.3826515,78.8191259,District Center
39,MA,H_25085,"Pudukottai Medical College Hosp,Pudukottai TN.","GOVT MEDICAL COLLEGE & HOSPITAL,  PUDUKKOTTAI TK,PUDUKKOTTAI (DT)",Pudukottai,Medical College Hospital ,Multi,Govt-DME,Govt,1,20-03-2017,2017,A1,False,True,True,True,True,True,True,True,True,True,True,True,True,True,True,True,True,True,True,True,True,True,True,True,True,True,True,True,True,False,True,True,True,False,True,True,True,True,True,True,10.3826515,78.8191259,District Center
486,MA,H_19049,"Sree Meenakshi Polyclinic, Pudukottai TN.","5215 Sourth 4th Street, Pudukkottai",Pudukottai,Private,Multi,PVT HOSPITAL,Pvt,4,12-04-2017,2017,A3,False,False,False,False,True,False,True,False,False,True,True,True,False,False,False,False,False,False,False,True,False,False,False,False,True,False,False,False,False,False,False,False,False,False,True,True,True,False,False,True,10.3826515,78.8191259,District Center
488,MA,H_22034,"Sree Vijay Hosptials,Pudukottai,TN.","No:64/3B East Coast Road, Manamelkudi, Manamelkudi-TK Pudukkottai-DT",Pudukottai,Private,Multi,PVT HOSPITAL,Pvt,2,27-03-2017,2017,A3,False,False,False,False,False,False,True,False,False,True,True,True,False,False,False,False,False,False,False,False,False,False,False,False,True,False,False,False,False,False,False,True,False,False,True,False,True,False,False,True,10.3826515,78.8191259,District Center
491,MA,H_18239,"Sri Durga Surg Clinic,Pudukottai TN.","Thiruppathur Road, Ponnamaravathi",Pudukottai,Private,Multi,PVT HOSPITAL,Pvt,4,12-04-2017,2017,A4,False,False,True,False,True,False,True,False,True,True,True,True,False,False,False,False,False,True,False,True,True,False,False,True,True,False,False,True,True,False,False,True,True,False,True,False,True,False,False,True,10.3826515,78.8191259,District Center
497,MA,H_22749,"Sri Krishna Eye Hospital, Pudukottai TN.","T.s.No:5594/1,South 4TH Street, Pudukkottai-622001",Pudukottai,Private,Single,PVT HOSPITAL,Pvt,26,06-12-2018,2018,S2,False,False,False,False,False,False,False,False,False,False,False,False,False,False,False,False,False,False,False,False,False,False,False,True,False,False,False,False,False,False,False,False,False,False,False,False,False,False,False,False,10.3799051,78.819032,Exact Hospital
545,MA,H_22120,"Team Speciality Hospital,Pudukottai TN.","No.10, Sathiyamoorthy Road, Opp.New Bus Stand, Pudukottai.",Pudukottai,Private,Multi,PVT HOSPITAL,Pvt,6,15-05-2017,2017,A6,False,False,False,False,False,False,True,False,True,True,True,True,False,False,True,False,False,False,False,False,False,False,False,False,False,False,False,False,False,False,False,True,False,False,False,False,False,False,False,False,10.3788247,78.8134383,Exact Hospital
979,Vidal,H_22854,"Aasi Multispeciality Hosp, Ramanathapuram, TN.","No-6/115,D-Block(Opposite, RTO Office), Rameshwaram Road, Ramanathapuram",Ramanathapuram,Private,Multi,PVT HOSPITAL,Pvt,31,13-05-2019,2019,A6,False,False,False,False,False,False,False,False,True,True,True,False,False,False,False,False,False,False,False,True,False,False,False,False,True,False,False,False,False,False,False,True,False,False,False,False,False,False,False,False,9.2857884,79.2646449,Village/Town Center
980,Vidal,H_22726,"Arogya hospital, Ramanathapuram TN.","6/2 , Devipattinam Road, Kenikarai,Ramanathapuram -623501",Ramanathapuram,Private,Multi,PVT HOSPITAL,Pvt,25,26-10-2018,2018,A6,False,False,False,False,False,False,True,False,True,True,False,False,False,False,True,False,False,False,False,True,False,False,False,False,False,False,False,False,True,False,False,True,False,False,False,False,False,True,False,False,9.371553,78.838873,Exact Hospital
1061,Vidal,H_26338,"AVK Hospital, Ramanathapuram, TN."," 10/10A,NARIKUDI VILLAGE,THONDI TOWN PANCHAYAT,THIRUVADANAI TALUK,RAMANATHAPURAM DISTRICT.",Ramanathapuram,Private,Multi,PVT HOSPITAL,Pvt,92,26-11-2025,2025,A6,False,False,False,False,False,False,False,False,True,True,False,False,False,False,False,False,False,False,False,False,False,False,False,False,False,False,False,False,False,False,False,False,False,False,False,False,False,False,False,False,9.5205576,78.5184635,District Center
707,Vidal,H_25877,"Govt Ervadi Taluk Hospital, Ramanathapuram TN.","Ramanathapuram Rd, Idhambadal, Ervadi - 623566",Ramanathapuram,Sub-district Hospital,Multi,Govt-DMS,Govt,69,12-05-2023,2023,A1,False,True,True,True,True,True,True,True,True,True,True,True,True,True,True,True,True,True,True,True,True,True,True,True,True,True,True,True,True,False,True,True,True,False,True,True,True,True,True,True,9.2090426,78.7101139,Village/Town Center
622,Vidal,H_19719,"Govt Hospital Kamudhi,Ramanathapuram TN.","ARUPPUKOTTAI MAIN ROAD,KAMUTHI",Ramanathapuram,Sub-district Hospital,Multi,Govt-DMS,Govt,1,20-03-2017,2017,A1,False,True,True,True,True,True,True,True,True,True,True,True,True,True,True,True,True,True,True,True,True,True,True,True,True,True,True,True,True,False,True,True,True,False,True,True,True,True,True,True,9.4158759,78.3659616,Exact Hospital
623,Vidal,H_19720,"Govt Hospital Keelakkarai,Ramanathapuram TN.",Govt Hospital Vallal Seethakathi Salai Kilakarai ,Ramanathapuram,Sub-district Hospital,Multi,Govt-DMS,Govt,1,20-03-2017,2017,A1,False,True,True,True,True,True,True,True,True,True,True,True,True,True,True,True,True,True,True,True,True,True,True,True,True,True,True,True,True,False,True,True,True,False,True,True,True,True,True,True,9.2346623,78.7860322,Exact Hospital
624,Vidal,H_20034,"Govt Hospital,Mudukalathur,Ramanthapuram TN.","Govt.Hospital,  Near bus stand, Pmk Road, Mudukulathur",Ramanathapuram,Sub-district Hospital,Multi,Govt-DMS,Govt,1,20-03-2017,2017,A1,False,True,True,True,True,True,True,True,True,True,True,True,True,True,True,True,True,True,True,True,True,True,True,True,True,True,True,True,True,False,True,True,True,False,True,True,True,True,True,True,9.5393865,78.5907211,Village/Town Center
629,Vidal,H_20712,"Govt Hospital,Parthibanur,Ramanathapuram,TN.",Parthibanur,Ramanathapuram,PHC,Multi,Govt - PHC,Govt,1,20-03-2017,2017,A1,False,True,True,True,True,True,True,True,True,True,True,True,True,True,True,True,True,True,True,True,True,True,True,True,True,True,True,True,True,False,True,True,True,False,True,True,True,True,True,True,9.4158759,78.3659616,Exact Hospital
625,Vidal,H_20036,"Govt Hospital,Rameshwaram,Ramanathapuram TN."," 6 LINE STREET,RAILWAY FEEDER ROAD,RAMESWARAM",Ramanathapuram,Sub-district Hospital,Multi,Govt-DMS,Govt,1,20-03-2017,2017,A1,False,True,True,True,True,True,True,True,True,True,True,True,True,True,True,True,True,True,True,True,True,True,True,True,True,True,True,True,True,False,True,True,True,False,True,True,True,True,True,True,9.2871911,79.3104069,Exact Hospital
626,Vidal,H_20035,"Govt Hospital,Thiruvadanai,Ramanthapuram TN.","Govt.Taluk Hospital,Taluk office(opp)Madurai-Thondi Road",Ramanathapuram,Sub-district Hospital,Multi,Govt-DMS,Govt,1,20-03-2017,2017,A1,False,True,True,True,True,True,True,True,True,True,True,True,True,True,True,True,True,True,True,True,True,True,True,True,True,True,True,True,True,False,True,True,True,False,True,True,True,True,True,True,9.5205576,78.5184635,District Center
630,Vidal,H_20711,"Govt Hospital,Uchipuli, Ramanathapuram TN.",GPHC UCHIPULI .RAMNAD DIST,Ramanathapuram,PHC,Multi,Govt - PHC,Govt,1,20-03-2017,2017,A1,False,True,True,True,True,True,True,True,True,True,True,True,True,True,True,True,True,True,True,True,True,True,True,True,True,True,True,True,True,False,True,True,True,False,True,True,True,True,True,True,9.274733,79.136718,Exact Hospital
704,Vidal,H_25870,"Govt Kadaladi Taluk Hospital, Ramanathapuram TN.","Sayalgudi Road,Kadaladi - 623703",Ramanathapuram,Sub-district Hospital,Multi,Govt-DMS,Govt,69,12-05-2023,2023,A1,False,True,True,True,True,True,True,True,True,True,True,True,True,True,True,True,True,True,True,True,True,True,True,True,True,True,True,True,True,False,True,True,True,False,True,True,True,True,True,True,9.2225484,78.4964776,Village/Town Center
706,Vidal,H_25876,"Govt Mandabam Taluk Hospital, Ramanathapuram TN.","Mandapam Camp, Kundannoor Willington Island Road, Mandapam,Ramanathapuram - 623518",Ramanathapuram,Sub-district Hospital,Multi,Govt-DMS,Govt,69,12-05-2023,2023,A1,False,True,True,True,True,True,True,True,True,True,True,True,True,True,True,True,True,True,True,True,True,True,True,True,True,True,True,True,True,False,True,True,True,False,True,True,True,True,True,True,9.3588632,78.8375276,Village/Town Center
705,Vidal,H_25875,"Govt Panaikulam Taluk Hospital, Ramanathapuram TN.","Pudhuvalasai Main Rd, Krishnapuram, Panaikulam,Ramanathapuram - 623522",Ramanathapuram,Sub-district Hospital,Multi,Govt-DMS,Govt,69,12-05-2023,2023,A1,False,True,True,True,True,True,True,True,True,True,True,True,True,True,True,True,True,True,True,True,True,True,True,True,True,True,True,True,True,False,True,True,True,False,True,True,True,True,True,True,9.3588632,78.8375276,Village/Town Center
1940,Vidal,H_22522,"Govt.DDWO,Ramanathapuram TN.",,Ramanathapuram,DDWO,DDWO,DDWO,Govt,0,22-02-2018,2018,,False,False,False,False,False,False,False,False,False,False,False,False,False,False,False,False,False,False,False,False,False,False,False,False,False,False,False,False,False,False,False,False,False,False,False,False,False,False,False,False,9.5205576,78.5184635,District Center
627,Vidal,H_18498,"Govt.Head Qrtrs Hosp Paramakudi,Ramanathpuram TN.","Govt.Hospital,Kattu Paramakudi,Paramakudi.",Ramanathapuram,District Hospital,Multi,Govt-DMS,Govt,1,20-03-2017,2017,A1,False,True,True,True,True,True,True,True,True,True,True,True,True,True,True,True,True,True,True,True,True,True,True,True,True,True,True,True,True,False,True,True,True,False,True,True,True,True,True,True,9.5205576,78.5184635,District Center
1939,Vidal,H_22481,"Govt.Head Quarters Hospital,DEIC, Ramanatha TN. ",,RAMANATHAPURAM,DEIC,DEIC,DEIC,Govt,0,14-02-2018,2018,,False,False,False,False,False,False,False,False,False,False,False,False,False,False,False,False,False,False,False,False,False,False,False,False,False,False,False,False,False,False,False,False,False,False,False,False,False,False,False,False,9.5205576,78.5184635,District Center
628,Vidal,H_18495,"Govt.Ramanathapuram Medical college,Ramanad TN.","Maharaja Silks Opposite,Ramanathapuram",Ramanathapuram,Medical College Hospital ,Multi,Govt-DME,Govt,1,20-03-2017,2017,A1,False,True,True,True,True,True,True,True,True,True,True,True,True,True,True,True,True,True,True,True,True,True,True,True,True,True,True,True,True,False,True,True,True,False,True,True,True,True,True,True,9.5205576,78.5184635,District Center
1742,Vidal,H_24469,"Govt.Upgraded PHC, Devipattinam,Ramanathapuram TN.","Upgraded PHC,ECR Road,Devipattinam",Ramanathapuram ,UPHC,Multi,Govt-MTM,Govt,51,19-08-2021,2021,A1,False,False,False,False,False,False,False,False,False,False,False,False,False,False,False,False,False,False,False,False,False,True,False,False,False,False,False,False,False,False,False,False,False,False,True,False,False,False,False,False,9.9211743,79.1419992,Village/Town Center
1740,Vidal,H_24466,"Govt.Upgraded PHC, Mandapam, Ramanathapuram TN.","Upgraded PHC,Rameshwaram Main Road,Mandapam",Ramanathapuram ,UPHC,Multi,Govt-MTM,Govt,51,19-08-2021,2021,A1,False,False,False,False,False,False,False,False,False,False,False,False,False,False,False,False,False,False,False,False,False,True,False,False,False,False,False,False,False,False,False,False,False,False,True,False,False,False,False,False,9.5205576,78.5184635,District Center
1741,Vidal,H_24468,"Govt.Upgraded PHC, Thondi, Ramanathapuram TN. ","Upgraded PHC, Thondi",Ramanathapuram ,UPHC,Multi,Govt-MTM,Govt,51,19-08-2021,2021,A1,False,False,False,False,False,False,False,False,False,False,False,False,False,False,False,False,False,False,False,False,False,True,False,False,False,False,False,False,False,False,False,False,False,False,True,False,False,False,False,False,9.5205576,78.5184635,District Center
631,Vidal,H_20071,"Govt.Upgraded PHC,Sayalkudi,Paramakudi,Ramnad TN.","Govt. Upgraded PHC, Near Bus Stand, Sayalkudi",Ramanathapuram,PHC,Multi,Govt - PHC,Govt,1,20-03-2017,2017,A1,False,True,True,True,True,True,True,True,True,True,True,True,True,True,True,True,True,True,True,True,True,True,True,True,True,True,True,True,True,False,True,True,True,False,True,True,True,True,True,True,9.5205576,78.5184635,District Center
1745,Vidal,H_24753,"GUPHC, Bogalur, Ramanathapuram TN.","GPHC, Madurai Main Road, Sathirakudi, Ramanathapuram Dist",Ramanathapuram ,UPHC,Multi,Govt-MTM,Govt,52,06-09-2021,2021,A1,False,False,False,False,False,False,False,False,False,False,False,False,False,False,False,False,False,False,False,False,False,True,False,False,False,False,False,False,False,False,False,False,False,False,True,False,False,False,False,False,9.4022374,78.7065925,Village/Town Center
1746,Vidal,H_24754,"GUPHC, Kamuthi, Peraiyur, Ramanathapuram TN.","GPHC, Peraiyur, Kamuthi Tk, Ramanathapuram Dist",Ramanathapuram ,UPHC,Multi,Govt-MTM,Govt,52,06-09-2021,2021,A1,False,False,False,False,False,False,False,False,False,False,False,False,False,False,False,False,False,False,False,False,False,True,False,False,False,False,False,False,False,False,False,False,False,False,True,False,False,False,False,False,9.5205576,78.5184635,District Center
1743,Vidal,H_24751,"GUPHC, Paramakudi, Nainarkoil, Ramanathapuram TN.","GPHC, Paramakudi Main Road, Nainarkoil, Ramanathapuram Dist",Ramanathapuram ,UPHC,Multi,Govt-MTM,Govt,52,06-09-2021,2021,A1,False,False,False,False,False,False,False,False,False,False,False,False,False,False,False,False,False,False,False,False,False,True,False,False,False,False,False,False,False,False,False,False,False,False,True,False,False,False,False,False,9.4246634,78.7873219,Village/Town Center
1750,Vidal,H_24989,"GUPHC,Erwadi,Kadaladi,Paramakudi,TN","GPHC, Tuticorin ECR, Ervadi, Ramanathapuram Dist ",Ramanathapuram ,UGPHC,Multi,Govt-MTM,Govt,55,12-11-2021,2021,A1,False,False,False,False,False,False,False,False,False,False,False,False,False,False,False,False,False,False,False,False,False,True,False,False,False,False,False,False,False,False,False,False,False,False,True,False,False,False,False,False,9.2090426,78.7101139,Village/Town Center
1747,Vidal,H_24755,"GUPHC,Mudukulathur,Keelathooval,Ramanathapuram TN. ","GPHC, Paramakudi Main Road, Keelathooval, Ramanathapuram Dist",Ramanathapuram ,UPHC,Multi,Govt-MTM,Govt,52,06-09-2021,2021,A1,False,False,False,False,False,False,False,False,False,False,False,False,False,False,False,False,False,False,False,False,False,True,False,False,False,False,False,False,False,False,False,False,False,False,True,False,False,False,False,False,9.4192489,78.5509953,Village/Town Center
1749,Vidal,H_24918,"GUPHC,Parthibanur,Paramakudi,Ramnathapuram TN.","GPHC, Kamuthi Main Road, Parthibanur, Ramanathapuram Dist",Ramanathapuram ,UPHC,Multi,Govt-MTM,Govt,52,06-09-2021,2021,A1,False,False,False,False,False,False,False,False,False,False,False,False,False,False,False,False,False,False,False,False,False,True,False,False,False,False,False,False,False,False,False,False,False,False,True,False,False,False,False,False,9.5917665,78.4797888,Village/Town Center
1751,Vidal,H_24991,"GUPHC,Periyapattinam,Thiruppullani,Ramnad,TN","GPHC, Periyapattinam, Ramanathapuram Dist",Ramanathapuram ,CHC/ UGPHC,Multi,Govt-MTM,Govt,55,12-11-2021,2021,A1,False,False,False,False,False,False,False,False,False,False,False,False,False,False,False,False,False,False,False,False,False,True,False,False,False,False,False,False,False,False,False,False,False,False,True,False,False,False,False,False,9.3003944,78.9233482,Village/Town Center
1744,Vidal,H_24752,"GUPHC,RS Mangalam,Thiruvadanai,Ramanathapuram TN. ","GPHC, Main Road, RS Mangalam, Thiruvadanai Tk, Ramanathapuram Dist",Ramanathapuram ,UPHC,Multi,Govt-MTM,Govt,52,06-09-2021,2021,A1,False,False,False,False,False,False,False,False,False,False,False,False,False,False,False,False,False,False,False,False,False,True,False,False,False,False,False,False,False,False,False,False,False,False,True,False,False,False,False,False,9.5205576,78.5184635,District Center
1748,Vidal,H_24910,"GUPHC,Sayalkudi,Kadaladi,Ramnathapuram,TN.","GPHC, Near Bus Stand, Sayalkudi, Kadaladi Taluk, Ramanathapuram Dist",Ramanathapuram ,UPHC,Multi,Govt-MTM,Govt,52,06-09-2021,2021,A1,False,False,False,False,False,False,False,False,False,False,False,False,False,False,False,False,False,False,False,False,False,True,False,False,False,False,False,False,False,False,False,False,False,False,True,False,False,False,False,False,9.5205576,78.5184635,District Center
981,Vidal,H_24017,"Jeevan Hospital,Ramanathapuram TN.","2/263,PANDIYAN STREET,SUB REGISTRAR OFFICE OPP,PARAMAKUDI,RAMANATHAPURAM.",Ramanathapuram,Private,Multi,PVT HOSPITAL,Pvt,53,18-09-2021,2020,A6,False,False,False,False,False,False,False,False,False,False,False,False,False,False,False,False,False,False,False,True,False,False,False,False,False,False,False,False,False,False,False,False,False,False,False,False,False,False,False,False,9.5509585,78.5872413,Exact Hospital
982,Vidal,H_18253,"Kanagamani Hospital, Ramanathapuram TN.",58 GH_ROAD RAMANATHAPURAM,Ramanathapuram,Private,Multi,PVT HOSPITAL,Pvt,4,12-04-2017,2017,A6,False,False,False,False,False,False,True,False,True,False,False,False,False,False,False,False,False,False,False,True,False,False,False,False,False,False,False,False,False,False,False,True,False,False,False,False,False,False,False,False,9.3645309,78.8327032,Exact Hospital
1909,Vidal,H_22105,"KGS Advanced MR and CT Scans, Ramanathapuram DC.",,Ramanathapuram,Private,PVT-STANDALONE,DC PVT-STANDALONE,Pvt,5,19-04-2017,2017,,False,False,False,False,False,False,False,False,False,False,False,False,False,False,False,False,False,False,False,False,False,False,False,False,False,False,False,False,False,False,False,False,False,False,False,False,False,False,False,False,9.5205576,78.5184635,District Center
983,Vidal,H_24095,"Natraj Cardiac Care Centre, Ramanathapuram TN.","D-BLOCK,NEAR (R.T.O OFFICE),BHARATHI NAGAR,RAMANATHAPURAM-623503",Ramanathapuram,Private,Single,PVT HOSPITAL,Pvt,79,28-08-2024,2020,S2,False,True,False,False,False,False,False,False,False,False,False,False,False,False,False,True,False,False,False,False,False,False,False,False,False,False,False,False,False,False,False,False,False,False,False,False,False,False,False,False,9.5205576,78.5184635,District Center
984,Vidal,H_22856,"PPS Hospital, Ramanathapuram, TN."," 9/4/3 G.T STREET, KAMUTHI, RAMANATHAPURAM",Ramanathapuram,Private,Multi,PVT HOSPITAL,Pvt,31,13-05-2019,2019,A6,False,False,False,False,False,False,False,False,True,True,False,True,False,False,False,False,False,False,False,False,False,False,False,False,False,False,False,False,False,False,False,False,False,False,False,False,False,False,False,False,9.4086134,78.3684318,Village/Town Center
985,Vidal,H_22857,"Prema Clinic, Ramanathapuram, TN.",no 110 agraharam street near anandham silks ramanathapuram,Ramanathapuram,Private,Single,PVT HOSPITAL,Pvt,31,13-05-2019,2019,S2,False,False,False,False,False,False,False,False,False,True,False,False,False,False,False,False,False,False,False,False,False,False,False,False,False,False,False,False,False,False,False,True,False,False,False,False,False,False,False,False,9.368981,78.826611,Exact Hospital
986,Vidal,H_19056,"Rajan Clinic, Ramanathapuram TN.","27/1 R.R. Sethupathy Nagar, Ramanathapuram.",Ramanathapuram,Private,Multi,PVT HOSPITAL,Pvt,11,15-09-2017,2017,A6,False,False,False,False,False,False,True,True,True,True,False,False,False,False,True,False,False,False,False,False,True,False,False,False,False,False,False,False,False,False,False,False,False,False,False,False,False,False,False,False,9.5205576,78.5184635,District Center
987,Vidal,H_26260,"Rajans Hospital Pvt Ltd, Ramanathapuram, TN.","23/5, R.R SETHUPATHY NAGAR, LATHAMS BUNGALOW ROAD, RAMANATHAPURAM ",Ramanathapuram,Private,Single,PVT HOSPITAL,Pvt,88,25-06-2025,2025,S2,False,False,False,False,False,False,False,False,False,False,False,False,False,False,False,False,False,False,False,True,False,False,False,False,False,False,False,False,False,False,False,False,False,False,False,False,False,False,False,False,9.3621517,78.8344145,Exact Hospital
1910,Vidal,H_19706,"Ramnad Scans,Ramanathapuram Dc.",,Ramanathapuram,Private,PVT-STANDALONE,DC PVT-STANDALONE,Pvt,5,19-04-2017,2017,,False,False,False,False,False,False,False,False,False,False,False,False,False,False,False,False,False,False,False,False,False,False,False,False,False,False,False,False,False,False,False,False,False,False,False,False,False,False,False,False,9.5205576,78.5184635,District Center
1975,Vidal,H_26002,"Rayanika Scan Centre,Paramakudi,Ramanathapuram DC. ",,RAMANATHAPURAM,Private,PVT-STANDALONE,DC PVT-STANDALONE,Pvt,75,25-04-2024,2024,,False,False,False,False,False,False,False,False,False,False,False,False,False,False,False,False,False,False,False,False,False,False,False,False,False,False,False,False,False,False,False,False,False,False,False,False,False,False,False,False,9.5205576,78.5184635,District Center
988,Vidal,H_23526,"Apollo KH Hospital, Melvisharam,Ranipet TN.","Ranipet-Vellore Byepass Road, Melvisharam-632509, Ranipet District.",Ranipet,Private,Multi,PVT HOSPITAL,Pvt,50,30-07-2021,2020,A5,False,False,False,False,False,False,False,False,False,True,False,True,False,False,False,False,False,False,False,False,False,False,False,False,True,False,False,False,False,False,False,False,False,False,False,False,False,False,False,False,12.9186243,79.4081921,District Center
989,Vidal,H_23254,"CMC Kannigapuram,Ranipet TN.","CMC KANNIGAPURAM CAMPUS KILMINNAL VILLAGE,WALAJAH TALUK VELLORE DISTRICT",Ranipet,Private,Single,PVT HOSPITAL,Pvt,37,22-07-2020,2020,A1,False,True,True,False,False,False,False,False,False,True,True,False,True,True,False,True,True,True,False,True,True,True,False,False,True,False,False,False,False,False,False,True,True,False,False,False,True,False,True,False,12.9376308,79.2357002,Exact Hospital
1972,Vidal,H_25563 ,"District Diff. abled welfare office, Ranipet TN.",,Ranipet,DDWO,DDWO,DDWO,Govt,0,18-03-2022,2022,,False,False,False,False,False,False,False,False,False,False,False,False,False,False,False,False,False,False,False,False,False,False,False,False,False,False,False,False,False,False,False,False,False,False,False,False,False,False,False,False,12.9186243,79.4081921,District Center
1753,Vidal,H_24680,"Govt Banavaram UPHC, Kaveripakkam, Ranipet TN.","Govt. upgraded primary health center,Hospital road,Banavaram",Ranipet,UPHC,Multi,Govt-MTM,Govt,51,19-08-2021,2021,A1,False,False,False,False,False,False,False,False,False,False,False,False,False,False,False,False,False,False,False,False,False,True,False,False,False,False,False,False,False,False,False,False,False,False,True,False,False,False,False,False,12.92373,79.5692632,Village/Town Center
632,Vidal,H_20718,"Govt Hospital Sholingur, Ranipet TN.","CHITTOOR ROAD, NEAR COURT SHOLINGUR (V), WALAJAH(TK), VELLORE(DT). 631102",Ranipet,Sub-district Hospital,Multi,Govt-DMS,Govt,1,20-03-2017,2017,A1,False,True,True,True,True,True,True,True,True,True,True,True,True,True,True,True,True,True,True,True,True,True,True,True,True,True,True,True,True,False,True,True,True,False,True,True,True,True,True,True,12.9186243,79.4081921,District Center
708,Vidal,H_25856,"Govt Kalavai Taluk Hospital , Ranipet TN.","THIMIRI ROAD,AGARAM,RANIPET",Ranipet,Sub-district Hospital,Multi,Govt-DMS,Govt,69,12-05-2023,2023,A1,False,True,True,True,True,True,True,True,True,True,True,True,True,True,True,True,True,True,True,True,True,True,True,True,True,True,True,True,True,False,True,True,True,False,True,True,True,True,True,True,12.7740945,79.4090509,Village/Town Center
1755,Vidal,H_24682,"Govt Lalapet UPHC, Wallajah, Ranipet TN.","Govt. upgraded primary health center,Ponnai main road,Lalapet",Ranipet,UPHC,Multi,Govt-MTM,Govt,51,19-08-2021,2021,A1,False,False,False,False,False,False,False,False,False,False,False,False,False,False,False,False,False,False,False,False,False,True,False,False,False,False,False,False,False,False,False,False,False,False,True,False,False,False,False,False,12.9186243,79.4081921,District Center
1821,Vidal,H_24907,"Govt Mudhur UPHC, Arakonam, Ranipet TN.","5M2M+6H6, Mudur, Tamil Nadu 631003",Ranipet,PHC,Multi,Govt-MTM,Govt,54,24-10-2021,2021,A1,False,False,False,False,False,False,False,False,False,False,False,False,False,False,False,False,False,False,False,False,False,True,False,False,False,False,False,False,False,False,False,False,False,False,True,False,False,False,False,False,12.9266886,79.3732493,Village/Town Center
1820,Vidal,H_24706,"Govt Ponnai UPHC, Sholingur, Ranipet TN.","4C6C+W59, Sholinghur, Tamil Nadu 631102",Ranipet,PHC,Multi,Govt-MTM,Govt,51,19-08-2021,2021,A1,False,False,False,False,False,False,False,False,False,False,False,False,False,False,False,False,False,False,False,False,False,True,False,False,False,False,False,False,False,False,False,False,False,False,True,False,False,False,False,False,12.9266886,79.3732493,Village/Town Center
1756,Vidal,H_24780,"Govt Pudupadi UPHC,Arcot, Ranipet TN.","Govt. upgraded primary health center,hospital st,pudhupadi",RANIPET,UPHC,Multi,Govt-MTM,Govt,52,06-09-2021,2021,A1,False,False,False,False,False,False,False,False,False,False,False,False,False,False,False,False,False,False,False,False,False,True,False,False,False,False,False,False,False,False,False,False,False,False,True,False,False,False,False,False,13.1152488,79.4209593,Village/Town Center
1754,Vidal,H_24681,"Govt Punnai UPHC, Nemili, Ranipet TN.","Govt. upgraded primary health center,Gandhi Salai,Punnai",Ranipet,UPHC,Multi,Govt-MTM,Govt,51,19-08-2021,2021,A1,False,False,False,False,False,False,False,False,False,False,False,False,False,False,False,False,False,False,False,False,False,True,False,False,False,False,False,False,False,False,False,False,False,False,True,False,False,False,False,False,12.9186243,79.4081921,District Center
1752,Vidal,H_24679,"Govt Thimiri UPHC, Ranipet TN.","Govt. upgraded primary health center,Kalavai Road,Thimiri.",Ranipet,UPHC,Multi,Govt-MTM,Govt,51,19-08-2021,2021,A1,False,False,False,False,False,False,False,False,False,False,False,False,False,False,False,False,False,False,False,False,False,True,False,False,False,False,False,False,False,False,False,False,False,False,True,False,False,False,False,False,12.7753293,79.4253703,Village/Town Center
634,Vidal,H_19494,"Govt. Hospital Arakonam, Ranipet TN.","NO.8, GANDHI ROAD, ARAKKONAM VELLORE",Ranipet,Sub-district Hospital,Multi,Govt-DMS,Govt,1,20-03-2017,2017,A1,False,True,True,True,True,True,True,True,True,True,True,True,True,True,True,True,True,True,True,True,True,True,True,True,True,True,True,True,True,False,True,True,True,False,True,True,True,True,True,True,12.92373,79.5692632,Exact Hospital
667,Vidal,H_22747,"Govt. Hospital, Arcot, Ranipet TN.","KALAIVAI ROAD,ARCOT VELLORE DISTRICT",Ranipet,Sub-district Hospital,Multi,Govt-DMS,Govt,26,06-12-2018,2018,A1,False,True,True,True,True,True,True,True,True,True,True,True,True,True,True,True,True,True,True,True,True,True,True,True,True,True,True,True,True,False,True,True,True,False,True,True,True,True,True,True,12.9039497,79.3333331,Exact Hospital
633,Vidal,H_18704,"Govt.Head Quarters Hospital,Wallajah,Ranipet TN.","mbt road, walajapet",Ranipet,District Hospital,Multi,Govt-DMS,Govt,1,20-03-2017,2017,A1,False,True,True,True,True,True,True,True,True,True,True,True,True,True,True,True,True,True,True,True,True,True,True,True,True,True,True,True,True,False,True,True,True,False,True,True,True,True,True,True,12.9261259,79.3570107,Exact Hospital
1911,Vidal,H_22397,"Nesam Special School,Autism,Arcot,Ranipet TN.",,Ranipet,Private,Autism ,PVT AUTISM,Pvt,12,04-10-2017,2017,,False,False,False,False,False,False,False,False,False,False,False,False,False,False,False,False,False,False,False,False,False,False,False,False,False,False,False,False,False,False,False,False,False,False,False,False,False,False,False,False,12.9186243,79.4081921,District Center
1976,Vidal,H_26103,"Quality Scan, Arcot, Ranipet DC.",,RANIPET,Private,PVT-STANDALONE,DC PVT-STANDALONE,Pvt,81,04-12-2024,2024,,False,False,False,False,False,False,False,False,False,False,False,False,False,False,False,False,False,False,False,False,False,False,False,False,False,False,False,False,False,False,False,False,False,False,False,False,False,False,False,False,12.9186243,79.4081921,District Center
990,Vidal,H_18642,"Scudder Hospital,Ranipet TN.","KELLYS ROAD SMH COMPOUND,RANIPET",Ranipet,Private,Multi,PVT HOSPITAL,Pvt,2,27-03-2017,2017,A5,False,True,False,True,False,False,True,False,True,True,True,True,False,False,False,True,False,False,False,True,False,False,False,False,True,False,False,False,True,False,False,False,False,False,False,True,False,False,False,True,12.9342007,79.3254905,Exact Hospital
991,Vidal,H_22431,"Sundaram Health centre,Sholinghur, Ranipet TN.","Banavram Road, Kondapalyam Village, Sholinghur Vellore- Dt.",Ranipet,Private,Multi,PVT HOSPITAL,Pvt,13,07-11-2017,2018,A6,False,False,False,False,False,False,True,False,True,True,False,False,False,False,False,False,False,False,False,False,False,False,False,False,True,False,False,False,False,False,False,False,False,False,False,False,False,False,False,False,12.9186243,79.4081921,District Center
992,Vidal,H_20928,"Thirumalai Mission Hospital, Ranipet TN.","Thirumalai Nagar, Vanapadi Road,",Ranipet,Private,Multi,PVT HOSPITAL,Pvt,45,24-02-2021,2017,A6,False,False,False,False,True,False,False,False,True,True,False,True,False,False,False,False,False,False,False,True,False,False,False,False,True,False,False,True,False,False,False,False,False,False,False,False,False,False,False,False,12.9500696,79.3256224,Exact Hospital
1298,HITPA,H_21978,"Abhi Eye hospital,Attur, Salem TN.","31/B/51, JOTHI MILL STREET, JOTHI NAGAR, ATTUR.",Salem,PVT,Single,PVT HOSPITAL,PVT,1,20-03-2017,2017,S2,False,False,False,False,False,False,True,False,False,False,False,False,False,False,False,False,False,False,False,False,False,False,False,True,False,False,False,False,False,False,False,False,False,False,False,False,False,False,False,False,11.5980207,78.6003698,Exact Hospital
1299,HITPA,H_25638,"Adveka Hospital, Salem TN.","93C-1,WEST STREET, K-PUDHUR, POOLAMPATTI MAIN ROAD,IDAPPADI",Salem,PVT,Multi,PVT HOSPITAL,PVT,58,28-04-2022,2022,A6,False,False,False,False,False,False,False,False,True,False,False,False,False,False,False,False,False,False,False,False,False,False,False,False,False,False,False,False,False,False,False,False,False,False,False,False,False,False,False,False,11.587877,77.830887,Exact Hospital
1300,HITPA,H_20025,"Aishwaryam Speciality Hospital, Salem TN.","114/1,BANGALORE BY PASS ROAD, NEAR A.V.R.ROUNDTANA, SALEM",Salem,PVT,Multi,PVT HOSPITAL,PVT,5,19-04-2017,2017,A3,False,True,False,False,True,False,True,True,True,True,True,True,False,False,False,False,False,False,True,True,True,True,False,False,True,True,True,False,True,False,False,False,False,False,False,True,True,True,True,True,11.6469616,78.2106958,District Center
1301,HITPA,H_22818,"Ammani Hospital, Salem TN.","130,GANDHI ROAD, HASTHAMPATTY, SALEM - 636007",Salem,PVT,Multi,PVT HOSPITAL,PVT,30,20-03-2019,2019,A2,False,False,False,False,False,False,True,False,False,True,True,True,False,False,False,False,False,False,False,True,False,True,False,False,True,False,False,False,True,False,False,False,False,False,False,True,False,False,False,False,11.671775,78.156181,Exact Hospital
1359,HITPA,H_18376,"Annapoorna Medical College Hospital,Salem TN.","NH-47 Sankari Main Road, Veerapandi Union, Salem.",Salem,PVT-MC,Multi,PVT-MC,PVT,4,12-04-2017,2017,A4,False,False,False,True,True,False,False,False,True,True,True,True,False,False,True,False,True,False,False,True,False,False,False,True,True,True,True,True,True,False,False,True,False,False,False,True,True,False,False,True,11.57693,78.037627,Exact Hospital
1393,HITPA,H_26362,"AP MEDICAL CENTER, SALEM, TN.","SARADHA COLLEGE ROAD,NEAR ALAGAPURAM POLICE STATION,SALEM",SALEM,PVT,Multi,PVT HOSPITAL,PVT,93,02-01-2026,2026,A5,False,False,False,False,False,False,False,False,True,True,False,False,False,False,False,False,False,False,False,True,False,False,False,False,False,False,False,False,False,False,False,False,False,False,False,False,False,False,False,False,11.6774074,78.1425988,Exact Hospital
1302,HITPA,H_21521,"Appu Venkatachalam Medical Research Ctr,Salem TN.","NO5/112,KATTUR,NATTAMANGALAM(PO),TRICHY-BANGALORE BY PASS ROAD,NEAR N.P.R.MATRICULATION SCHOOL,SALEM",Salem,PVT,Multi,PVT HOSPITAL,PVT,3,04-04-2017,2017,A4,False,False,False,False,False,False,True,False,True,True,True,True,False,False,False,True,True,False,True,True,False,True,False,False,True,False,False,True,True,False,False,False,False,False,False,False,True,True,True,False,11.6469616,78.2106958,District Center
1303,HITPA,H_23023,"Aravind Eye Hospital, Salem TN.","64, Aravind eye hospital, Nethimedu, Sankagiri Main Road-   636002",Salem,PVT,Single,PVT HOSPITAL,PVT,34,25-11-2019,2019,S2,False,False,False,False,False,False,False,False,False,False,False,False,False,False,False,False,False,False,False,False,False,False,False,True,False,False,False,False,False,False,False,False,False,False,False,False,False,False,False,False,11.641927,78.1392347,Exact Hospital
1304,HITPA,H_22396,"Aravind Hospital,Edappadi,Salem TN.","Salem Main Road, Near pvt Petrol Bunk, Vellandi Valasu Post, Idappadi Taluk, Salem District.",Salem,PVT,Multi,PVT HOSPITAL,PVT,12,25-09-2017,2017,A6,False,False,False,False,False,False,True,True,True,True,True,True,False,False,False,False,False,False,True,False,False,False,False,False,True,True,True,False,True,False,False,False,False,False,False,False,True,True,False,False,11.5854615,77.8424165,Exact Hospital
1305,HITPA,H_22347,"Bhavani Hospital,Swarnapuri, Salem TN.","20, raghavan street swarnapuri",Salem,PVT,Multi,PVT HOSPITAL,PVT,9,18-07-2017,2017,A6,False,False,False,False,False,False,True,False,True,True,False,True,False,False,False,False,False,False,False,False,False,False,False,False,True,False,True,True,False,False,False,False,False,False,False,False,False,False,False,False,11.6745697,78.1362683,Exact Hospital
1306,HITPA,H_18564,"Deepam Hospital,Salem TN.","2/1 GANAPATHY NAGAR, CUDDALORE MAIN ROAD, BELUR PIRIVU ROAD, VAZHAPADY(PO) & (TK)",Salem,PVT,Multi,PVT HOSPITAL,PVT,4,12-04-2017,2017,A2,False,False,False,False,False,False,True,False,True,True,True,True,False,False,False,False,False,True,False,True,True,True,False,False,True,False,False,False,True,False,False,False,False,False,False,True,False,True,False,True,11.6576703,78.4065155,Exact Hospital
1307,HITPA,H_18697,"Dharan Hospital,Salem TN.",No:14 Seelanickan patty Bye_pass,Salem,PVT,Multi,PVT HOSPITAL,PVT,1,20-03-2017,2017,A1,False,True,True,False,True,False,True,True,True,True,True,True,False,False,False,True,True,True,True,True,False,True,False,False,True,False,True,True,True,False,False,True,True,False,False,True,True,True,True,True,11.6252302,78.1451753,Exact Hospital
2214,HITPA,H_22503,"District Differently abled welfare office,salemTN.",,Salem,DDWO,DDWO,DDWO,Govt,15,05-02-2018,2018,,False,False,False,False,False,False,False,False,False,False,False,False,False,False,False,False,False,False,False,False,False,False,False,False,False,False,False,False,False,False,False,False,False,False,False,False,False,False,False,False,11.6469616,78.2106958,District Center
1308,HITPA,H_18575,"Dr. Suraksha Speciality Medical Centr,Salem TN.","154/5 JUNCTION MAIN ROAD, OPP TO VANI MAHAL, THIRUGOUNDANOOR ROUNDANA, SALEM",Salem,PVT,Multi,PVT HOSPITAL,PVT,5,19-04-2017,2017,A3,False,True,False,True,False,False,True,False,True,True,True,True,False,False,False,False,False,True,False,False,False,True,False,False,True,False,True,True,True,False,False,False,False,False,False,True,True,False,False,True,11.6469616,78.2106958,District Center
1309,HITPA,H_18893,"Dr. Thiru Neuro Multi Speclty,Ahragaram,Salem TN.","562/5, CUDDALORE MAIN ROAD, KAMARAJAR NAGAR COLONY, AMMAPET, SALEM",Salem,PVT,Multi,PVT HOSPITAL,PVT,5,19-04-2017,2017,A2,False,True,False,False,True,False,True,False,True,True,True,True,False,False,False,False,False,False,False,True,True,True,False,False,True,False,True,True,True,False,False,True,False,False,False,True,True,False,False,True,11.6588239,78.1809483,Village/Town Center
1310,HITPA,H_22560,"Dr.Sasi Eye Care Hospital, Swarnapuri, Salem TN.",5/1perumal kovil street swarnapuri salem,Salem,PVT,Single,PVT HOSPITAL,PVT,17,04-04-2018,2018,S2,False,False,False,False,False,False,True,False,False,False,False,False,False,False,False,False,False,False,False,False,False,False,False,True,False,False,False,False,False,False,False,False,False,False,False,False,False,False,False,False,11.6743698,78.1379234,Exact Hospital
1311,HITPA,H_22267,"Dr.Sundararajan Neuro Hospital, Salem TN.","166-F AMMACHI GOUNDER STREET RAMAKRISHNA ROAD, SALEM 636007 TAMILNADU",Salem,PVT,Multi,PVT HOSPITAL,PVT,7,23-05-2017,2017,A2,False,True,False,False,False,False,True,True,True,True,True,True,False,False,False,False,True,True,False,False,True,True,False,False,True,False,False,False,True,False,False,False,False,False,False,True,True,True,False,True,11.6551982,78.1581771,Village/Town Center
1312,HITPA,H_22561,"EKA Hospital, Fairlands, Salem TN.","75/6, BRINDAVAN ROAD, OPP NEW BUS STAND, FAIRLANDS, SALEM - 636 004.",Salem,PVT,Multi,PVT HOSPITAL,PVT,17,04-04-2018,2018,A6,False,True,False,False,False,False,True,False,True,True,True,True,False,False,False,False,False,True,False,False,False,False,False,False,True,False,False,False,False,False,False,False,False,False,False,False,True,False,False,False,11.6691926,78.1425812,Exact Hospital
1313,HITPA,H_25587 ,"G.V.Jayam Multi Super Speciality Centre, Salem TN.","323-1/140, VEERANAM MAIN ROAD, PUTHUMARIYAMMAN KOVIL POST, SRI RAM NAGAR, SALEM 636003 SALEM 63600",Salem,PVT,Multi,PVT HOSPITAL,PVT,57,23-03-2022,2022,A6,False,False,False,False,False,False,False,False,False,True,True,True,False,False,False,False,False,False,False,False,False,False,False,False,False,False,False,False,False,False,False,False,False,False,False,False,False,False,False,False,11.6469616,78.2106958,District Center
1314,HITPA,H_18962,"Global Medial Centre Jagirammapalayam,Salem TN.","10-3/5, Jagir ammapalayam",Salem,PVT,Single,PVT HOSPITAL,PVT,3,04-04-2017,2017,S1,False,False,False,False,False,False,True,False,False,False,True,False,False,False,False,False,False,False,False,True,False,False,False,False,False,False,False,False,False,False,False,False,False,False,False,False,False,False,False,False,11.5748588,77.8327301,Village/Town Center
1180,HITPA,H_26065,"Government Peripheral Hosp, Ammapet, Salem, TN.","Near Anna hospital, Ammapet, Salem",Salem,GOVT-DMS,Multi,GOVT-DMS,Govt,79,28-08-2024,2024,A1,False,True,True,True,True,True,True,True,True,True,True,True,True,True,True,True,True,True,True,True,True,True,True,True,True,True,True,True,True,True,True,True,True,True,True,True,True,True,True,True,11.6588239,78.1809483,Village/Town Center
1442,HITPA,H_25016,"Govt Annathanpatty Zone-4 UPHC, Salem TN.","Opposite to Bharathi Hospital, Putta mission road, Annathanapatty",Salem,UPHC,Multi,Govt-MTM,Govt,55,12-11-2021,2021,A1,False,False,False,False,False,False,False,False,True,False,False,False,False,False,False,False,False,False,False,True,False,False,False,False,False,False,False,False,False,False,False,False,False,True,False,False,False,False,False,False,11.6469616,78.2106958,District Center
1436,HITPA,H_24765,"Govt Ariyapalayam UPHC, Salem TN.","Ariyapalayam bus stop, Pethanaickenpalayam, Attur, Salem -636119",Salem,UPHC,Multi,Govt-MTM,Govt,52,06-09-2021,2021,A1,False,False,False,False,False,False,False,False,False,False,False,False,False,False,False,False,False,False,False,True,False,False,False,False,False,False,False,False,False,False,False,False,False,True,False,False,False,False,False,False,11.650006,78.5032574,Village/Town Center
1438,HITPA,H_24768,"Govt Belur UPHC,Valapady, Salem TN.","Govt.upgraded Primary Health Centre, Belur, Salem (dt). Valapadi (tk), Vazhapadi, Salem District, Tamil Nadu, 636104",Salem,UPHC,Multi,Govt-MTM,Govt,52,06-09-2021,2021,A1,False,False,False,False,False,False,False,False,False,False,False,False,False,False,False,False,False,False,False,False,False,False,False,False,False,False,False,False,False,False,False,False,False,False,False,False,False,False,False,False,11.7061417,78.4163253,Village/Town Center
1426,HITPA,H_24550,"Govt Chithoor UPHC, Edapady Salem TN.","Govt Upgrade Primary Health Centre, Chithoor, Iddapadi (T.K), Salem (D.T) 637101",Salem,UPHC,Multi,Govt-MTM,Govt,51,19-08-2021,2021,A1,False,False,False,False,False,False,False,False,True,False,False,False,False,False,False,False,False,False,False,True,False,False,False,False,False,False,False,False,False,False,False,False,False,True,False,False,False,False,False,False,11.6469616,78.2106958,District Center
1181,HITPA,H_18924,"Govt Hospital Authur,Salem TN.","kamarajanar road,cuddalore main road,Attur(tk)",Salem,GOVT-DMS,Multi,GOVT-DMS,Govt,1,20-03-2017,2017,A1,False,True,True,True,True,True,True,True,True,True,True,True,True,True,True,True,True,True,True,True,True,True,True,True,True,True,True,True,True,True,True,True,True,True,True,True,True,True,True,True,11.6637259,78.2064808,Village/Town Center
1182,HITPA,H_25862,"Govt Hospital, Bethanaickenpalayam, Salem TN.","Salem Main Road, Government Hospital, Pethanaickenpalayam PO & TK, Salem Dt. ",Salem,GOVT-DMS,Multi,GOVT-DMS,Govt,69,12-05-2023,2023,A1,False,True,True,True,True,True,True,True,True,True,True,True,True,True,True,True,True,True,True,True,True,True,True,True,True,True,True,True,True,True,True,True,True,True,True,True,True,True,True,True,11.6469616,78.2106958,District Center
1183,HITPA,H_25864,"Govt Hospital, Gangavalli, Salem TN.","Veeraganur & Attur ,Main Road ,Government Hospital, Gangavalli PO & TK, Salem District ",Salem,GOVT-DMS,Multi,GOVT-DMS,Govt,69,12-05-2023,2023,A1,False,True,True,True,True,True,True,True,True,True,True,True,True,True,True,True,True,True,True,True,True,True,True,True,True,True,True,True,True,True,True,True,True,True,True,True,True,True,True,True,11.4974141,78.6899663,Exact Hospital
1184,HITPA,H_25865,"Govt Hospital, Jalakandapuram, Salem TN.","Government Hospital, Jalakandapuram PO, Mettur TK, Salem District ",Salem,GOVT-DMS,Multi,GOVT-DMS,Govt,69,12-05-2023,2023,A1,False,True,True,True,True,True,True,True,True,True,True,True,True,True,True,True,True,True,True,True,True,True,True,True,True,True,True,True,True,True,True,True,True,True,True,True,True,True,True,True,11.6469616,78.2106958,District Center
1185,HITPA,H_25863,"Govt Hospital, Nainampatti, Salem TN.","Government Hopsital, Nainampatti, Attaiyampatty post, Salem South TK, Salem Dt. ",Salem,GOVT-DMS,Multi,GOVT-DMS,Govt,69,12-05-2023,2023,A1,False,True,True,True,True,True,True,True,True,True,True,True,True,True,True,True,True,True,True,True,True,True,True,True,True,True,True,True,True,True,True,True,True,True,True,True,True,True,True,True,11.6469616,78.2106958,District Center
1186,HITPA,H_20048,"Govt Hospital, Sankagiri, Salem TN.","Govt Hospital, Sankari(Tk), Salem(Dt)-637301",Salem,GOVT-DMS,Multi,GOVT-DMS,Govt,1,20-03-2017,2017,A1,False,True,True,True,True,True,True,True,True,True,True,True,True,True,True,True,True,True,True,True,True,True,True,True,True,True,True,True,True,True,True,True,True,True,True,True,True,True,True,True,11.4783017,77.8736697,Exact Hospital
1187,HITPA,H_24450,"Govt Hospital, Vazhapadi, Salem TN.","Salem Cuddalore Main Road, Valapady, Salem - 636115",Salem,GOVT-DMS,Multi,GOVT-DMS,Govt,50,30-07-2021,2021,A1,False,True,True,True,True,True,True,True,True,True,True,True,True,True,True,True,True,True,True,True,True,True,True,True,True,True,True,True,True,True,True,True,True,True,True,True,True,True,True,True,11.65706,78.403773,Exact Hospital
1188,HITPA,H_25866,"Govt Hospital, Vembadithalam, Salem TN.","GH Road , Vembadithalam PO, Salem South TK, Salem Dt. ",Salem,GOVT-DMS,Multi,GOVT-DMS,Govt,69,12-05-2023,2023,A1,False,True,True,True,True,True,True,True,True,True,True,True,True,True,True,True,True,True,True,True,True,True,True,True,True,True,True,True,True,True,True,True,True,True,True,True,True,True,True,True,11.6469616,78.2106958,District Center
1189,HITPA,H_24449,"Govt Hospital, Yercaud, Salem TN.","Yercaud, Near Sheroys Hotel - 636601, ",Salem,GOVT-DMS,Multi,GOVT-DMS,Govt,50,30-07-2021,2021,A1,False,True,True,True,True,True,True,True,True,True,True,True,True,True,True,True,True,True,True,True,True,True,True,True,True,True,True,True,True,True,True,True,True,True,True,True,True,True,True,True,11.81292,78.265009,Exact Hospital
1190,HITPA,H_19488,"Govt Hospital,Omalur, Salem TN.","Govt Hospital, Near Police Station, Omalur(Tk),Salem(Dt),Pin-636455",Salem,GOVT-DMS,Multi,GOVT-DMS,Govt,1,20-03-2017,2017,A1,False,True,True,True,True,True,True,True,True,True,True,True,True,True,True,True,True,True,True,True,True,True,True,True,True,True,True,True,True,True,True,True,True,True,True,True,True,True,True,True,11.7581107,78.0180657,Exact Hospital
1419,HITPA,H_24551,"Govt Kadayampatti UPHC, Salem TN.","Upgrade Primary Health Centre, Kadaiyampatti, Kadaiyampatti (T.K), Salem (D.T)- 636351",Salem,UPHC,Multi,Govt-MTM,Govt,51,19-08-2021,2021,A1,False,False,False,False,False,False,False,False,True,False,False,False,False,False,False,False,False,False,False,True,False,False,False,False,False,False,False,False,False,False,False,False,False,True,False,False,False,False,False,False,11.6469616,78.2106958,District Center
1429,HITPA,H_24559,"Govt Kannankurichi UPHC, Salem TN.","Upgrade Primary Health Centre, Sendarapatti, Gugai, Salem, 636006",Salem,UPHC,Multi,Govt-MTM,Govt,51,19-08-2021,2021,A1,False,False,False,False,False,False,False,False,True,False,False,False,False,False,False,False,False,False,False,True,False,False,False,False,False,False,False,False,False,False,False,False,False,True,False,False,False,False,False,False,11.6434168,78.1529069,Village/Town Center
1425,HITPA,H_24549,"Govt Karipatti UPHC, Ayothiapattinam, Salem TN.","Upgrade Primary Health Centre, Karipatti, Salem - 636106",Salem,UPHC,Multi,Govt-MTM,Govt,51,19-08-2021,2021,A1,False,False,False,False,False,False,False,False,True,False,False,False,False,False,False,False,False,False,False,True,False,False,False,False,False,False,False,False,False,False,False,False,False,True,False,False,False,False,False,False,11.6742794,78.1355629,Village/Town Center
1420,HITPA,H_24552,"Govt Kolathur UPHC, Salem TN.","Upgrade Primary Health Centre, Kolathur, Mettur (T.K), Salem (D.T)- 636303",Salem,UPHC,Multi,Govt-MTM,Govt,51,19-08-2021,2021,A1,False,False,False,False,False,False,False,False,True,False,False,False,False,False,False,False,False,False,False,True,False,False,False,False,False,False,False,False,False,False,False,False,False,True,False,False,False,False,False,False,11.6469616,78.2106958,District Center
1421,HITPA,H_24553,"Govt Konganapuram UPHC, Salem TN.","Rangampalayam, Idappadi (T.K), Salem (D.T)- 637102",Salem,UPHC,Multi,Govt-MTM,Govt,51,19-08-2021,2021,A1,False,False,False,False,False,False,False,False,True,False,False,False,False,False,False,False,False,False,False,True,False,False,False,False,False,False,False,False,False,False,False,False,False,True,False,False,False,False,False,False,11.6469616,78.2106958,District Center
1440,HITPA,H_25014,"Govt Kumarasamypatty Zone-2 UPHC, Salem TN.","Cherry Road,Near AR Line,Kumarasamypatty,Salem",Salem,UPHC,Multi,Govt-MTM,Govt,55,12-11-2021,2021,A1,False,False,False,False,False,False,False,False,True,False,False,False,False,False,False,False,False,False,False,True,False,False,False,False,False,False,False,False,False,False,False,False,False,True,False,False,False,False,False,False,11.6469616,78.2106958,District Center
1434,HITPA,H_24762,"Govt Malliyakarai  UPHC,Attur,Salem TN.","Rasipuram Road, Govt. Hi. Se. School, Malliakarai, Attur Municipality, Attur, Salem",Salem,UPHC,Multi,Govt-MTM,Govt,52,06-09-2021,2021,A1,False,False,False,False,False,False,False,False,False,False,False,False,False,False,False,False,False,False,False,False,False,False,False,False,False,False,False,False,False,False,False,False,False,False,False,False,False,False,False,False,11.5995411,78.5962711,Village/Town Center
1422,HITPA,H_24556,"Govt Mecheri UPHC, Salem TN.","Upgrade Primary Health Centre, Mecheri, Mettur (T.K) Salem (D.T)-636453",Salem,UPHC,Multi,Govt-MTM,Govt,51,19-08-2021,2021,A1,False,False,False,False,False,False,False,False,True,False,False,False,False,False,False,False,False,False,False,True,False,False,False,False,False,False,False,False,False,False,False,False,False,True,False,False,False,False,False,False,11.6469616,78.2106958,District Center
2215,HITPA,H_22495,"Govt Mohan Kumara.Medical College, DEIC, Salem TN.",,Salem,DEIC,DEIC,DEIC,Govt,0,08-05-2018,2018,,False,False,False,False,False,False,False,False,False,False,False,False,False,False,False,False,False,False,False,False,False,False,False,False,False,False,False,False,False,False,False,False,False,False,False,False,False,False,False,False,11.6469616,78.2106958,District Center
1179,HITPA,H_18517,"Govt Mohan Kumaramangalam Med College, Salem TN.","SFNO10P,12/1P,12/2,12/3 PERIYERI VILLAGE SALEM TALUK",Salem,GOVT-DME,Multi,GOVT-DME,Govt,1,20-03-2017,2017,A1,False,True,True,True,True,True,True,True,True,True,True,True,True,True,True,True,True,True,True,True,True,True,True,True,True,True,True,True,True,True,True,True,True,True,True,True,True,True,True,True,11.6551982,78.1581771,Village/Town Center
1423,HITPA,H_24557,"Govt Nangavalli UPHC, Salem TN.","Upgrade Primary Health Centre, Tharamangalam Main Road, Nangavalli (P.O), Mettur (T.K), Salem (D.T) 636454",Salem,UPHC,Multi,Govt-MTM,Govt,51,19-08-2021,2021,A1,False,False,False,False,False,False,False,False,True,False,False,False,False,False,False,False,False,False,False,True,False,False,False,False,False,False,False,False,False,False,False,False,False,True,False,False,False,False,False,False,11.6469616,78.2106958,District Center
1435,HITPA,H_24763,"Govt Panamarathupatti  UPHC, Salem TN.","Salem Main Road, Near Govt School, panamarathupatty, salem - 636201",Salem,UPHC,Multi,Govt-MTM,Govt,52,06-09-2021,2021,A1,False,False,False,False,False,False,False,False,False,False,False,False,False,False,False,False,False,False,False,False,False,False,False,False,False,False,False,False,False,False,False,False,False,False,False,False,False,False,False,False,11.6551982,78.1581771,Village/Town Center
1441,HITPA,H_25015,"Govt Ponnamapet Zone-3 UPHC, Salem TN.","Sengal anai road ,Puthumariyamman Kovil Street, l,Salem",Salem,UPHC,Multi,Govt-MTM,Govt,55,12-11-2021,2021,A1,False,False,False,False,False,False,False,False,True,False,False,False,False,False,False,False,False,False,False,True,False,False,False,False,False,False,False,False,False,False,False,False,False,True,False,False,False,False,False,False,11.6551982,78.1581771,Village/Town Center
1418,HITPA,H_24548,"Govt Salem Pallapatty PHC Central Zone, Salem TN.","Pallapatty UPCH, Durasamy Nagar, Near to Co-operative Society Bank, Pallapatty, Salem-636009",Salem,PHC,Multi,Govt-MTM,Govt,51,19-08-2021,2021,A1,False,False,False,False,False,False,False,False,True,False,False,False,False,False,False,False,False,False,False,True,False,False,False,False,False,False,False,False,False,False,False,False,False,True,False,False,False,False,False,False,11.6469616,78.2106958,District Center
1428,HITPA,H_24558,"Govt Sarakapillayur UPHC, Omalur, Salem TN.","Sarakkapillaiyur, Near By Sarakkapillaiyur Middle School, Omalur (T.K), Salem (D.T)-636305",Salem,UPHC,Multi,Govt-MTM,Govt,51,19-08-2021,2021,A1,False,False,False,False,False,False,False,False,True,False,False,False,False,False,False,False,False,False,False,True,False,False,False,False,False,False,False,False,False,False,False,False,False,True,False,False,False,False,False,False,11.6469616,78.2106958,District Center
1431,HITPA,H_24776,Govt Subramaniya nagar UPHC Salem TN.,"Junction Main Road, Sooramangalam, Salem - 636005",Salem,UPHC,Multi,Govt-MTM,Govt,52,06-09-2021,2021,A1,False,False,False,False,False,False,False,False,False,False,False,False,False,False,False,False,False,False,False,True,False,False,False,False,False,False,False,False,False,False,False,False,False,True,False,False,False,False,False,False,11.6551982,78.1581771,Village/Town Center
1437,HITPA,H_24766,"Govt Thalaivasal UPHC,Salem TN.","PWS, Mariyaman St, Pupe School, Thalaivasal, Attur, Salem, Tamil Nadu  636116",Salem,UPHC,Multi,Govt-MTM,Govt,52,06-09-2021,2021,A1,False,False,False,False,False,False,False,False,True,False,False,False,False,False,False,False,False,False,False,True,False,False,False,False,False,False,False,False,False,False,False,False,False,True,False,False,False,False,False,False,11.6742794,78.1355629,Village/Town Center
1433,HITPA,H_24777,"Govt Thammampatti UPHC,Gangavalli Attur, Salem TN.","No.5; Kurumbar Street; Thammampatti, Salem 636113",Salem,UPHC,Multi,Govt-MTM,Govt,52,06-09-2021,2021,A1,False,False,False,False,False,False,False,False,False,False,False,False,False,False,False,False,False,False,False,True,False,False,False,False,False,False,False,False,False,False,False,False,False,True,False,False,False,False,False,False,11.6742794,78.1355629,Village/Town Center
1424,HITPA,H_24561,"Govt Tharamangalam UPHC, Salem TN.","Jalagandapuram Main Road, Near Govt. Hr. Sec. School, Tharamangalam, Omalur(T.K),Salem (D.T)-636502",Salem,UPHC,Multi,Govt-MTM,Govt,51,19-08-2021,2021,A1,False,False,False,False,False,False,False,False,True,False,False,False,False,False,False,False,False,False,False,True,False,False,False,False,False,False,False,False,False,False,False,False,False,True,False,False,False,False,False,False,11.6469616,78.2106958,District Center
1427,HITPA,H_24555,"Govt UPHC,Macdonald-Choultry,Salem TN.","Upgrade Primary Health Centre, Magudanchavadi, Sankagiri T.K, Salem D.T- 637103",Salem,UPHC,Multi,Govt-MTM,Govt,51,19-08-2021,2021,A1,False,False,False,False,False,False,False,False,True,False,False,False,False,False,False,False,False,False,False,True,False,False,False,False,False,False,False,False,False,False,False,False,False,True,False,False,False,False,False,False,11.6469616,78.2106958,District Center
1430,HITPA,H_24560,"Govt Vadugapatti UPHC, Sankari, Salem TN.","Upgrade Primary Health Centre, Vadugupatti, Sankagiri (T.K), Salem (D.T)-637301",Salem,UPHC,Multi,Govt-MTM,Govt,51,19-08-2021,2021,A1,False,False,False,False,False,False,False,False,False,False,False,False,False,False,False,False,False,False,False,True,False,False,False,False,False,False,False,False,False,False,False,False,False,True,False,False,False,False,False,False,11.6469616,78.2106958,District Center
1439,HITPA,H_24770,"Govt Valavanthi UPHC,Yercaud Salem TN.","Yercaud To Kuppanur Main Road, Yercaud, Salem, Tamil Nadu 636601",Salem,UPHC,Multi,Govt-MTM,Govt,52,06-09-2021,2021,A1,False,False,False,False,False,False,False,False,False,False,False,False,False,False,False,False,False,False,False,True,False,False,False,False,False,False,False,False,False,False,False,False,False,True,False,False,False,False,False,False,11.6742794,78.1355629,Village/Town Center
1443,HITPA,H_25025,"Govt Veerapandy UPHC,Elampillai Salem TN.","UGPHC , Elampillai, Salem-637502",Salem,UPHC,Multi,Govt-MTM,Govt,55,12-11-2021,2021,A1,False,False,False,False,False,False,False,False,True,False,False,False,False,False,False,False,False,False,False,True,False,False,False,False,False,False,False,False,False,False,False,False,False,True,False,False,False,False,False,False,11.6469616,78.2106958,District Center
1191,HITPA,H_22321,"Govt. Hospital, Idappadi, Salem TN.","GOVERNMENT HOSPITAL IDAPPADI, IDAPPADI(TK),SALEM(DT)",Salem,GOVT-DMS,Multi,GOVT-DMS,Govt,9,18-07-2017,2017,A1,False,True,True,True,True,True,True,True,True,True,True,True,True,True,True,True,True,True,True,True,True,True,True,True,True,True,True,True,True,True,True,True,True,True,True,True,True,True,True,True,11.5847174,77.8380351,Exact Hospital
1192,HITPA,H_18499,"Govt.Head Quarters Hospital Mettur Dam,Salem TN.","GOVERNMENT HEAD QUARTERS HOSPITAL METTUR DAM, SALEM (DT)",Salem,GOVT-DMS,Multi,GOVT-DMS,Govt,1,20-03-2017,2017,A1,False,True,True,True,True,True,True,True,True,True,True,True,True,True,True,True,True,True,True,True,True,True,True,True,True,True,True,True,True,True,True,True,True,True,True,True,True,True,True,True,11.6469616,78.2106958,District Center
1432,HITPA,H_24808,"Govt  Ariyapalayam UPHC, Attur, Salem TN.","UPGRADED GOVT PRIMARY HEALTH CENTRE,ARIYAPALAYAM NEAR BUS STOP,SALEM DT, PIN-636119",Salem,UPHC,Multi,Govt-MTM,Govt,52,06-09-2021,2021,A1,False,False,False,False,False,False,False,False,False,False,False,False,False,False,False,False,False,False,False,False,False,False,False,False,False,False,False,False,False,False,False,False,False,False,False,False,False,False,False,False,11.6469616,78.2106958,District Center
1315,HITPA,H_22674,"J.S Hospital,Ramakrishna Road, Salem TN.","5/A, RAMAKRISHNA ROAD, SALEM - 636007 TAMILNADU",Salem,PVT,Multi,PVT HOSPITAL,PVT,21,16-07-2018,2018,A6,False,False,False,False,True,False,True,False,True,True,False,True,False,False,False,False,False,False,False,False,False,False,False,False,False,True,True,True,False,False,False,False,False,False,False,False,False,False,False,False,11.6551982,78.1581771,Village/Town Center
1316,HITPA,H_22344,"Jaaidev Hospital Pvt Ltd, Minnampalli,Salem TN.","7TH MILE CHINNAGOUNDAPURAM, MINNAMPALLI, SALEM",Salem,PVT,Multi,PVT HOSPITAL,PVT,9,18-07-2017,2017,A5,False,False,False,False,False,False,True,False,True,True,True,False,False,False,False,False,False,False,False,True,False,True,False,False,True,False,False,False,False,False,False,False,False,False,False,True,True,False,False,True,11.6655205,78.2634736,Exact Hospital
1317,HITPA,H_24505,"JB Eye Hospital, SalemTN.","JB Eye Hospital, 76/19-D, Saradha College Road, Salem",Salem,PVT,Single,PVT HOSPITAL,PVT,51,19-08-2021,2021,S2,False,False,False,False,False,False,False,False,False,False,False,False,False,False,False,False,False,False,False,False,False,False,False,True,False,False,False,False,False,False,False,False,False,False,False,False,False,False,False,False,11.6769525,78.1481901,Village/Town Center
2234,HITPA,H_26178 ,"JJ Medical Center, Alagapuram, Salem TN.",,Salem,PVT,Multi,PVT HOSPITAL,PVT,86,30-04-2025,2025,,False,False,False,False,False,False,False,False,False,False,False,False,False,False,False,False,False,False,False,False,False,False,False,False,False,False,False,False,False,False,False,False,False,False,False,False,False,False,False,False,11.6469616,78.2106958,District Center
1318,HITPA,H_26053,"JP Hospital, Coimbatore, TN. ","299 1/6, Trichy Road, Pappampatti Pirivu, Kannampalayam Coimbatore.",SALEM,PVT,Multi,PVT HOSPITAL,PVT,79,28-08-2024,2024,A6,False,False,False,False,False,False,False,False,True,True,False,True,False,False,False,False,False,False,False,False,False,False,False,False,True,False,False,False,False,False,False,False,False,False,False,False,False,False,False,False,11.0113225,77.0838169,Hospital in TN
1319,HITPA,H_18359,"K M Nataraj Hospital,Salem TN.","127 , 2 ND AGRAHARAM , SALEM",Salem,PVT,Multi,PVT HOSPITAL,PVT,5,19-04-2017,2017,A4,False,True,False,False,False,True,True,True,True,True,False,False,False,False,False,False,False,False,False,False,False,False,False,False,True,False,False,False,True,False,False,False,False,False,False,False,False,False,True,False,11.7477704,78.0482447,Village/Town Center
1320,HITPA,H_18920,"Kamala Hospital Agraharam,Salem TN.","256 SREE KRISHNA COMPLEX, 2ND AGRAHARAM, SALEM",Salem,PVT,Multi,PVT HOSPITAL,PVT,4,12-04-2017,2017,A2,False,True,False,False,True,False,True,True,True,True,True,True,False,True,True,False,False,False,True,True,True,True,False,True,True,True,False,True,True,False,False,True,False,False,False,True,True,True,False,True,11.6565946,78.1643458,Exact Hospital
1321,HITPA,H_18930,"Karthik Media Centre Edappadi,Salem TN.","5/148A,chinnanatchiyur,Veerappampalaiyam,Idappadi,",Salem,PVT,Multi,PVT HOSPITAL,PVT,5,19-04-2017,2017,A3,False,False,False,False,False,False,True,True,True,True,True,True,False,False,False,False,False,True,False,False,False,True,False,False,True,False,False,True,True,False,False,False,False,False,False,True,True,True,False,True,11.5748588,77.8327301,Village/Town Center
1322,HITPA,H_22757,"Kauvery Hospital, Seelanaickenpatti, Salem TN.","9/50 TRICHY MAIN ROAD,SEELNAIKANPATTY,SALEM",Salem,PVT,Multi,PVT HOSPITAL,PVT,27,18-12-2018,2018,A3,False,True,True,False,True,False,True,True,True,False,True,True,False,False,False,True,False,True,False,True,True,True,False,False,True,False,False,True,True,False,False,True,False,False,False,True,True,True,True,True,11.6469616,78.2106958,District Center
1323,HITPA,H_18940,"Kiruba Hospital Rajaji Road,Salem TN.","RAJAJI ROAD, SALEM - 636007",Salem,PVT,Multi,PVT HOSPITAL,PVT,5,19-04-2017,2017,A4,False,True,True,False,True,False,True,True,True,True,True,True,False,False,False,False,False,True,False,False,True,True,False,False,True,False,False,True,True,False,False,True,True,False,False,True,True,True,False,True,11.6551982,78.1581771,Village/Town Center
2216,HITPA,H_22678,"Krishna MRI and CT scan,Salem DC.",,Salem,Private,Multi,DC PVT-STANDALONE,Pvt,21,16-07-2018,2018,,False,False,False,False,False,False,False,False,False,False,False,False,False,False,False,False,False,False,False,False,False,False,False,False,False,False,False,False,False,False,False,False,False,False,False,False,False,False,False,False,11.6469616,78.2106958,District Center
1324,HITPA,H_18579,"Kurinji Hospital,Salem TN.",Dr.Teejay Salai Five Roads Opp Chenneys gateway,Salem,PVT,Multi,PVT HOSPITAL,PVT,4,12-04-2017,2017,A2,False,True,True,False,False,False,True,False,True,True,False,True,False,False,False,True,False,False,False,True,True,True,False,False,True,False,True,True,True,False,False,False,False,False,False,True,False,True,True,True,11.6771806,78.1351224,Exact Hospital
1325,HITPA,H_18959,"London Ortho Hospital Omalur Md Rd,Salem TN.","55, RATHINASAMYPURAM, OPP ANNA PARK OMALUR MAIN ROAD SALEM",Salem,PVT,Multi,PVT HOSPITAL,PVT,2,27-03-2017,2017,A4,False,False,False,False,False,False,True,False,True,False,False,False,False,False,False,False,False,False,False,False,False,False,False,False,True,False,False,False,True,False,False,False,False,False,False,True,False,False,False,True,11.6469616,78.2106958,District Center
1391,HITPA,H_26033,"Manima Hospitals, Salem, TN.","2/27,TRICHY MAIN ROAD,SEELANAICKENPATTI,SALEM,TAMIL NADU-636201",Salem,PVT,Multi,PVT HOSPITAL,PVT,78,01-08-2024,2024,A6,False,False,False,False,False,False,False,False,False,False,False,False,False,False,False,False,False,True,False,False,False,False,False,False,True,False,False,False,True,False,False,False,False,False,False,True,True,True,False,False,11.623248,78.1465721,Exact Hospital
1326,HITPA,H_18928,"Manipal Hospital Dalmia Brd,Salem TN.","Dalmia board, salem to bangalore Highway",Salem,PVT,Multi,PVT HOSPITAL,PVT,5,19-04-2017,2017,A2,False,True,True,False,True,False,True,True,True,True,True,True,False,False,False,True,False,False,True,True,False,True,False,False,True,True,False,True,True,False,False,False,False,False,False,True,True,False,False,True,11.6469616,78.2106958,District Center
2220,HITPA,H_23024,"Mithra Scans, Salem DC.",,Salem,Private,Multi,DC PVT-STANDALONE,Pvt,34,25-11-2019,2019,,False,False,False,False,False,False,False,False,False,False,False,False,False,False,False,False,False,False,False,False,False,False,False,False,False,False,False,False,False,False,False,False,False,False,False,False,False,False,False,False,11.6469616,78.2106958,District Center
1398,HITPA,H_26382,"Naam Hospital, Salem, TN.","55, Sankari Main Rd, Annathanapatti,",Salem,PVT,Multi,PVT HOSPITAL,PVT,94,18-02-2026,2026,A4,False,False,False,False,False,False,False,False,False,True,False,True,False,False,False,False,False,False,False,True,False,False,False,False,True,False,False,False,True,False,False,False,False,False,False,True,True,True,False,False,11.6417081,78.1406484,Village/Town Center
1327,HITPA,H_18937,"Nathan Super Speciaty Hospt Holy Flr Sch,Salem TN.","ADVAITHA ASHRAMAM ROAD,OPP NEW BUS STAND, SALEM",Salem,PVT,Multi,PVT HOSPITAL,PVT,2,27-03-2017,2017,A2,False,False,False,False,False,False,True,True,True,True,False,True,False,False,True,False,False,False,False,True,True,True,False,False,True,False,False,False,True,False,False,False,False,False,False,True,False,False,False,True,11.6469616,78.2106958,District Center
1328,HITPA,H_18949,"Neuro Foundation Three Roads,Salem TN.","4/1,4/2, VIJAYARAJ TOWERS, MEYANOOR MAIN ROAD,THREE ROADS,",Salem,PVT,Multi,PVT HOSPITAL,PVT,5,19-04-2017,2017,A3,False,False,False,False,True,False,True,False,True,True,True,False,False,False,False,False,False,False,False,True,True,True,False,False,True,False,False,False,True,False,False,False,False,False,False,True,False,False,False,True,11.6469616,78.2106958,District Center
1329,HITPA,H_18509,"Pranav Hospital, Salem TN.","75, BRINDAVAN ROAD SALEM",Salem,PVT,Multi,PVT HOSPITAL,PVT,5,19-04-2017,2017,A6,False,True,False,False,False,False,True,False,True,True,True,True,False,False,False,False,False,False,False,False,False,False,False,False,True,True,False,True,False,False,False,False,False,False,False,False,True,False,False,False,11.6693372,78.142532,Exact Hospital
1330,HITPA,H_25999,"Preetham Advancd Criticl Care Hosp P.Ltd,Salem,TN.","75/6, Brindavan Road, Opposite New Bus Stand, Fairlands, Salem, Tamilnadu - 636004.",Salem,PVT,Multi,PVT HOSPITAL,PVT,76,06-05-2024,2024,A2,False,False,True,False,True,False,False,False,True,True,True,True,False,False,False,True,True,False,False,True,True,True,False,False,True,False,False,False,True,False,False,False,False,False,False,True,True,False,True,False,11.7845739,78.2077272,Village/Town Center
1331,HITPA,H_21135,"Priyam Speciality Hospital, Salem TN.","247,Bangalore Bypass Road, Kondalampatty, Salem, Tamil Nadu 636010.",Salem,PVT,Multi,PVT HOSPITAL,PVT,4,12-04-2017,2017,A3,False,True,False,False,True,False,True,True,True,True,True,True,False,False,True,False,False,True,True,True,False,True,False,False,True,True,True,False,True,False,False,True,False,False,True,True,False,True,True,True,11.63446,78.124388,Exact Hospital
1332,HITPA,H_22304,"Rajammal Hospital, Ammapet, Salem TN.","D.NO. 226, T.V.K. Road, Ammapet, Salem-3",Salem,PVT,Multi,PVT HOSPITAL,PVT,8,24-06-2017,2017,A6,False,False,False,False,False,False,True,False,False,False,False,False,False,False,False,False,False,False,False,False,False,False,False,False,False,False,False,False,True,False,False,False,False,False,False,False,False,False,False,False,11.658449,78.1807762,Exact Hospital
1333,HITPA,H_18877,"Rishi Nethralaya,Near Arts College,Salem TN.","83,Cherry Road, Near Govt. Arts COllege, Kumarasamypatty,Salem-636007",Salem,PVT,Single,PVT HOSPITAL,PVT,5,19-04-2017,2017,S2,False,False,False,False,False,False,True,False,False,False,False,False,False,False,False,False,False,False,False,False,False,False,False,True,False,False,False,False,False,False,False,False,False,False,False,False,False,False,False,False,11.6469616,78.2106958,District Center
1334,HITPA,H_18536,"RPS Hospital,Salem TN.","3/392-C, Trichy Main Road S.K.Nagar Seelanaickkenpatti Salem.",Salem,PVT,Multi,PVT HOSPITAL,PVT,5,19-04-2017,2017,A5,False,True,False,False,True,False,True,False,True,True,True,True,False,False,False,False,False,False,False,False,False,False,False,False,True,False,False,False,True,False,False,False,False,False,False,False,False,False,False,False,11.6260528,78.1474921,Exact Hospital
1335,HITPA,H_26055,"Sai Medical Centre, Coimbatore, TN.","70/1, OPP VIRUNDEESWARAR TEMPLE, K.VADAMADURAI, COIMBATORE-641017",SALEM,PVT,Multi,PVT HOSPITAL,PVT,79,28-08-2024,2024,,False,False,False,False,False,False,False,False,False,False,False,False,False,False,False,False,False,False,False,False,False,False,False,False,False,False,False,False,False,False,False,False,False,False,False,False,False,False,False,False,11.6469616,78.2106958,District Center
1336,HITPA,H_19487,"Salem Gopi Hospital,Ramakrishna Road,Salem TN.","23,b,ramakrishna Road",Salem,PVT,Single,PVT HOSPITAL,PVT,5,19-04-2017,2017,S1,False,False,False,False,False,False,True,False,False,False,True,False,False,False,False,False,False,False,False,True,False,False,False,False,False,False,False,False,False,False,False,False,False,False,False,False,False,False,False,False,11.0257625,77.0197935,Village/Town Center
1337,HITPA,H_18957,"Salem Polyclinic Omalur Road,Salam TN.","250,OMALUR MAIN ROAD,SALEM-636007",Salem,PVT,Multi,PVT HOSPITAL,PVT,5,19-04-2017,2017,A6,False,True,False,False,False,False,True,False,True,True,True,True,False,False,False,False,False,False,True,True,False,True,False,False,True,False,False,True,True,False,False,False,False,False,False,False,False,False,False,True,11.6469616,78.2106958,District Center
1338,HITPA,H_18881,"Saravana Hospital,Ammapet,Salem TN.","14.Thillai Nagar, 1st Cross",Salem,PVT,Multi,PVT HOSPITAL,PVT,5,19-04-2017,2017,A5,False,True,False,True,True,False,True,True,True,True,True,True,False,False,False,False,False,False,False,True,True,False,False,True,True,False,False,False,False,False,False,False,False,False,False,True,False,False,False,True,11.6636361,78.172283,Village/Town Center
1339,HITPA,H_18946,"Shanmuga Hospital Private Limited, Salem TN.","SHANMUGA HOSPITAL & SALEM CANCER INSTITUTE 24, SARADHA COLLEGE ROAD, SALEM - 636 007",Salem,PVT,Multi,PVT HOSPITAL,PVT,3,04-04-2017,2017,A2,False,True,False,False,False,False,True,True,True,True,False,True,False,False,False,True,False,True,True,True,False,True,False,False,True,True,True,True,True,False,False,False,True,False,False,True,False,True,False,True,11.6769525,78.1481901,Village/Town Center
1340,HITPA,H_22159,"Shanthi Nursing Home, Dadagapatti, Salem TN.","NEW MARIAMMAN KOIL STREET, NEAR PRABATH SIGNAL, DADAGAPATTI,",Salem,PVT,Multi,PVT HOSPITAL,PVT,6,15-05-2017,2017,A4,False,True,False,False,False,False,True,True,True,True,True,True,True,True,True,False,False,True,True,True,True,True,False,False,True,False,False,True,True,False,False,False,False,False,False,True,False,False,True,False,11.633611,78.152022,Village/Town Center
1341,HITPA,H_18954,"Sharon Cancer Ctr General Hsp Vinaya Rd, Salem TN.","18, TANMAG ROAD, VINAYAGAMPATTY, KANNANKURICHI POST, SALEM - 636008",Salem,PVT,Multi,PVT HOSPITAL,PVT,13,07-11-2017,2017,A5,False,False,False,False,False,False,True,True,False,True,False,True,False,False,False,False,False,True,False,False,False,False,False,False,True,False,False,False,False,False,False,False,False,False,False,False,False,False,False,False,11.6950702,78.1636347,Village/Town Center
1342,HITPA,H_21980,"Shri Bharathi Nursing Home, Salem TN.","NO,50,SHASTHRI NAGAR,SANKARI MAIN ROAD,ANNATHANAPATTI,SALEM",Salem,PVT,Multi,PVT HOSPITAL,PVT,0,02-02-2018,2018,A5,False,False,False,False,False,False,True,False,False,True,False,True,False,False,False,False,False,False,True,False,False,False,False,False,False,False,False,False,False,False,False,False,False,False,False,False,False,False,False,False,11.6417081,78.1406484,Village/Town Center
1343,HITPA,H_23773,"Shri Hospitals, Shankar Nagar,  Salem TN.","103C, Tamil Sangam Road, Sankar Nagar, Salem - 636007.",Salem,PVT,Multi,PVT HOSPITAL,PVT,53,18-09-2021,2021,A2,False,True,False,False,False,False,False,False,True,True,False,True,False,False,False,False,False,False,False,False,False,False,False,False,True,False,False,False,False,False,False,False,False,False,False,False,False,False,False,False,11.6551982,78.1581771,Village/Town Center
1344,HITPA,H_18934,"SISU Hospital India Pvt Ld Kandapatti,Salem TN.","3/303,Kandhampatty bye pass,Salem 636 005.",Salem,PVT,Multi,PVT HOSPITAL,PVT,8,24-06-2017,2017,A6,False,False,False,False,False,False,True,False,False,True,False,True,False,False,False,False,False,False,True,False,False,False,False,False,False,False,False,True,False,False,False,False,False,False,False,False,False,False,False,False,11.6469616,78.2106958,District Center
1345,HITPA,H_18568,"SKS Hospital,Salem TN.","23 SKS HOSPITAL ROAD, ALAGAPURAM, SALEM -4",Salem,PVT,Multi,PVT HOSPITAL,PVT,1,20-03-2017,2017,A1,False,True,True,False,False,True,True,False,True,True,True,True,False,False,False,True,True,True,True,True,True,True,False,True,True,True,True,True,True,False,False,False,False,False,False,True,False,True,True,True,11.6708128,78.1438328,Exact Hospital
1346,HITPA,H_19636,"SPMM Hospital Ammapet, Salem TN.","29,CUDDALORE MAIN ROAD, AMMAPET, SALEM.",Salem,PVT,Multi,PVT HOSPITAL,PVT,4,12-04-2017,2017,A1,False,True,True,False,True,False,True,True,True,True,True,True,False,True,False,True,False,True,True,True,False,True,False,True,True,True,True,False,True,False,False,True,False,False,False,True,True,True,True,True,11.6588239,78.1809483,Village/Town Center
1347,HITPA,H_21981,"Sree Jayam Ortho and Multispecialty Hosp,Salem TN.","Dr.Kiruba hospital Road,NH -7 Byepass ,Mallur.salem.",Salem,PVT,Multi,PVT HOSPITAL,PVT,1,20-03-2017,2017,A4,False,False,False,False,False,False,True,False,True,True,False,False,False,False,False,False,False,False,False,False,True,True,False,False,True,False,False,False,False,False,False,False,False,False,False,True,False,False,False,True,11.6469616,78.2106958,District Center
1348,HITPA,H_19637,"Sree Vasantham Hospital, Salem TN.","52/1,SANKAGIRI MAIN ROAD,NEAR ANNATHANAPATTY BUS STOP,OPP.POLICE COMMISSIONER OFFICE,GUGAI,SALEM-636",Salem,PVT,Single,PVT HOSPITAL,PVT,5,19-04-2017,2017,S1,False,False,False,False,False,False,True,False,False,False,False,False,False,False,False,False,False,False,False,True,False,False,False,False,False,False,False,False,False,False,False,False,False,False,False,False,False,False,False,False,11.540146,78.0545787,Exact Hospital
1349,HITPA,H_18574,"Sri Gokulam Hospital,Salem TN.","UNIT I 3/60, MEYYANUR ROAD, SALEM-636004 UNIT II 202,BANGALORE BYE PASS ROAD, SALEM-636004",Salem,PVT,Multi,PVT HOSPITAL,PVT,3,04-04-2017,2017,A1,False,True,True,True,True,False,False,True,True,True,True,False,False,False,False,True,True,True,True,True,True,True,False,False,True,True,True,False,True,False,False,True,False,False,False,True,True,True,True,True,11.6788724,78.1274258,Exact Hospital
1350,HITPA,H_18943,"Sri Shellappa Hospital Rajaram Nagar,Salem TN.","239, Rajaram nagar, Near gandhi stadium, Salem",Salem,PVT,Multi,PVT HOSPITAL,PVT,1,20-03-2017,2017,A3,False,True,True,True,False,False,True,True,True,True,True,True,False,False,False,False,False,True,False,True,True,True,False,False,True,False,True,True,True,False,False,True,False,False,False,True,True,True,False,True,11.6469616,78.2106958,District Center
2236,HITPA,H_26417,"Starmed Health Centre, Salem, TN.",,Salem,Private,Single,PVT HOSPITAL,Pvt,96,08-04-2026,2026,,False,False,False,False,False,False,False,False,False,False,False,False,False,False,False,False,False,False,False,False,False,False,False,False,False,False,False,False,False,False,False,False,False,False,False,False,False,False,False,False,11.6469616,78.2106958,District Center
1351,HITPA,H_22430,"Subam Hospital, Elampillai, Salem TN.","566,B-KAKAPALAYAM MAIN ROAD, OPP TO BUS STAND, MOTTUR, EDANGANASALAI, ELAMPILLAI, SANKARI TALUK,",Salem,PVT,Multi,PVT HOSPITAL,PVT,13,07-11-2017,2017,A5,False,False,False,False,False,False,True,True,True,True,True,True,False,False,True,False,False,False,False,False,False,False,False,False,True,False,False,False,False,False,False,False,False,False,False,False,True,False,False,False,11.6469616,78.2106958,District Center
1352,HITPA,H_26158 ,"Sun Srishti Speciality Hospital, Salem TN.","135 B,NEAR BUS STAND ,KAKKAPALAYAM MAIN ROAD ELAMPILLAI",Salem,PVT,Multi,PVT HOSPITAL,PVT,84,26-03-2025,2025,A6,False,False,False,False,False,False,False,False,True,True,False,False,False,False,False,False,False,False,False,True,False,False,False,False,True,False,False,False,False,False,False,False,False,False,False,False,True,False,False,False,11.6469616,78.2106958,District Center
1353,HITPA,H_21368,"Sundaram Multispeciality Hospital, Salem TN.","SADAGOPAN STREET, NORTH UDAYARPALAYAM, NEAR GANDHI STATUE ATTUR, SALEM DISTRICT - 636102",Salem,PVT,Multi,PVT HOSPITAL,PVT,5,19-04-2017,2017,A3,False,True,False,True,False,False,False,True,True,True,True,True,False,False,True,False,False,False,True,True,True,True,False,False,True,True,False,True,True,False,False,False,False,False,False,True,True,True,False,True,11.6591681,78.1582186,Village/Town Center
1354,HITPA,H_24432,"Thambi Medical Surgical Eye Hospital, Salem TN.","51,LRN COLONY,SARADA COLLEGE ROAD",Salem,PVT,Single,PVT HOSPITAL,PVT,50,30-07-2021,2021,S2,False,False,False,False,False,False,False,False,False,False,False,False,False,False,False,False,False,False,False,False,False,False,False,True,False,False,False,False,False,False,False,False,False,False,False,False,False,False,False,False,11.6469616,78.2106958,District Center
2235,HITPA,H_26182,"Thangavelu Hospital, Salem TN.",,Salem,PVT,Multi,PVT HOSPITAL,PVT,87,28-05-2025,2025,,False,False,False,False,False,False,False,False,False,False,False,False,False,False,False,False,False,False,False,False,False,False,False,False,False,False,False,False,False,False,False,False,False,False,False,False,False,False,False,False,11.8177944,77.856542,Exact Hospital
1355,HITPA,H_25588 ,"The Eye Foundation, Salem TN.","4/289 1,2,3 SARADHA COLLEGE ROAD,NEAR ALAGAPURAM POLICE STATION,NEW FAIRLANDS,SALEM-16",Salem,PVT,Single,PVT HOSPITAL,PVT,57,23-03-2022,2022,S2,False,False,False,False,False,False,False,False,False,False,False,False,False,False,False,False,False,False,False,False,False,False,False,True,False,False,False,False,False,False,False,False,False,False,False,False,False,False,False,False,11.6469616,78.2106958,District Center
1356,HITPA,H_21982,"Universal Cancer Hospital Limited, Salem TN.","370,JARI KONDALAMPATTY,NEAR KONDALAMPATTY ROUNDANA,SALEM-636010",Salem,PVT,Multi,PVT HOSPITAL,PVT,1,20-03-2017,2017,A4,False,True,False,False,False,False,True,False,True,True,True,True,False,False,False,False,False,True,False,True,True,True,False,False,True,True,True,True,True,False,False,True,True,False,False,True,True,True,False,True,11.6469616,78.2106958,District Center
1357,HITPA,H_26253 ,"Vasan Eye Care Hospital, Salem TN.","60/1-60/8,ADVAITHA ASHRAM ROAD,OPP. NEW BUS STAND Salem Main ",Salem,Private,Single,PVT HOSPITAL,Pvt,88,25-06-2025,2025,S2,False,False,False,False,False,False,False,False,False,False,False,False,False,False,False,False,False,False,False,False,False,False,False,True,False,False,False,False,False,False,False,False,False,False,False,False,False,False,False,False,10.9560967,76.9540004,Exact Hospital
1360,HITPA,H_18399,"Vinayaga Mission Kirubananda Med Colg Hp,Salem TN.","Sankari Main Road (NH-A1), Seeragapadi (Post)",Salem,PVT-MC,Multi,PVT-MC,PVT,4,12-04-2017,2017,A4,False,True,False,True,True,False,True,False,True,True,True,True,False,False,True,False,False,False,False,True,True,True,False,True,True,False,True,True,True,False,False,True,False,False,False,True,False,False,False,True,11.6469616,78.2106958,District Center
1358,HITPA,H_18409,"Vinayaka Mission SuperSpecialty Hospital,Salem TN.","NH-47 SANKARI MAIN ROAD,VEERAPANDI(PO) SALEM (DT) PIN : 636308",Salem,PVT,Multi,PVT HOSPITAL,PVT,5,19-04-2017,2017,A1,False,True,True,False,False,False,True,False,True,True,True,True,False,False,False,True,False,True,False,True,True,True,False,False,True,False,True,True,True,False,False,True,False,False,False,True,True,False,True,True,11.6469616,78.2106958,District Center
993,Vidal,H_22055,"Adithiya Multi Specialty Hospital,Sivagangai,TN.","THILAGAR NAGAR, WATER TANK NEAR, KARAIKUDI",Sivagangai,Private,Multi,PVT HOSPITAL,Pvt,24,08-10-2018,2017,A6,False,False,False,False,False,False,True,False,False,False,False,True,False,False,False,False,False,False,False,False,False,False,False,False,True,False,False,False,False,False,False,False,False,False,False,False,False,False,False,False,9.9650599,78.7204283,District Center
994,Vidal,H_22035,"Anbhu Ramachandran Hospital,Sivagangai,TN.","NO:40,SILAMBANI SANNATHI STREET,DEVAKOTTAI,SIVAGANGAI",Sivagangai,Private,Multi,PVT HOSPITAL,Pvt,1,20-03-2017,2017,A3,False,False,False,False,True,False,True,True,True,True,False,True,False,False,True,False,False,False,False,False,False,False,False,False,True,True,True,False,False,False,False,False,False,False,False,True,True,False,False,False,9.948384,78.818512,Exact Hospital
995,Vidal,H_18407,"Apollo Hospitals,Sivagangai TN.","MADURAI ROAD,MANAGIRI,KARAIKUDI-630307",Sivagangai,Private,Multi,PVT HOSPITAL,Pvt,4,12-04-2017,2017,A2,False,True,True,False,False,False,True,False,True,True,True,True,False,False,True,True,False,False,True,True,False,False,False,False,True,True,False,True,False,False,False,True,False,False,False,True,False,False,False,True,10.0715077,78.7065819,Exact Hospital
996,Vidal,H_26262,"CS Multispecialty Hospital, Sivagangai, TN.","111, MAHATHMA GANDHI ROAD, SOODAMANIPURAM, KARAIKUDI-630003. ",SIVAGANGAI,Private,Multiple,PVT HOSPITAL,Pvt,88,25-06-2025,2025,A5,False,False,False,False,False,False,False,True,True,True,True,True,False,False,False,False,False,True,False,False,False,False,False,False,True,False,False,False,False,False,False,False,False,False,False,False,False,True,False,False,9.9650599,78.7204283,District Center
1062,Vidal,H_26339,"Dev Hospital, Sivagangai, TN.","NO.6, SUBRAMANIYAPURAM NEW STREET, DEVAKOTTAI, SIVAGANGAI - 630302 ",Sivagangai,Private,Single,PVT HOSPITAL,Pvt,92,26-11-2025,2025,S2,False,False,False,False,False,False,False,False,False,False,False,False,False,False,False,False,False,False,False,False,False,False,False,False,True,False,False,False,False,False,False,False,False,False,False,False,False,False,False,False,10.0637695,78.7775022,Village/Town Center
997,Vidal,H_18311,"Devaki Surgical Clinic,Sivagangai TN.","NO.6 ,ARUNACHALAM,CHETTINAR STREET,NEAR PERIYAR STATUE,KARAIKUDI-630001",Sivagangai,Private,Multi,PVT HOSPITAL,Pvt,7,23-05-2017,2017,A4,False,False,False,False,False,False,True,False,True,True,True,True,False,False,True,False,False,True,False,False,True,True,False,False,True,False,False,False,True,False,False,True,False,False,False,True,False,False,False,False,10.0728444,78.7795194,Village/Town Center
998,Vidal,H_26307,"Dr. Meena Muthiah Hospital, Sivagangai, TN.",NO 86/1 SIVAN KOVIL SALAI CHETTINAD KARAIKUDI TALUK VILLAGE SIVAGANGAI TAMIL NADU ,Sivagangai,Private,Multi,PVT HOSPITAL,Pvt,90,24-09-2025,2025,A6,False,False,False,False,False,False,False,False,False,True,False,False,False,False,False,False,False,False,False,True,False,False,False,False,False,False,False,False,False,False,False,False,False,False,False,False,False,False,False,False,9.9650599,78.7204283,District Center
999,Vidal,H_26100,"Global Mission Hosp and Resr Inst,Sivagangai, TN.",25 Koviloor Road Karaikudi Sivagangai District,Sivagangai,Private,Multi,PVT HOSPITAL,Pvt,81,04-12-2024,2024,A6,False,False,False,False,False,False,False,True,True,True,False,False,False,False,False,False,False,False,False,True,False,False,False,False,True,False,False,False,False,False,False,False,False,False,False,False,True,False,False,False,9.9650599,78.7204283,District Center
637,Vidal,H_19091,"Government Medical College, Sivagangai TN. ","THE DEAN GOVT. SIVAGANGAI MEDICAL COLLEGE HOSPITAL, SIVAGANGAI-630561.",Sivagangai,Medical College Hospital ,Multi,Govt-DME,Govt,1,20-03-2017,2017,A1,False,True,True,True,True,True,True,True,True,True,True,True,True,True,True,True,True,True,True,True,True,True,True,True,True,True,True,True,True,False,True,True,True,False,True,True,True,True,True,True,9.8387181,78.4784116,Exact Hospital
670,Vidal,H_22650,"Govt Hospital Manamadurai,Sivagangai,TN.","NH36, Manamadurai",Sivagangai,Sub-district Hospital,Multi,Govt-DMS,Govt,19,21-06-2018,2018,A1,False,True,True,True,True,True,True,True,True,True,True,True,True,True,True,True,True,True,True,True,True,True,True,True,True,True,True,True,True,False,True,True,True,False,True,True,True,True,True,True,9.6943125,78.4592323,Exact Hospital
668,Vidal,H_22602,"Govt Hospital Singampunari, Sivagangai TN.","Barathi nagar, Singampunari, Sivagangai, Tamilnadu-630502",Sivagangai,Sub-district Hospital,Multi,Govt-DMS,Govt,16,14-03-2018,2018,A1,False,True,True,True,True,True,True,True,True,True,True,True,True,True,True,True,True,True,True,True,True,True,True,True,True,True,True,True,True,False,True,True,True,False,True,True,True,True,True,True,10.1817572,78.4200874,Exact Hospital
636,Vidal,H_19475,"Govt Hospital Thirupathur, Sivagangai TN.","GH, MELURROAD, THIRUPATTUR - 630 711.",Sivagangai,Sub-district Hospital,Multi,Govt-DMS,Govt,1,20-03-2017,2017,A1,False,True,True,True,True,True,True,True,True,True,True,True,True,True,True,True,True,True,True,True,True,True,True,True,True,True,True,True,True,False,True,True,True,False,True,True,True,True,True,True,9.9650599,78.7204283,District Center
669,Vidal,H_22601,"Govt Hospital Thiruppuvanam, Sivagangai TN.","Madurai to Rameshwaram Main road, Thiruppuvanam, Sivagangai, Tamilnadu-630611",Sivagangai,Sub-district Hospital,Multi,Govt-DMS,Govt,16,14-03-2018,2018,A1,False,True,True,True,True,True,True,True,True,True,True,True,True,True,True,True,True,True,True,True,True,True,True,True,True,True,True,True,True,False,True,True,True,False,True,True,True,True,True,True,9.8240865,78.2578695,Exact Hospital
688,Vidal,H_24400,"Govt Hospital, Kanandur, Sivagangai TN.","Near sakkottai main Road,Karaikudi Taluk,Sivagangai Dist.",Sivagangai,Sub-district Hospital,Multi,Govt-DMS,Govt,49,07-07-2021,2021,A1,False,True,True,True,True,True,True,True,True,True,True,True,True,True,True,True,True,True,True,True,True,True,True,True,True,True,True,True,True,False,True,True,True,False,True,True,True,True,True,True,10.137832,78.849404,Village/Town Center
689,Vidal,H_24401,"Govt Hospital, Pulankurichi, Sivagangai TN.","Near Amman koil, Pulankurichi, S. Pudur block, Thirupathur Tk, Sivagangai Dist.",Sivagangai,Sub-district Hospital,Multi,Govt-DMS,Govt,49,07-07-2021,2021,A1,False,True,True,True,True,True,True,True,True,True,True,True,True,True,True,True,True,True,True,True,True,True,True,True,True,True,True,True,True,False,True,True,True,False,True,True,True,True,True,True,9.9650599,78.7204283,District Center
638,Vidal,H_19089,"Govt hospital,Devakottai,Sivagangai,TN","GH ROAD, DEVAKOTTAI,TAMIL NADU,- PIN CODE-630302",Sivagangai,Sub-district Hospital,Multi,Govt-DMS,Govt,1,20-03-2017,2017,A1,False,True,True,True,True,True,True,True,True,True,True,True,True,True,True,True,True,True,True,True,True,True,True,True,True,True,True,True,True,False,True,True,True,False,True,True,True,True,True,True,9.7875524,78.8255109,Exact Hospital
678,Vidal,H_23167,"Govt Hospital,Ilayankudi,Sivagangai TN.","Near Bus Stand, Govt. Hospital, Ilayangudi, Sivagangai, Tamilnadu - 630702",Sivagangai,Sub-district Hospital,Multi,Govt-DMS,Govt,35,17-02-2020,2020,A1,False,True,True,True,True,True,True,True,True,True,True,True,True,True,True,True,True,True,True,True,True,True,True,True,True,True,True,True,True,False,True,True,True,False,True,True,True,True,True,True,10.0081531,78.4511214,Village/Town Center
1942,Vidal,H_22525,"Govt.DDWO,Sivagangai TN.",,Sivagangai,DDWO,DDWO,DDWO,Govt,15,22-02-2018,2018,,False,False,False,False,False,False,False,False,False,False,False,False,False,False,False,False,False,False,False,False,False,False,False,False,False,False,False,False,False,False,False,False,False,False,False,False,False,False,False,False,9.9650599,78.7204283,District Center
1798,Vidal,H_24523,"Govt.GPHC Thiruvegampet,Sivagangai TN. ","Thiruvegampet,Sivagangai",Sivagangai,UPHC,Multi,Govt-MTM,Govt,51,23-08-2021,2021,A1,False,False,False,False,False,False,False,False,False,False,False,False,False,False,False,False,False,False,False,False,False,True,False,False,False,False,False,False,False,False,False,False,False,False,True,False,False,False,False,False,9.8301346,78.7857808,Village/Town Center
635,Vidal,H_18500,"Govt.Head Qrtrs Hosp Karaikudi,Sivagangai TN.","EDAI THERU, KARAIKUDI GOVT. GH, KARAIKUDI-630001",Sivagangai,District Hospital,Multi,Govt-DMS,Govt,1,20-03-2017,2017,A1,False,True,True,True,True,True,True,True,True,True,True,True,True,True,True,True,True,True,True,True,True,True,True,True,True,True,True,True,True,False,True,True,True,False,True,True,True,True,True,True,10.0728444,78.7795194,Village/Town Center
677,Vidal,H_23165,"Govt.Hospital,Kalayarkovil,Sivagangai TN.","Madurai to thondi raod, Somanathamangalam, Kalayarkoil, Sivagangai, Tamil Nadu-630551",Sivagangai,Sub-district Hospital,Multi,Govt-DMS,Govt,35,17-02-2020,2020,A1,False,True,True,True,True,True,True,True,True,True,True,True,True,True,True,True,True,True,True,True,True,True,True,True,True,True,True,True,True,False,True,True,True,False,True,True,True,True,True,True,9.9650599,78.7204283,District Center
675,Vidal,H_23166,"Govt.Hospital,Kanadukathan,Sivagangai TN.","Kanadukathan,Sivagangai ",Sivagangai,Sub-district Hospital,Multi,Govt-DMS,Govt,35,17-02-2020,2020,A1,False,True,True,True,True,True,True,True,True,True,True,True,True,True,True,True,True,True,True,True,True,True,True,True,True,True,True,True,True,False,True,True,True,False,True,True,True,True,True,True,10.1688874,78.78294,Exact Hospital
1797,Vidal,H_24515,"Govt.PHC Maravamangalam,Sivagangai TN. ","Maravamangalam,Sivagangai",Sivagangai,UPHC,Multi,Govt-MTM,Govt,51,23-08-2021,2021,A1,False,False,False,False,False,False,False,False,False,False,False,False,False,False,False,False,False,False,False,False,False,True,False,False,False,False,False,False,False,False,False,False,False,False,True,False,False,False,False,False,9.7668876,78.6399811,Village/Town Center
1799,Vidal,H_24526,"Govt.PHC Salaigramam,Sivagangai TN. ","Salaigramam,Sivagangai",Sivagangai,UPHC,Multi,Govt-MTM,Govt,51,23-08-2021,2021,A1,False,False,False,False,False,False,False,False,False,False,False,False,False,False,False,False,False,False,False,False,False,True,False,False,False,False,False,False,False,False,False,False,False,False,True,False,False,False,False,False,9.9650599,78.7204283,District Center
676,Vidal,H_23168,"Govt.Somanathapuram TB Hospital,Sivagangai TN.","Near CISF Army camp, somanathapuram, amaravathiputhur post, karaikudi talk, sivagangai dist, 630301",Sivagangai,Sub-district Hospital,Multi,Govt-DMS,Govt,35,17-02-2020,2020,A1,False,True,True,True,True,True,True,True,True,True,True,True,True,True,True,True,True,True,True,True,True,True,True,True,True,True,True,True,True,False,True,True,True,False,True,True,True,True,True,True,10.0081531,78.4511214,Village/Town Center
1802,Vidal,H_24744,"Govt.UPHC Kallal,Sembanoor,Sivagangai TN.","Kallal,Sembanoor,Sivagangai",Sivagangai,UPHC,Multi,Govt-MTM,Govt,52,09-08-2021,2021,A1,False,False,False,False,False,False,False,False,False,False,False,False,False,False,False,False,False,False,False,False,False,True,False,False,False,False,False,False,False,False,False,False,False,False,True,False,False,False,False,False,9.9650599,78.7204283,District Center
1803,Vidal,H_24745,"Govt.UPHC Kannankudi,Sivagangai TN.","Kannankudi,Sivagangai",Sivagangai,UPHC,Multi,Govt-MTM,Govt,52,09-08-2021,2021,A1,False,False,False,False,False,False,False,False,False,False,False,False,False,False,False,False,False,False,False,False,False,True,False,False,False,False,False,False,False,False,False,False,False,False,True,False,False,False,False,False,9.9211546,78.8774371,Village/Town Center
1810,Vidal,H_24761,"Govt.UPHC Keelapongudi, Sivagangai TN.","Keelapongudi, Sivagangai",Sivagangai,UPHC,Multi,Govt-MTM,Govt,52,09-08-2021,2021,A1,False,False,False,False,False,False,False,False,False,False,False,False,False,False,False,False,False,False,False,False,False,True,False,False,False,False,False,False,False,False,False,False,False,False,True,False,False,False,False,False,9.9650599,78.7204283,District Center
1804,Vidal,H_24746,"Govt.UPHC Manamadurai,muthanendal,Sivagangai TN.","Manamadurai,muthanendal,Sivagangai",Sivagangai,UPHC,Multi,Govt-MTM,Govt,52,09-08-2021,2021,A1,False,False,False,False,False,False,False,False,False,False,False,False,False,False,False,False,False,False,False,False,False,True,False,False,False,False,False,False,False,False,False,False,False,False,True,False,False,False,False,False,9.7444956,78.3915515,Village/Town Center
1806,Vidal,H_24757,"Govt.UPHC Sakkottai,Puduvayal,Sivagangai TN.","Sakkottai,Puduvayal,Sivagangai",Sivagangai,UPHC,Multi,Govt-MTM,Govt,52,09-08-2021,2021,A1,False,False,False,False,False,False,False,False,False,False,False,False,False,False,False,False,False,False,False,False,False,True,False,False,False,False,False,False,False,False,False,False,False,False,True,False,False,False,False,False,10.1057667,78.8384415,Village/Town Center
1807,Vidal,H_24758,"Govt.UPHC Singampunari,Piranamalai,Sivagangai TN.","Singampunari,Piranamalai,Sivagangai",Sivagangai,UPHC,Multi,Govt-MTM,Govt,52,09-08-2021,2021,A1,False,False,False,False,False,False,False,False,False,False,False,False,False,False,False,False,False,False,False,False,False,True,False,False,False,False,False,False,False,False,False,False,False,False,True,False,False,False,False,False,9.9650599,78.7204283,District Center
1808,Vidal,H_24759,"Govt.UPHC Thirupuvanam,Poovanthy,Sivagangai TN.","Thirupuvanam,Poovanthy,Sivagangai",Sivagangai,UPHC,Multi,Govt-MTM,Govt,52,09-08-2021,2021,A1,False,False,False,False,False,False,False,False,False,False,False,False,False,False,False,False,False,False,False,False,False,True,False,False,False,False,False,False,False,False,False,False,False,False,True,False,False,False,False,False,9.9650599,78.7204283,District Center
1809,Vidal,H_24760,"Govt.UPHC Tirupathur,Nerkuppai, Sivagangai TN.","Tirupathur,Nerkuppai,",Sivagangai,UPHC,Multi,Govt-MTM,Govt,52,09-08-2021,2021,A1,False,False,False,False,False,False,False,False,False,False,False,False,False,False,False,False,False,False,False,False,False,True,False,False,False,False,False,False,False,False,False,False,False,False,True,False,False,False,False,False,10.2272825,78.5329705,Village/Town Center
1805,Vidal,H_24875,"Govt.UPHC V Pudur,Sivagangai TN.","Pudur,Sivagangai",Sivagangai,UPHC,Multi,Govt-MTM,Govt,52,09-08-2021,2021,A1,False,False,False,False,False,False,False,False,False,False,False,False,False,False,False,False,False,False,False,False,False,True,False,False,False,False,False,False,False,False,False,False,False,False,True,False,False,False,False,False,9.6456154,78.6258119,Village/Town Center
1000,Vidal,H_23580,"Jedaiah Steve Hospital,Karaikudai,Sivagangai TN.","No.5 SUBRAMANIYAM 7th STREET, south extn, KARAIKUDI -630002",Sivagangai,Private,Multi,PVT HOSPITAL,Pvt,42,09-12-2020,2020,A2,False,False,False,False,False,False,True,False,True,True,True,True,False,False,False,False,False,False,False,True,False,False,False,False,True,True,False,False,False,False,False,False,False,False,False,True,False,False,True,False,10.0728444,78.7795194,Village/Town Center
1001,Vidal,H_26149,"Karaikudi Kidney and Specialty Hosp,Sivagangai TN.",No 286/41 294/3B Avudaipoigai Trichy to rameshwaram By-Pass road T. Soorakudi Karaikudi Sivaganga,Sivagangai,Private,Multi,PVT HOSPITAL,Pvt,85,26-03-2025,2025,A3,False,False,False,False,False,False,False,False,True,True,True,False,False,False,False,False,False,False,False,True,False,False,False,False,True,False,False,False,False,False,False,False,False,False,False,False,False,False,True,False,9.9650599,78.7204283,District Center
1002,Vidal,H_21377,"Karaikudi Medical Centre,Sivagangai TN.","425, MUDIYARASANAR SALAI, MARUTHURPANDIYAR NAGAR, KARAIKUDI ",Sivagangai,Private,Multi,PVT HOSPITAL,Pvt,4,12-04-2017,2017,A2,False,True,False,False,True,True,True,True,True,True,True,False,False,False,True,True,False,False,True,True,True,True,False,False,True,True,True,True,True,False,False,True,False,False,True,True,True,False,True,True,9.9650599,78.7204283,District Center
1003,Vidal,H_22368,"Karthik Multi Speciality Hospital, Sivagangai TN.","NO-28, MADURAI MAIN ROAD, SIVAGANGAI – 630561",Sivagangai,Private,Multi,PVT HOSPITAL,Pvt,10,21-08-2017,2018,A6,False,False,False,False,False,False,False,False,True,True,False,False,False,False,False,False,False,False,False,True,False,False,False,False,False,False,False,False,False,False,False,True,False,False,False,False,False,False,False,False,9.8631183,78.4801992,Village/Town Center
1967,Vidal,H_24944,"Liberty MRI and CT Scan Center, Sivagangai DC.",,Sivagangai,Private,PVT-STANDALONE,DC PVT-STANDALONE,Pvt,55,12-11-2021,2021,,False,False,False,False,False,False,False,False,False,False,False,False,False,False,False,False,False,False,False,False,False,False,False,False,False,False,False,False,False,False,False,False,False,False,False,False,False,False,False,False,9.9650599,78.7204283,District Center
1912,Vidal,H_22404,"Nambikkai Spl Scl Mtly Rtrd,Autism,Sivagangai TN",,Sivagangai,Private,Autism ,PVT AUTISM,Pvt,12,25-09-2017,2017,,False,False,False,False,False,False,False,False,False,False,False,False,False,False,False,False,False,False,False,False,False,False,False,False,False,False,False,False,False,False,False,False,False,False,False,False,False,False,False,False,9.9650599,78.7204283,District Center
1004,Vidal, H_25940,"Nirubarajan Lifecare Hospital, Sivagangai TN.",,Sivagangai,Private,Multi,PVT HOSPITAL,Pvt,72,17-11-2023,2023,A6,False,False,False,False,False,False,False,False,True,True,False,True,False,False,False,False,False,False,False,True,False,False,False,False,False,False,False,False,False,False,False,False,False,False,False,False,True,False,False,False,9.9650599,78.7204283,District Center
1005,Vidal,H_18229,"Padmini Urology Clinic,Sivaganagi TN.","11,SANTHA VINAYAGAR KOIL STREET,OPP TO LIC,VOC ROAD,KARAIKUDI-630001",Sivagangai,Private,Single,PVT HOSPITAL,Pvt,3,04-04-2017,2017,S1,False,False,False,False,False,False,False,False,False,False,True,False,False,False,False,False,False,False,False,True,False,False,False,False,False,False,False,False,False,False,False,False,False,False,False,False,False,False,False,False,10.0728444,78.7795194,Village/Town Center
1006,Vidal,H_22100,"RMS Pusali Ammal Nursing Home,Sivagangai,TN.","10-1/3,park road,singampunari,",Sivagangai,Private,Multi,PVT HOSPITAL,Pvt,24,08-10-2018,2017,A6,False,False,False,False,False,False,True,False,True,True,False,True,False,False,False,False,False,False,False,False,False,False,False,False,True,False,False,False,False,False,False,False,False,False,False,True,False,True,False,False,10.1834134,78.4216117,Village/Town Center
1007,Vidal,H_23938,"Sahayarani Hospital, Kalayarkovil,Sivagangai TN.","Sahayarani Hospital,Thondi road, Kalayarkovil,Sivaganagai district,Tamil nadu ",Sivagangai,Private,Multi,PVT HOSPITAL,Pvt,56,13-01-2022,2020,A6,False,False,False,False,True,False,False,False,False,True,True,False,False,False,False,False,False,False,False,True,False,False,False,False,True,False,False,False,False,False,False,False,False,False,False,True,False,False,False,False,9.9650599,78.7204283,District Center
1008,Vidal,H_18463,"Senthil Hospital,Sivagangai TN.","9-B,MANTHOPPU STREET,DEVAKOTTAI-630302",Sivagangai,Private,Multi,PVT HOSPITAL,Pvt,4,12-04-2017,2017,A1,False,True,True,True,True,False,True,True,True,True,True,True,False,False,True,True,False,True,True,True,True,True,False,True,True,True,True,True,True,False,False,True,False,False,True,True,True,True,True,True,9.9483714,78.8221554,Exact Hospital
1941,Vidal,H_22484,"Sivagangai MC, DEIC, Sivagangai TN.",,Sivagangai,DEIC,DEIC,DEIC,Govt,0,14-02-2018,2018,,False,False,False,False,False,False,False,False,False,False,False,False,False,False,False,False,False,False,False,False,False,False,False,False,False,False,False,False,False,False,False,False,False,False,False,False,False,False,False,False,9.9650599,78.7204283,District Center
1009,Vidal,H_18222,"SM Hospital, Sivagangai TN.","20, SARASWATHI VASAGA SALAI, DEVAKOTTAI, SIVAGANGAI - 630302.",Sivagangai,Private,Multi,PVT HOSPITAL,Pvt,6,15-05-2017,2017,A5,False,False,False,False,False,False,True,False,True,True,True,False,False,False,True,False,False,False,False,True,False,False,False,False,True,False,False,False,True,False,False,False,False,False,False,False,False,False,True,False,10.0637695,78.7775022,Village/Town Center
1010,Vidal,H_22121,"Sri Suba Kowsik Hospital,Sivagangai TN.","NO:36,SUBRAMANIAPURAM STREET, DEVKOTTAI, SIVAGANGAI",Sivagangai,Private,Single,PVT HOSPITAL,Pvt,6,15-05-2017,2017,S2,False,False,False,False,False,False,False,False,False,False,True,False,False,False,False,False,False,False,False,False,False,False,False,False,False,False,False,False,False,False,False,False,False,False,False,False,False,False,False,False,9.950882,78.816915,Exact Hospital
1011,Vidal,H_26168,"St.Joseph S Hospital, Puliyal, Sivagangai, TN.",PULIYAL DEVAKOTTAI TALUK SIVAGANGAI DISTRICT 630312 ,Sivagangai,Private,Multi,PVT HOSPITAL,Pvt,86,30-04-2025,2025,A5,False,False,False,False,False,False,False,False,True,False,False,False,False,False,False,False,False,False,False,True,False,False,False,False,False,False,False,True,False,False,False,False,False,False,False,False,False,False,False,False,9.847558,78.865929,Exact Hospital
1065,Vidal,H_26349,"Veera Hospital, Sivagangai, TN.","NO-1,SILAMBANI SANNATHI STREET",Sivagangai,Private,Multi,PVT HOSPITAL,Pvt,93,02-01-2026,2026,S2,False,False,False,False,False,False,False,False,False,False,False,False,False,False,False,False,False,False,False,False,False,False,False,False,True,False,False,False,False,False,False,False,False,False,False,False,False,False,False,False,10.0789186,78.7775129,Exact Hospital
1913,Vidal,H_21038,"Aarthi Scans, Tenkasi, Tenkasi Dc.",,Tenkasi,Private,PVT-STANDALONE,DC PVT-STANDALONE,Pvt,2,27-03-2017,2017,,False,False,False,False,False,False,False,False,False,False,False,False,False,False,False,False,False,False,False,False,False,False,False,False,False,False,False,False,False,False,False,False,False,False,False,False,False,False,False,False,9.0933908,77.4758373,District Center
1944,Vidal,H_22610,"Amar Seva Sangam,Autism,Tenkasi TN.",,Tenkasi,Private,Autism ,PVT AUTISM,Pvt,16,14-03-2018,2018,,False,False,False,False,False,False,False,False,False,False,False,False,False,False,False,False,False,False,False,False,False,False,False,False,False,False,False,False,False,False,False,False,False,False,False,False,False,False,False,False,9.0933908,77.4758373,District Center
639,Vidal,H_18502,"Dist. Govt. Head Qrtrs Hosp Tenkasi,TN. ","NEAR NEW BUS STAND , TENKASI",Tenkasi,District Hospital,Multi,Govt-DMS,Govt,1,20-03-2017,2017,A1,False,True,True,True,True,True,True,True,True,True,True,True,True,True,True,True,True,True,True,True,True,True,True,True,True,True,True,True,True,False,True,True,True,False,True,True,True,True,True,True,9.0933908,77.4758373,District Center
1920,Vidal,H_26346,"Dist. Govt. Head Qrtrs Hosp, DEIC, Tenkasi, TN.",,Tenkasi,DEIC,Multi,DEIC,Govt,1,20-03-2017,2017,,False,False,False,False,False,False,False,False,False,False,False,False,False,False,False,False,False,False,False,False,False,False,False,False,False,False,False,False,False,False,False,False,False,False,False,False,False,False,False,False,9.0933908,77.4758373,District Center
641,Vidal,H_22132,"Govt Hospital Alangulam,Tenkasi TN.","TENKASI ROAD,ALANGULAM",Tenkasi,Sub-district Hospital,Multi,Govt-DMS,Govt,6,15-05-2017,2017,A1,False,True,True,True,True,True,True,True,True,True,True,True,True,True,True,True,True,True,True,True,True,True,True,True,True,True,True,True,True,False,True,True,True,False,True,True,True,True,True,True,8.867049,77.49199,Exact Hospital
642,Vidal,H_22131,"Govt Hospital Auikudi,Tenkasi TN.","Surandai main road, Govt Hospital, Auikudi",Tenkasi,Sub-district Hospital,Multi,Govt-DMS,Govt,6,15-05-2017,2017,A1,False,True,True,True,True,True,True,True,True,True,True,True,True,True,True,True,True,True,True,True,True,True,True,True,True,True,True,True,True,False,True,True,True,False,True,True,True,True,True,True,9.027653,77.330744,Village/Town Center
643,Vidal,H_22139,"Govt Hospital Kadayanallur,Tenkasi TN.","NEAR OLD BUS STAND,KADAYANALLUR",Tenkasi,Sub-district Hospital,Multi,Govt-DMS,Govt,6,15-05-2017,2017,A1,False,True,True,True,True,True,True,True,True,True,True,True,True,True,True,True,True,True,True,True,True,True,True,True,True,True,True,True,True,False,True,True,True,False,True,True,True,True,True,True,9.0843307,77.3471138,Exact Hospital
644,Vidal,H_22134,"Govt Hospital Puliangudi,Tenkasi TN.","GH Road, Near Water Tank, Puliangudi",Tenkasi,Sub-district Hospital,Multi,Govt-DMS,Govt,6,15-05-2017,2017,A1,False,True,True,True,True,True,True,True,True,True,True,True,True,True,True,True,True,True,True,True,True,True,True,True,True,True,True,True,True,False,True,True,True,False,True,True,True,True,True,True,9.1507419,77.7051644,Exact Hospital
640,Vidal,H_19476,"Govt Hospital Sankarankoil, Tenkasi TN. ","KATCHERI ROAD, SANKARANKOVIL",Tenkasi,Sub-district Hospital,Multi,Govt-DMS,Govt,1,20-03-2017,2017,A1,False,True,True,True,True,True,True,True,True,True,True,True,True,True,True,True,True,True,True,True,True,True,True,True,True,True,True,True,True,False,True,True,True,False,True,True,True,True,True,True,9.0090329,77.4525768,Exact Hospital
645,Vidal,H_22133,"Govt Hospital Sengkottai,Tenkasi TN.","NEAREST TALUK OFFICE,SHENKOTTAI",Tenkasi,Sub-district Hospital,Multi,Govt-DMS,Govt,6,15-05-2017,2017,A1,False,True,True,True,True,True,True,True,True,True,True,True,True,True,True,True,True,True,True,True,True,True,True,True,True,True,True,True,True,False,True,True,True,False,True,True,True,True,True,True,9.0933908,77.4758373,District Center
646,Vidal,H_22330,"Govt Hospital Sivagiri, Tenkasi TN. ","NEAR TALUK OFFICE ,SIVAGIRI",Tenkasi,Sub-district Hospital,Multi,Govt-DMS,Govt,9,18-07-2017,2017,A1,False,True,True,True,True,True,True,True,True,True,True,True,True,True,True,True,True,True,True,True,True,True,True,True,True,True,True,True,True,False,True,True,True,False,True,True,True,True,True,True,9.3471299,77.4332285,Exact Hospital
647,Vidal,H_22329,"Govt Hospital Veerakeralampudur, Tenkasi TN.","SURANDAI MAIN ROAD ,VEERAKERALAMPUDUR",Tenkasi,Sub-district Hospital,Multi,Govt-DMS,Govt,9,18-07-2017,2017,A1,False,True,True,True,True,True,True,True,True,True,True,True,True,True,True,True,True,True,True,True,True,True,True,True,True,True,True,True,True,False,True,True,True,False,True,True,True,True,True,True,8.9389031,77.4493598,Exact Hospital
1943,Vidal,H_25565,"Govt.DDWO,Tenkasi TN.",,Tenkasi,DDWO,DDWO,DDWO,Govt,0,14-02-2018,2018,,False,False,False,False,False,False,False,False,False,False,False,False,False,False,False,False,False,False,False,False,False,False,False,False,False,False,False,False,False,False,False,False,False,False,False,False,False,False,False,False,9.0933908,77.4758373,District Center
1762,Vidal,H_24590,"GUPHC, Karivalamvanthanallur, Tenkasi TN.","Upgraded Govt primary Health centre,Karivalamvandanallur",Tenkasi,CHC,Multi,Govt-MTM,Govt,51,19-08-2021,2021,A1,False,False,False,False,False,False,False,False,False,False,False,False,False,False,False,False,False,False,False,False,False,True,False,False,False,False,False,False,False,False,False,False,False,False,True,False,False,False,False,False,9.0933908,77.4758373,District Center
1759,Vidal,H_24581,"GUPHC, Keezhapavur, Pavoorchatram, Tenkasi TN. ","Govt. Primary Health centre, Near Union Office, Pavoorchatram Kulasekarapatti-VP Tenkasi Taluk, TENKASI DISTRICT",Tenkasi,CHC,Multi,Govt-MTM,Govt,51,19-08-2021,2021,A1,False,False,False,False,False,False,False,False,False,False,False,False,False,False,False,False,False,False,False,False,False,True,False,False,False,False,False,False,False,False,False,False,False,False,True,False,False,False,False,False,9.0933908,77.4758373,District Center
1761,Vidal,H_24589,"GUPHC, Melaneelithanallur, Sendamaram, Tenkasi TN.","Main Road ,Sendamaram, Kadaiyanallur Taluk,Tenkasi District",Tenkasi,CHC,Multi,Govt-MTM,Govt,51,19-08-2021,2021,A1,False,False,False,False,False,False,False,False,False,False,False,False,False,False,False,False,False,False,False,False,False,True,False,False,False,False,False,False,False,False,False,False,False,False,True,False,False,False,False,False,9.0933908,77.4758373,District Center
1760,Vidal,H_24584,"GUPHC, Sankarankoil, Kuruvikulam, Tenkasi TN.","Main Road ,Thiruvengadam Taluk,Tenkasi District",Tenkasi,CHC,Multi,Govt-MTM,Govt,51,19-08-2021,2021,A1,False,False,False,False,False,False,False,False,False,False,False,False,False,False,False,False,False,False,False,False,False,True,False,False,False,False,False,False,False,False,False,False,False,False,True,False,False,False,False,False,9.0933908,77.4758373,District Center
1764,Vidal,H_24601,"GUPHC, Sankarankoil, Vasudevanallur, Tenkasi TN.","Govt. Primary Health centre, Keelamasi Veethi, Near Post Office, Vasudevanallur Sivagiri Taluk,TENKASI DISTRICT",Tenkasi,CHC,Multi,Govt-MTM,Govt,51,19-08-2021,2021,A1,False,False,False,False,False,False,False,False,False,False,False,False,False,False,False,False,False,False,False,False,False,True,False,False,False,False,False,False,False,False,False,False,False,False,True,False,False,False,False,False,9.0933908,77.4758373,District Center
1763,Vidal,H_24596,"GUPHC, Shenkottai, Elathur, Tenkasi TN.","Shencottai Main Road, Near Police Station, Elathur, Shencottai Taluk, Tenkasi District",Tenkasi,CHC,Multi,Govt-MTM,Govt,51,19-08-2021,2021,A1,False,False,False,False,False,False,False,False,False,False,False,False,False,False,False,False,False,False,False,False,False,True,False,False,False,False,False,False,False,False,False,False,False,False,True,False,False,False,False,False,9.0933908,77.4758373,District Center
1757,Vidal,H_24575,"GUPHC,Alangulam, Nettur, Tenkasi TN. ","Block Medical Officer,Govt,Primary Health Centre,Nettur,Alangulam Taluka ,Tenkasi District",Tenkasi,CHC,Multi,Govt-MTM,Govt,51,19-08-2021,2021,A1,False,False,False,False,False,False,False,False,False,False,False,False,False,False,False,False,False,False,False,False,False,True,False,False,False,False,False,False,False,False,False,False,False,False,True,False,False,False,False,False,9.0933908,77.4758373,District Center
1766,Vidal,H_24990,"GUPHC,Kadayanallur,Chockampatti,Tenkasi,TN.","Primary Helath Centre, Chockampatti, Kadayanallur T.K., Tenkasi Dist.",Tenkasi,CHC/ UGPHC/ Main PHC,Multi,Govt-MTM,Govt,55,12-11-2021,2021,A1,False,False,False,False,False,False,False,False,False,False,False,False,False,False,False,False,False,False,False,False,False,True,False,False,False,False,False,False,False,False,False,False,False,False,True,False,False,False,False,False,9.0933908,77.4758373,District Center
1765,Vidal,H_24743,"GUPHC,Shenkottai, Vadakaraikilpidagai, Tenkasi TN.","Karisalkudiyiruppu Road, Near Govt Hr,sec School, Vadakaraikilpidagai. Shenkottai Taluk, Tenkasi District.",Tenkasi,CHC,Multi,Govt-MTM,Govt,52,06-09-2021,2021,A1,False,False,False,False,False,False,False,False,False,False,False,False,False,False,False,False,False,False,False,False,False,True,False,False,False,False,False,False,False,False,False,False,False,False,True,False,False,False,False,False,9.0933908,77.4758373,District Center
1758,Vidal,H_24577,"GUPHC. Sankarankoil, Kadayam, Tenkasi TN.","Block Medical Officer,Govt. Primary Health Centre, KADAYAM.",Tenkasi,CHC,Multi,Govt-MTM,Govt,51,19-08-2021,2021,A1,False,False,False,False,False,False,False,False,False,False,False,False,False,False,False,False,False,False,False,False,False,True,False,False,False,False,False,False,False,False,False,False,False,False,True,False,False,False,False,False,9.0933908,77.4758373,District Center
1012,Vidal,H_23493,"Meeran hospital, Tenkasi TN.","No:327, Courtallam Road, Tenkasi - 627811",Tenkasi,Private,Multi,PVT HOSPITAL,Pvt,53,18-09-2021,2020,A6,False,False,False,False,False,False,False,False,True,True,False,False,False,False,False,False,False,False,False,True,False,False,False,False,True,False,False,False,False,False,False,False,False,False,False,False,False,False,False,False,9.0884266,77.3477246,Exact Hospital
1013,Vidal,H_23494,"Santhi hospital, Tenkasi TN.","294E,KEELAMUTHARAMMAN KOIL ST,VAIKALPALAM,TENKASI",Tenkasi,Private,Multi,PVT HOSPITAL,Pvt,47,21-04-2021,2020,A6,False,True,False,False,False,False,True,False,True,True,True,False,False,False,False,True,False,False,False,True,True,True,False,False,True,False,False,False,False,False,False,False,False,False,False,True,False,False,True,False,8.916255,77.379274,Exact Hospital
1014,Vidal,H_25964,"A to Z Specialty Hospital, Thanjavur TN.",NO:24 DAVID&CO AVENUE VALLAM ROAD NEAR BUS STAND THANJAVUR.,Thanjavur,PVT,Multi,PVT HOSPITAL,PVT,73,07-02-2024,2024,A5,False,False,False,False,False,False,False,False,True,True,False,False,False,False,False,False,False,False,False,False,False,False,False,False,False,False,False,False,False,False,False,False,False,False,False,False,False,False,False,False,10.659037,79.2014278,District Center
1914,Vidal,H_19417,"Aarthi Scans,Thanjavur Dc",,Thanjavur,Private,Multi,DC PVT-STANDALONE,Pvt,2,27-03-2017,2017,,False,False,False,False,False,False,False,False,False,False,False,False,False,False,False,False,False,False,False,False,False,False,False,False,False,False,False,False,False,False,False,False,False,False,False,False,False,False,False,False,10.659037,79.2014278,District Center
1015,Vidal,H_18280,"Anbu Hospital,Thanjavur TN.","No: 4,5 , Lakshmi Vilas Street, Kumbakonam, Tamil Nadu",Thanjavur,PVT,Multi,PVT HOSPITAL,PVT,5,19-04-2017,2017,A6,False,True,True,False,False,False,True,False,False,True,False,True,False,False,False,True,False,False,False,True,False,False,False,False,True,False,False,False,False,False,False,False,False,False,False,False,False,False,False,True,10.9609881,79.3839616,Exact Hospital
1016,Vidal,H_18352,"Anu Multispeciality Hospital,Thanjavur TN.","69,TRICHY ROAD, THANJAVUR",Thanjavur,PVT,Multi,PVT HOSPITAL,PVT,4,12-04-2017,2017,A5,False,True,True,False,False,False,True,False,True,True,True,True,False,False,True,True,False,True,False,True,False,True,False,False,True,False,False,False,True,False,False,True,False,False,False,True,False,False,False,True,10.7749587,79.1377428,Exact Hospital
1017,Vidal,H_22020,"Apex heart Hospital,Thanjavur,TN.","GANAPATHI NAGAR NEAR,SELVAM NAGAR,MEDICAL COLLEGE ROAD,THANJVUR.",Thanjavur,PVT,Multi,PVT HOSPITAL,PVT,1,20-03-2017,2017,A6,False,True,True,False,False,False,True,False,False,False,False,False,False,False,False,True,False,False,False,False,False,False,False,False,False,False,False,False,False,False,False,False,False,False,False,False,False,False,False,False,10.7763502,79.1263039,Exact Hospital
1915,Vidal,H_22107,"Arun Scans, Thanjavur DC.",,Thanjavur,Private,Multi,DC PVT-STANDALONE,Pvt,5,19-04-2017,2017,,False,False,False,False,False,False,False,False,False,False,False,False,False,False,False,False,False,False,False,False,False,False,False,False,False,False,False,False,False,False,False,False,False,False,False,False,False,False,False,False,10.659037,79.2014278,District Center
1018,Vidal,H_24084,"AVR Ramani Poly Clinic,Thanjavur TN.","34-A, Karaikkal main road, srinivasanallur,thirunageshwaram,kumbakonam(TK)",Thanjavur,PVT,Multi,PVT HOSPITAL,PVT,51,19-08-2021,2020,A6,False,False,False,False,False,False,False,False,False,True,False,False,False,False,False,False,False,False,False,False,False,False,False,False,False,False,False,False,False,False,False,True,False,False,False,False,False,False,False,False,10.659037,79.2014278,District Center
1019,Vidal,H_22336,"Diocese of Thanjavur society OLH, Thanjavur TN.","diocese of thanjavur society OLH,Arulanandha nagar,Thanjavur.",Thanjavur,PVT,Multi,PVT HOSPITAL,PVT,9,18-07-2017,2018,A4,False,False,False,False,False,False,True,False,False,True,False,True,False,False,False,False,False,False,False,True,False,False,False,False,False,False,True,True,True,False,False,False,False,False,False,False,False,False,False,False,10.659037,79.2014278,District Center
1020,Vidal,H_22366,"Dr Arvind Vision Care, Thanjavur TN.","2, mutt street, SH 22, Kumbakonam, Tamil Nadu 612001",Thanjavur,PVT,Single,PVT HOSPITAL,PVT,10,21-08-2017,2018,S2,False,False,False,False,False,False,False,False,False,False,False,False,False,False,False,False,False,False,False,False,False,False,False,True,False,False,False,False,False,False,False,False,False,False,False,False,False,False,False,False,10.966773,79.377854,Exact Hospital
1021,Vidal,H_18371,"Dr R K Nursing Home, Thanjavur TN.","2 Shivaji Nagar, Thanjavur, Tamil Nadu 613007",Thanjavur,PVT,Multi,PVT HOSPITAL,PVT,5,19-04-2017,2017,A6,False,False,False,False,False,False,True,False,True,True,True,True,False,False,False,False,False,True,True,True,False,False,False,False,True,True,False,True,False,False,False,True,False,False,False,True,False,False,False,True,10.7807555,79.1317065,Exact Hospital
1022,Vidal,H_26183,"Dr.TVS Multispeciality Hospital,Thanjavur TN.",NO:1 NAGAI ROAD THANJAVUR. ,Thanjavur,PVT,Multi,PVT HOSPITAL,PVT,87,28-05-2025,2025,A4,False,False,False,False,False,False,False,True,True,True,False,True,False,False,False,False,False,True,False,True,True,True,False,False,True,True,True,True,True,False,False,False,False,False,False,False,True,True,False,False,10.659037,79.2014278,District Center
692,Vidal,H_25614  ,"Govt Hospital Adirampattinam, Thanjavur, TN.","18, Shaduliya St, Adirampattinam",Thanjavur,GOVT-DMS,Multi,GOVT-DMS,Govt,57,23-03-2022,2022,A1,False,True,True,True,True,True,True,True,True,True,True,True,True,True,True,True,True,True,True,True,True,True,True,True,True,True,True,True,True,False,True,True,True,False,True,True,True,True,True,True,10.3416692,79.383581,Exact Hospital
693,Vidal,H_25617,"Govt Hospital Ayyampettai, Thanjavur, TN.","Bypass Rd, Ayyampettai",Thanjavur,GOVT-DMS,Multi,GOVT-DMS,Govt,57,23-03-2022,2022,A1,False,True,True,True,True,True,True,True,True,True,True,True,True,True,True,True,True,True,True,True,True,True,True,True,True,True,True,True,True,False,True,True,True,False,True,True,True,True,True,True,10.8957264,79.1896977,Exact Hospital
695,Vidal,H_25622 ,"Govt Hospital Nachiyarkoil, Thanjavur, TN.","WC9V+XF6, Thirunariyur",Thanjavur,GOVT-DMS,Multi,GOVT-DMS,Govt,57,23-03-2022,2022,A1,False,True,True,True,True,True,True,True,True,True,True,True,True,True,True,True,True,True,True,True,True,True,True,True,True,True,True,True,True,False,True,True,True,False,True,True,True,True,True,True,10.9198631,79.4436102,Exact Hospital
671,Vidal,H_22603,"Govt Hospital Papanasam, Thanjavur TN.","Papanasam, Thanjavur",Thanjavur,GOVT-DMS,Multi,GOVT-DMS,Govt,16,14-03-2018,2018,A1,False,True,True,True,True,True,True,True,True,True,True,True,True,True,True,True,True,True,True,True,True,True,True,True,True,True,True,True,True,False,True,True,True,False,True,True,True,True,True,True,10.8957264,79.1896977,Exact Hospital
649,Vidal,H_22041,"Govt Hospital Peravurani,Thanjavur,TN.","PATTUKOTTAI ROAD,PERAVURANI.",Thanjavur,GOVT-DMS,Multi,GOVT-DMS,Govt,1,20-03-2017,2017,A1,False,True,True,True,True,True,True,True,True,True,True,True,True,True,True,True,True,True,True,True,True,True,True,True,True,True,True,True,True,False,True,True,True,False,True,True,True,True,True,True,10.2490969,79.2791107,Exact Hospital
694,Vidal,H_25621 ,"Govt Hospital Thiruvidaimaruthur, Thanjavur, TN.","XCWX+2WH, Thiruvidaimaruthur",Thanjavur,GOVT-DMS,Multi,GOVT-DMS,Govt,57,23-03-2022,2022,A1,False,True,True,True,True,True,True,True,True,True,True,True,True,True,True,True,True,True,True,True,True,True,True,True,True,True,True,True,True,False,True,True,True,False,True,True,True,True,True,True,10.99508,79.449809,Exact Hospital
690,Vidal,H_24438,"Govt Hospital,Boothalur,Thanjavur TN.","Boothalur Gh Ayanavaram road,budalur.",Thanjavur,GOVT-DMS,Multi,GOVT-DMS,Govt,50,30-07-2021,2021,A1,False,True,True,True,True,True,True,True,True,True,True,True,True,True,True,True,True,True,True,True,True,True,True,True,True,True,True,True,True,False,True,True,True,False,True,True,True,True,True,True,10.659037,79.2014278,District Center
691,Vidal,H_24440,"Govt Hospital,Orathanadu,Thanjavur TN.","GH Orathanadu,Kannanthangudi rd,Orathanadu",Thanjavur,GOVT-DMS,Multi,GOVT-DMS,Govt,50,30-07-2021,2021,A1,False,True,True,True,True,True,True,True,True,True,True,True,True,True,True,True,True,True,True,True,True,True,True,True,True,True,True,True,True,False,True,True,True,False,True,True,True,True,True,True,10.50433,79.153308,Exact Hospital
711,Vidal,H_25823,"Govt. Hospital, Aduthurai, Thanjavur TN.",Avaniyapuram Road Aduthurai,Thanjavur,GOVT-DMS,Multi,GOVT-DMS,Govt,67,28-03-2023,2023,A1,False,True,True,True,True,True,True,True,True,True,True,True,True,True,True,True,True,True,True,True,True,True,True,True,True,True,True,True,True,False,True,True,True,False,True,True,True,True,True,True,10.659037,79.2014278,District Center
710,Vidal,H_25822,"Govt. Hospital, Thirupananthal, Thanjavur TN.","South street, Thirupananathal",Thanjavur,GOVT-DMS,Multi,GOVT-DMS,Govt,67,28-03-2023,2023,A1,False,True,True,True,True,True,True,True,True,True,True,True,True,True,True,True,True,True,True,True,True,True,True,True,True,True,True,True,True,False,True,True,True,False,True,True,True,True,True,True,10.9944449,79.4552276,Village/Town Center
709,Vidal,H_25821,"Govt. Hospital, Thiruvaiyaru, Thanjavur TN.",Government Hospital Thiruvaiyaru 613204.,Thanjavur,GOVT-DMS,Multi,GOVT-DMS,Govt,67,28-03-2023,2023,A1,False,True,True,True,True,True,True,True,True,True,True,True,True,True,True,True,True,True,True,True,True,True,True,True,True,True,True,True,True,False,True,True,True,False,True,True,True,True,True,True,10.861862,79.03943,Exact Hospital
650,Vidal,H_18869,"GOVT. PATTUKOTTAI HOSPITAL, THANJAVUR TN.","Palniyappa Street, Govt Hospital Pattukkottai",Thanjavur,GOVT-DMS,Multi,GOVT-DMS,Govt,1,20-03-2017,2017,A1,False,True,True,True,True,True,True,True,True,True,True,True,True,True,True,True,True,True,True,True,True,True,True,True,True,True,True,True,True,False,True,True,True,False,True,True,True,True,True,True,10.42116,79.317879,Exact Hospital
652,Vidal,H_19342,"Govt. Raja Mirasdar Hospital, OG , TN.","Anna salai, thanjavur",Thanjavur,GOVT-DMS,Multi,GOVT-DMS,Govt,2,27-03-2017,2017,A1,False,True,True,True,True,True,True,True,True,True,True,True,True,True,True,True,True,True,True,True,True,True,True,True,True,True,True,True,True,False,True,True,True,False,True,True,True,True,True,True,10.659037,79.2014278,District Center
1945,Vidal,H_22532,"Govt.DDWO,Thanjavur TN.",,Thanjavur,DDWO,DDWO,DDWO,Govt,0,22-02-2018,2018,,False,False,False,False,False,False,False,False,False,False,False,False,False,False,False,False,False,False,False,False,False,False,False,False,False,False,False,False,False,False,False,False,False,False,False,False,False,False,False,False,10.659037,79.2014278,District Center
651,Vidal,H_18501,"Govt.Head Quarters Hosp Kumbakonam,Thanjavur TN.","Dr moorthy Road,Near court,Kumbakonam",Thanjavur,GOVT-DMS,Multi,GOVT-DMS,Govt,1,20-03-2017,2017,A1,False,True,True,True,True,True,True,True,True,True,True,True,True,True,True,True,True,True,True,True,True,True,True,True,True,True,True,True,True,False,True,True,True,False,True,True,True,True,True,True,10.9692078,79.3857962,Exact Hospital
712,Vidal,H_25853,"Govt.Hospital, Thirukattupalli,Thanjavur TN.","Government hospital Thirukattipalli, Thanjavur.Dt.",Thanjavur,GOVT-DMS,Multi,GOVT-DMS,Govt,69,12-05-2023,2023,A1,False,True,True,True,True,True,True,True,True,True,True,True,True,True,True,True,True,True,True,True,True,True,True,True,True,True,True,True,True,False,True,True,True,False,True,True,True,True,True,True,10.50433,79.153308,Exact Hospital
1823,Vidal,H_24496,"Govt.Upgraded PHC, Thamarankottai, Thanjavur TN.","Thamaraikottai North Thuvarankuruchi,614613",Thanjavur,PHC,Multi,Govt-MTM,Govt,51,19-08-2021,2021,A1,False,False,False,False,False,False,False,False,False,False,False,False,False,False,False,False,False,False,False,False,False,True,False,False,False,False,False,False,False,False,False,False,False,False,True,False,False,False,False,False,10.4096905,79.390208,Village/Town Center
1822,Vidal,H_24494,"Govt.Upgraded PHC, Thondarampattu, Thanjavur TN.","THONDARAMPATTU, ORATHANAD(TK)",Thanjavur,PHC,Multi,Govt-MTM,Govt,51,19-08-2021,2021,A1,False,False,False,False,False,False,False,False,False,False,False,False,False,False,False,False,False,False,False,False,False,True,False,False,False,False,False,False,False,False,False,False,False,False,True,False,False,False,False,False,10.545492,79.3263833,Village/Town Center
1824,Vidal,H_24562,"Govt.Upgraded PHC,Vallam,Thanjavur TN.","Govt primary health centre, vallam Main Road,613403",Thanjavur,PHC,Multi,Govt-MTM,Govt,51,19-08-2021,2021,A1,False,False,False,False,False,False,False,False,False,False,False,False,False,False,False,False,False,False,False,False,False,True,False,False,False,False,False,False,False,False,False,False,False,False,True,False,False,False,False,False,10.7211302,79.0643956,Village/Town Center
1829,Vidal,H_24741,"GUPHC, Alagiyanayagipuram, Thanjavur TN.","Govt primary health centre, Azhagiya Nayagipuram, peravurani TK,Thanjavur-DT.",Thanjavur,UPHC,Multi,Govt-MTM,Govt,52,06-09-2021,2021,A1,False,False,False,False,False,False,False,False,False,False,False,False,False,False,False,False,False,False,False,False,False,True,False,False,False,False,False,False,False,False,False,False,False,False,True,False,False,False,False,False,10.659037,79.2014278,District Center
1826,Vidal,H_24738,"GUPHC, Kumbakonam, Patteswaram, Thanjavur TN. ","Patteswaram Main Road,612703",Thanjavur,UPHC,Multi,Govt-MTM,Govt,52,06-09-2021,2021,A1,False,False,False,False,False,False,False,False,False,False,False,False,False,False,False,False,False,False,False,False,False,True,False,False,False,False,False,False,False,False,False,False,False,False,True,False,False,False,False,False,10.9252344,79.3461555,Village/Town Center
1827,Vidal,H_24739,"GUPHC, Papanasam, Kabisthalam, Thanjavur TN. ","Govt, Primary Health Centre, Kabisthalam, Papanasam-Tk, Thanjavur- Dt.",Thanjavur,UPHC,Multi,Govt-MTM,Govt,52,06-09-2021,2021,A1,False,False,False,False,False,False,False,False,False,False,False,False,False,False,False,False,False,False,False,False,False,True,False,False,False,False,False,False,False,False,False,False,False,False,True,False,False,False,False,False,10.659037,79.2014278,District Center
1825,Vidal,H_24737,"GUPHC, Pattukottai, Rajamadam, Thanjavur TN.","Adirampattinam Road,614701",Thanjavur,UPHC,Multi,Govt-MTM,Govt,52,06-09-2021,2021,A1,False,False,False,False,False,False,False,False,False,False,False,False,False,False,False,False,False,False,False,False,False,True,False,False,False,False,False,False,False,False,False,False,False,False,True,False,False,False,False,False,10.3444091,79.3780391,Village/Town Center
1828,Vidal,H_24740,"GUPHC, Peravurani, Seruvaviduthy, Thanjavur TN.","Govt. primary Health centre,Siruvaviduthi, Pattukottai tk Thanjavur dt",Thanjavur,UPHC,Multi,Govt-MTM,Govt,52,06-09-2021,2021,A1,False,False,False,False,False,False,False,False,False,False,False,False,False,False,False,False,False,False,False,False,False,True,False,False,False,False,False,False,False,False,False,False,False,False,True,False,False,False,False,False,10.3570625,79.1760488,Village/Town Center
1830,Vidal,H_24742,"GUPHC, Thiruvaiyaru, Naducauvery, Thanjavur TN.","Govt.primary health
centre,Naducavury,Thiruviyaru T.K,
Thanjavur D.T",Thanjavur,UPHC,Multi,Govt-MTM,Govt,52,06-09-2021,2021,A1,False,False,False,False,False,False,False,False,False,False,False,False,False,False,False,False,False,False,False,False,False,True,False,False,False,False,False,False,False,False,False,False,False,False,True,False,False,False,False,False,10.659037,79.2014278,District Center
1833,Vidal,H_24921,"GUPHC,Budalur,Palayapatti,Thanjavur,TN. ","Palaiyapatti Therkkusethi, Tamil Nadu ",Thanjavur,UPHC,Multi,Govt-MTM,Govt,54,22-10-2021,2021,A1,False,False,False,False,False,False,False,False,False,False,False,False,False,False,False,False,False,False,False,False,False,True,False,False,False,False,False,False,False,False,False,False,False,False,True,False,False,False,False,False,10.659037,79.2014278,District Center
1831,Vidal,H_24919,"GUPHC,Madukkur,Thanjavur,TN.","Madukkur, Thanjavur, SH-66, Mathukoor Road, Pattukkottai, ",Thanjavur,UPHC,Multi,Govt-MTM,Govt,54,22-10-2021,2021,A1,False,False,False,False,False,False,False,False,False,False,False,False,False,False,False,False,False,False,False,False,False,True,False,False,False,False,False,False,False,False,False,False,False,False,True,False,False,False,False,False,10.4162901,79.3205603,Village/Town Center
1834,Vidal,H_24922,"GUPHC,Thiruppanandal,Konulampallam,Thanjavur,TN.","AnakaraiRoad, Konulam Pallam, Tamil Nadu ",Thanjavur,UPHC,Multi,Govt-MTM,Govt,54,22-10-2021,2021,A1,False,False,False,False,False,False,False,False,False,False,False,False,False,False,False,False,False,False,False,False,False,True,False,False,False,False,False,False,False,False,False,False,False,False,True,False,False,False,False,False,10.659037,79.2014278,District Center
1835,Vidal,H_24923,"GUPHC,Thiruvidaimarudur,Murukkankudi,Thanjavur,TN.","Murukkangudi-Ammangudi-Vilangudi Road, Puthagaram, Tamil Nadu",Thanjavur,UPHC,Multi,Govt-MTM,Govt,54,22-10-2021,2021,A1,False,False,False,False,False,False,False,False,False,False,False,False,False,False,False,False,False,False,False,False,False,True,False,False,False,False,False,False,False,False,False,False,False,False,True,False,False,False,False,False,10.94368,79.47653,Village/Town Center
1836,Vidal,H_24924,"GUPHC,Thiruvonam,Thanjavur,TN.","Thiruvonam Nadimuthu Nagar, Pattukkottai, Tamil Nadu ",Thanjavur,UPHC,Multi,Govt-MTM,Govt,54,22-10-2021,2021,A1,False,False,False,False,False,False,False,False,False,False,False,False,False,False,False,False,False,False,False,False,False,True,False,False,False,False,False,False,False,False,False,False,False,False,True,False,False,False,False,False,10.4162901,79.3205603,Village/Town Center
1837,Vidal,H_24996,"GUPHCAlagiyanayagipuram,Sethubhavachtrm,Tanjore,TN","AN Puram, Pathukadu Road, Peravurani Tk",Thanjavur,UPHC,Multi,Govt-MTM,Govt,55,12-11-2021,2021,A1,False,False,False,False,False,False,False,False,False,False,False,False,False,False,False,False,False,False,False,False,False,True,False,False,False,False,False,False,False,False,False,False,False,False,True,False,False,False,False,False,10.659037,79.2014278,District Center
1023,Vidal,H_22060,"Kalpana Ortho and Trauma Speciality,Thanjavur,TN.","NO-70 VOC NAGAR TRICHY ROAD, THANJAVUR",Thanjavur,PVT,Multi,PVT HOSPITAL,PVT,3,04-04-2017,2017,A6,False,False,False,False,False,False,True,False,False,False,False,False,False,False,False,False,False,False,False,False,False,False,False,False,True,False,False,False,False,False,False,True,False,False,False,True,False,False,False,False,10.659037,79.2014278,District Center
1024,Vidal,H_23712,"Kanakesa Thevar Memorial Hospital, Thanjavur TN.","66,Chinnaiah Street,Pattukkottai",Thanjavur,PVT,Multi,PVT HOSPITAL,PVT,50,30-07-2021,2020,A6,False,True,True,False,False,False,False,False,True,True,False,False,False,False,False,True,False,False,False,True,False,False,False,False,True,False,False,False,False,False,False,True,False,False,False,False,False,False,False,False,10.4223101,79.3209201,Exact Hospital
1025,Vidal,H_22274,"Kannan Hospital, Thanjavur TN.","No 40 MIG, New Housing Unit, Thanjavur ",Thanjavur,PVT,Multi,PVT HOSPITAL,PVT,7,23-05-2017,2017,A6,False,False,False,False,False,False,True,False,False,False,False,False,False,False,False,False,False,False,False,False,False,False,False,False,True,False,False,False,False,False,False,False,False,False,False,True,False,False,False,False,10.7534726,79.1205694,Exact Hospital
1026,Vidal,H_18837,"KDR HOSPITAL, THANJAVUR TN.","NO:1&2, RAMAKRISHNAPURAM,V.N.S. GARDEN THANJAVUR.",Thanjavur,PVT,Single,PVT HOSPITAL,PVT,5,19-04-2017,2017,S2,False,False,False,False,False,False,False,False,False,False,True,False,False,False,False,False,False,False,False,False,False,False,False,False,False,False,False,False,False,False,False,False,False,False,False,False,False,False,False,False,10.772509,79.137518,Exact Hospital
1027,Vidal,H_22122,"KG Multi Speciality Hospital,Thanjavur TN.","2nd Street,V.O.C Nagar,Thanjavur-613007",Thanjavur,PVT,Multi,PVT HOSPITAL,PVT,6,15-05-2017,2017,A1,False,True,True,False,False,False,True,True,True,True,True,True,False,False,True,True,False,False,True,True,True,True,False,False,True,True,True,True,True,False,False,True,False,False,False,True,True,True,True,True,10.776716,79.136724,Exact Hospital
1028,Vidal,H_26252 ,"M.S Hospital, Kumbakonam, Thanjavur TN.","53/743,KAMARAJ ROAD KUMBAKONAM  ",Thanjavur,Private,Multi,PVT HOSPITAL,Pvt,88,25-06-2025,2025,A4,False,False,False,False,False,False,False,False,False,False,False,False,False,False,False,False,False,False,False,True,False,False,False,False,False,False,False,False,False,False,False,False,False,False,False,False,False,False,True,False,10.7810961,79.1400671,Village/Town Center
1029,Vidal,H_22599,"Medway Hospital, Thanjavur TN.","#142-B SRI BALASUBRAMANIYAN NAGAR, PILLLAIYAMPETTAI, AMMACHATHIRAM(POST), KUMBAKONAM, THIRUVIDAIMA,KUMBAKONAM,THANJAVUR- ",Thanjavur,PVT,Multi,PVT HOSPITAL,PVT,15,05-02-2018,2018,A5,False,False,False,False,False,False,True,False,True,True,False,True,False,False,True,False,False,False,True,True,False,False,False,False,False,False,False,False,False,False,False,False,False,False,False,False,False,False,False,False,10.97848,79.41375,Exact Hospital
1030,Vidal,H_19983,Meenakshi Multispeciality Hospital Thanjavur TN.,"244/2, TRICHY MAIN ROAD, NEAR NEW BUS STAND, NILAGIRI THERKKU THOTTAM, THANJAVUR-",Thanjavur,PVT,Multi,PVT HOSPITAL,PVT,4,12-04-2017,2017,A2,False,True,True,False,False,False,True,True,True,True,True,True,False,False,True,True,False,False,False,True,True,True,False,False,True,False,False,False,False,False,False,True,True,False,False,True,True,False,False,True,10.659037,79.2014278,District Center
1031,Vidal,H_18419,"MR Hospital,Thanjavur TN.","NO: 1,YAGAPPA NAGAR ,PUDUKKOTTAI ROAD,THANJAVUR.",Thanjavur,PVT,Multi,PVT HOSPITAL,PVT,4,12-04-2017,2017,A4,False,False,False,False,False,False,True,False,False,True,False,True,False,False,False,False,False,True,False,True,False,False,False,False,True,False,True,False,False,False,False,False,False,False,False,False,True,True,False,True,10.7858333,79.1363126,Exact Hospital
1032,Vidal,H_18612,"MVK Nursing Home,Thanjavur TN.",2771 south rampat thilagar thidal thanjavur,Thanjavur,PVT,Multi,PVT HOSPITAL,PVT,5,19-04-2017,2017,A6,False,False,False,False,False,False,True,False,True,True,True,False,False,False,True,False,False,True,False,True,False,False,False,False,False,False,False,False,False,False,False,True,False,False,False,False,False,False,False,False,10.659037,79.2014278,District Center
1033,Vidal,H_21382,"NATIONAL PHARMA HOSPITAL, Thanjavur TN.","111,Medical College..Vallam Road,opposite south Cultural zone,Thanjavur-613004",Thanjavur,PVT,Multi,PVT HOSPITAL,PVT,5,19-04-2017,2017,A2,False,False,False,False,False,False,True,True,True,True,False,True,False,False,True,False,False,True,True,True,True,False,False,False,True,True,False,True,False,False,False,True,False,False,False,False,True,False,True,False,10.659037,79.2014278,District Center
1034,Vidal,H_24846,"NM Hospital Pvt Ltd,Thanjavur,TN.","#3275, 1/A-1, RAMAKRISHNAPURAM, MANIMANDAPM OPP, THANJAVUR",Thanjavur,PVT,Multi,PVT HOSPITAL,PVT,53,18-09-2021,2024,A6,False,False,False,False,False,False,False,False,True,True,False,False,False,False,False,False,False,False,False,False,False,False,False,False,False,False,False,False,False,False,False,False,False,False,False,False,False,False,False,False,10.7696972,79.1339606,Exact Hospital
1070,Vidal,H_26376,"Our Lady Health Multispl Hospital, Thanjavur, TN.","TS NO 44, 1st CROSS, ARULANANDHA NAGAR, THANJAVUR, TN - 613007",Thanjavur,Private,Multi,PVT HOSPITAL,Pvt,94,18-02-2026,2026,A6,False,False,True,False,False,False,False,False,False,True,False,False,False,False,False,False,False,False,False,True,False,False,False,False,False,False,True,True,False,False,False,False,False,False,False,False,True,False,False,False,10.7810961,79.1400671,Village/Town Center
1035,Vidal,H_18827,"ROHINI HOSPITAL, THANJAVUR TN.","3279-3281/1, ARULANANDA NAGAR EXTRN, EB OFFICE OPPOSITE, PUDUKOTTAI ROAD, THANJAVUR",Thanjavur,PVT,Multi,PVT HOSPITAL,PVT,4,12-04-2017,2017,A6,False,False,False,False,False,False,True,False,True,False,False,False,False,False,False,False,False,False,False,True,False,False,False,False,False,False,False,False,False,False,False,True,False,False,False,False,False,False,False,False,10.7685848,79.1312416,Exact Hospital
1036,Vidal,H_18828,"S B HOSPITAL, THANJAVUR TN.","SB HOSPITAL,RAJAPPA NAGAR,MEDICAL COLLEGE ROAD, THANJAVUR.",Thanjavur,PVT,Multi,PVT HOSPITAL,PVT,5,19-04-2017,2017,A6,False,True,True,False,False,False,True,False,False,False,True,False,False,False,False,True,False,False,False,True,False,False,False,False,False,False,False,False,False,False,False,False,False,False,False,False,False,False,True,False,10.7755458,79.1254,Exact Hospital
1037,Vidal,H_21594,"Sacred Heart Multispeciality Hosp,Thanjavur TN.","1006, Karaikal road, Muthupillaimandapam, Kumbakonam.",Thanjavur,PVT,Multi,PVT HOSPITAL,PVT,13,07-11-2017,2017,A6,False,False,False,False,False,False,True,False,False,True,False,False,False,False,False,True,False,False,False,True,False,False,False,False,True,False,False,False,False,False,False,False,False,False,False,False,False,False,False,False,10.659037,79.2014278,District Center
1947,Vidal,H_22604,"Senthil Scans,Thanjavur DC.",,Thanjavur,Private,Multi,DC PVT-STANDALONE,Pvt,15,05-02-2018,2018,,False,False,False,False,False,False,False,False,False,False,False,False,False,False,False,False,False,False,False,False,False,False,False,False,False,False,False,False,False,False,False,False,False,False,False,False,False,False,False,False,10.659037,79.2014278,District Center
1916,Vidal,H_22405,"Sirugagal rehabilation centre,Autism,Thanjavur TN.",,Thanjavur,Private,Multi,PVT AUTISM,Pvt,12,25-09-2017,2017,,False,False,False,False,False,False,False,False,False,False,False,False,False,False,False,False,False,False,False,False,False,False,False,False,False,False,False,False,False,False,False,False,False,False,False,False,False,False,False,False,10.659037,79.2014278,District Center
1038,Vidal,H_25752 ,"Sri Kamatchi Medical Centre, Thanjavur TN.","N0 37 TRICHY MAIN ROAD, NEAR SERFOJI COLLEGE",Thanjavur,PVT,Multi,PVT HOSPITAL,PVT,64,06-12-2022,2024,A3,False,True,True,False,False,False,False,False,True,True,True,True,False,False,False,True,False,False,False,True,False,True,False,False,True,False,False,True,False,False,False,False,False,False,False,False,False,False,False,False,10.659037,79.2014278,District Center
1039,Vidal,H_23713,"Sri Kumaran Gastro Pvt Ltd Hospital, Thanjavur TN.","NO2, 10TH CROSS, MUNICIPAL COLONY, MEDICAL COLLEGE ROAD, THANJAVUR",Thanjavur,PVT,Multi,PVT HOSPITAL,PVT,53,18-09-2021,2020,S2,False,False,False,False,False,False,False,False,True,False,False,False,False,False,False,False,False,False,False,False,False,False,False,False,False,False,False,False,False,False,False,False,False,False,False,False,False,False,False,False,10.772925,79.1187176,Village/Town Center
1040,Vidal,H_23489,"Sri Naadi hospital, Pattukottai TN.","No4,Samumudali street,Manickam Colony,Pattukottai",Thanjavur,PVT,Multi,PVT HOSPITAL,PVT,47,21-04-2021,2020,A6,False,False,False,False,False,False,False,False,True,True,False,False,False,False,False,False,False,False,False,True,False,False,False,False,True,False,False,False,False,False,False,True,False,False,False,False,False,False,False,False,10.659037,79.2014278,District Center
1041,Vidal,H_26277,"Sri neevi sugam hospital, Thanjavur TN. ",66/2 GH ROAD PERAVURANI THANJAVUR TAMILNADU ,Thanjavur,PVT,PVT,PVT HOSPITAL,PVT,89,30-07-2025,2025,A4,False,False,False,False,False,False,False,False,True,False,False,False,False,False,False,False,False,False,False,False,False,False,False,False,True,False,False,False,False,False,False,False,False,False,False,True,False,False,False,False,10.659037,79.2014278,District Center
1042,Vidal,H_26039,"Sudar Hospital and Research Inst, Thanjavur, TN.","NO 1085/2 MISSION CHURCH STREET, MAHARNOMBUCHAVADY, THANJAVUR",Thanjavur,PVT,Multi,PVT HOSPITAL,PVT,78,01-08-2024,2024,A6,False,False,False,False,False,False,False,False,False,False,False,False,False,False,False,False,False,False,False,True,False,False,False,False,False,False,False,False,False,False,False,False,False,False,False,False,False,False,False,False,10.659037,79.2014278,District Center
1043,Vidal,H_18833,"SUGAM HOSPITAL, THANJAVUR TN.","1, New Railway Statiion Road , Kumbakonam.",Thanjavur,PVT,Multi,PVT HOSPITAL,PVT,5,19-04-2017,2017,A3,False,False,False,False,False,False,False,False,False,True,True,False,False,False,False,False,False,False,False,True,False,False,False,False,False,False,False,False,False,False,False,True,False,False,False,False,False,False,False,False,10.7696568,79.1327639,Exact Hospital
1044,Vidal,H_18329,"Thanjavoor Cancer Hospital, Thanjavur TN.","NO-165/16, BY-PASS ROAD, MATHAKOTTAI,THIRUKANOORPATTI,TNJ",Thanjavur,PVT,Single,PVT HOSPITAL,PVT,3,04-04-2017,2017,S2,False,False,False,False,False,False,True,False,False,True,False,False,False,False,False,False,False,True,False,False,False,False,False,False,False,False,False,False,False,False,False,False,True,False,False,False,False,True,False,False,10.73394,79.112161,Exact Hospital
1946,Vidal,H_22491,"Thanjavur College Hospital DEIC,Thanjavur TN. ",,Thanjavur,DEIC,DEIC,DEIC,Govt,0,14-02-2018,2018,,False,False,False,False,False,False,False,False,False,False,False,False,False,False,False,False,False,False,False,False,False,False,False,False,False,False,False,False,False,False,False,False,False,False,False,False,False,False,False,False,10.659037,79.2014278,District Center
648,Vidal,H_18723,"Thanjavur Medical College Hospital,Thanjavur TN.","Thanjavur Medical Collge & Hospital,Thanjavur",Thanjavur,GOVT-DME,Multi,GOVT-DME,Govt,1,20-03-2017,2017,A1,False,True,True,True,True,True,True,True,True,True,True,True,True,True,True,True,True,True,True,True,True,True,True,True,True,True,True,True,True,False,True,True,True,False,True,True,True,True,True,True,10.7589186,79.1068436,Exact Hospital
1979,Vidal,H_26355,"Tiny Hearts Childrens HC Pvt Ltd, Thanjavur, DC.",,Thanjavur,Private,Multi,DC PVT-STANDALONE,Pvt,93,02-01-2026,2026,,False,False,False,False,False,False,False,False,False,False,False,False,False,False,False,False,False,False,False,False,False,False,False,False,False,False,False,False,False,False,False,False,False,False,False,False,False,False,False,False,10.659037,79.2014278,District Center
1045,Vidal,H_18411,"Vinodhagan Memorial Hospital, Thanjavur TN.","No.3120 & 3121, Trichy Road, Thanjavur, Tamil Nadu",Thanjavur,PVT,Multi,PVT HOSPITAL,PVT,1,20-03-2017,2017,A5,False,False,False,False,False,False,True,False,False,False,True,False,False,False,False,False,False,False,False,True,True,True,False,False,True,False,False,False,True,False,False,True,False,False,False,True,True,False,False,True,10.7860267,79.1381497,Village/Town Center
1046,Vidal,H_22016,"Vishnu Caner Centre and Research Ins,Thanjavur,TN.","52,53, CENTER POINT NAGAR, OPPSIT TO KAMALA SUBRAMANIYAM SCHOOL, PUDUKOTTAI ROAD , THANJAVUR.",Thanjavur,PVT,Multi,PVT HOSPITAL,PVT,1,20-03-2017,2017,A4,False,False,False,False,False,False,True,False,False,False,False,False,False,False,False,False,False,True,False,False,False,False,False,False,False,False,False,False,False,False,False,False,True,False,False,False,False,True,False,False,10.7535562,79.12103,Village/Town Center
1832,Vidal,H_24920," GUPHC,Ammapettai,Melattur,Thanjavur TN.","63-64, SOUTH STREET, MELATTUR, Thanjavur, Tamil Nadu ",Thanjavur,UPHC,Multi,Govt-MTM,Govt,54,22-10-2021,2021,A1,False,False,False,False,False,False,False,False,False,False,False,False,False,False,False,False,False,False,False,False,False,True,False,False,False,False,False,False,False,False,False,False,False,False,True,False,False,False,False,False,10.7860267,79.1381497,Village/Town Center
1108,MDI,H_18459,"Ashwini Gudalur Tribal Hospital,Nilgiris TN.","10/147 G2,G3 Kotharvayal, Gudalur, The Nilgiris - 643212",The Nilgiris,PVT HOSPITAL,Multi,PVT,PVT,1,20-03-2017,2017,A1,False,True,True,True,True,True,True,True,True,True,True,True,False,True,False,False,True,True,True,True,True,True,False,True,True,True,True,True,True,False,False,True,False,False,False,True,True,True,True,True,11.4103056,76.710925,Village/Town Center
1109,MDI,H_25639 ,"BS Hospital, Nilgiris TN.","BS SURGICARE INDIA PRIVATE LIMITED, 190, ETTINES ROAD, RACE COURSE,",The Nilgiris,PVT HOSPITAL,Multi,PVT,PVT,58,28-04-2022,2022,A6,False,True,False,False,False,False,False,False,True,True,False,True,False,False,False,True,False,False,False,True,False,False,False,False,True,False,False,False,False,False,False,False,False,False,False,False,False,False,False,False,11.4074336,76.7006555,Exact Hospital
2198,MDI,H_22662 ,"District Diff. abled welfare office, Nilgiris TN.",,The Nilgiris,DDWO,DDWO,DDWO,Govt,20,03-07-2018,2018,,False,False,False,False,False,False,False,False,False,False,False,False,False,False,False,False,False,False,False,False,False,False,False,False,False,False,False,False,False,False,False,False,False,False,False,False,False,False,False,False,11.4,76.7,District Center
1118,MDI,H_22308,"DM Wayanad Inst. of Medical science, Wayanad TN.","Naseera Nagar, Meppadi (P.O),Wayanad",The Nilgiris,PVT-MC,Multi,PVT,PVT,7,23-05-2017,2017,A4,False,True,True,False,True,False,True,True,True,True,True,True,False,False,False,True,False,False,True,True,True,True,False,True,True,True,True,True,True,False,False,True,False,False,False,True,False,True,False,True,11.4,76.7,District Center
1868,MDI,H_26098,"Govt Gudalur UPHC, Nilgiris TN.","Community Health Centre,Nellakottai",The Nilgiris,Govt- MTM,Multi,Govt,Govt,52,06-09-2021,2021,A1,False,False,False,False,False,False,False,False,False,True,False,False,False,False,False,False,False,False,False,False,True,False,False,False,False,False,False,False,False,False,False,False,False,False,True,False,False,False,False,False,11.4,76.7,District Center
1140,MDI,H_19716,"Govt Hospital Connoor, Nilgiris TN.","GOVT. LAWLEY HOSPITAL, COONOOR.",The Nilgiris,GOVT-DMS,Multi,GOVT,GOVT,1,20-03-2017,2017,A1,False,True,True,True,True,True,True,True,True,True,True,True,True,True,True,True,True,True,True,True,True,True,True,True,True,True,True,True,True,False,True,True,True,False,True,True,True,True,True,True,11.3480158,76.7935297,Village/Town Center
1163,MDI,H_26184,"Govt Hospital, Emerald, The Nilgiris TN. ","Govt.Hospital, Emerald -643209",The Nilgiris,GOVT-DMS,Multi,GOVT,GOVT,87,28-05-2025,2025,A1,False,True,True,True,True,True,True,True,True,True,True,True,True,True,True,True,True,True,True,True,True,True,True,True,True,True,True,True,True,False,True,True,True,False,True,True,True,True,True,True,11.3419316,76.6359393,Exact Hospital
1142,MDI,H_21137,"Govt Hospital, Kothagiri, Nilgiris TN.","Mariyamman temple Road,Bazzar, kotagiri,The Nilgiris.",The Nilgiris,GOVT-DMS,Multi,GOVT,GOVT,1,20-03-2017,2017,A1,False,True,True,True,True,True,True,True,True,True,True,True,True,True,True,True,True,True,True,True,True,True,True,True,True,True,True,True,True,False,True,True,True,False,True,True,True,True,True,True,11.4054773,76.7424416,Village/Town Center
1162,MDI,H_25874,"Govt Hospital, Manjoor, Nilgiris TN.","Govt Hospital,Manjur,Kundha Taluk,Manjur,The Nilgiris",The Nilgiris,GOVT-DMS,Multi,GOVT,GOVT,69,12-05-2023,2023,A1,False,True,True,True,True,True,True,True,True,True,True,True,True,True,True,True,True,True,True,True,True,True,True,True,True,True,True,True,True,False,True,True,True,False,True,True,True,True,True,True,11.4,76.7,District Center
1161,MDI,H_25869,"Govt Hospital, Pandalur, Nilgiris TN.","Govt Hospital,Pandalur Taluk,Pandalur,The nilgiris",The Nilgiris,GOVT-DMS,Multi,GOVT,GOVT,69,12-05-2023,2023,A1,False,True,True,True,True,True,True,True,True,True,True,True,True,True,True,True,True,True,True,True,True,True,True,True,True,True,True,True,True,False,True,True,True,False,True,True,True,True,True,True,11.4850787,76.3381876,Exact Hospital
1869,MDI,H_24798,"Govt Ketty UPHC,Coonoor, Nilgiris TN.","Granduff Road, Ketti, Nilgiris.",The Nilgiris,Govt- MTM,Multi,Govt,Govt,52,06-09-2021,2021,A1,False,False,False,False,False,False,False,False,False,True,False,False,False,False,False,False,False,False,False,False,True,False,False,False,False,False,False,False,False,False,False,False,False,False,True,False,False,False,False,False,11.4,76.7,District Center
1850,MDI,H_24627,"Govt Kodanadu UPHC, Kotagiri, Nilgiris TN.","Kotagiri - Kodanadu Rd, Keradamattam, Kodanad, Kotagiri (tk), Nilgiris.",The Nilgiris,Govt- MTM,Multi,Govt,Govt,51,19-08-2021,2021,A1,False,False,False,False,False,False,False,False,False,True,False,False,False,False,False,False,False,False,False,False,True,False,False,False,False,False,False,False,False,False,False,False,False,False,True,False,False,False,False,False,11.4,76.7,District Center
1851,MDI,H_24629,"Govt T Oranally UPHC, Udhagamandalam, Nilgiris TN.","Govt Community Health centre, Kotagiri.",The Nilgiris,Govt- MTM,Multi,Govt,Govt,51,19-08-2021,2021,A1,False,False,False,False,False,False,False,False,False,True,False,False,False,False,False,False,False,False,False,False,True,False,False,False,False,False,False,False,False,False,False,False,False,False,True,False,False,False,False,False,11.4,76.7,District Center
1143,MDI,H_18488,"Govt. Nilgiris Med Coll and Hosp, Nilgiris TN.","Hospital Road,",The Nilgiris,GOVT-DME,Multi,GOVT,GOVT,1,20-03-2017,2017,A1,False,True,True,True,True,True,True,True,True,True,True,True,True,True,True,True,True,True,True,True,True,True,True,True,True,True,True,True,True,False,True,True,True,False,True,True,True,True,True,True,11.4074336,76.7006555,Village/Town Center
1884,MDI,H_26360,"Govt. Primary Health Centre,Thuneri, Nilgiris TN. ","Govt. Primary Health Centre Thuneri, 
Thuneri 
Udhagamandalam, 
The Nilgiris ",The Nilgiris,Govt- MTM,Multi,Govt,Govt,93,02-01-2026,2026,A1,False,False,False,False,False,False,False,False,False,True,False,False,False,False,False,False,False,False,False,False,True,False,False,False,False,False,False,False,False,False,False,False,False,False,True,False,False,False,False,False,11.4613097,76.7516874,Village/Town Center
1141,MDI,H_21138,"Govt.Head Qrtrs Hosp Gudalur,Nilgiris TN.","Government Hospital Gudalur The nilgiris.,",The Nilgiris,GOVT-DMS,Multi,GOVT,GOVT,1,20-03-2017,2017,A1,False,True,True,True,True,True,True,True,True,True,True,True,True,True,True,True,True,True,True,True,True,True,True,True,True,True,True,True,True,False,True,True,True,False,True,True,True,True,True,True,11.4932483,76.4997401,Village/Town Center
2199,MDI,H_22499,"Govt.Nilgiris Med Coll and Hosp, DEIC,Nilgiris TN.",,The Nilgiris,DEIC,DEIC,DEIC,Govt,0,08-05-2018,2018,,False,False,False,False,False,False,False,False,False,False,False,False,False,False,False,False,False,False,False,False,False,False,False,False,False,False,False,False,False,False,False,False,False,False,False,False,False,False,False,False,11.4,76.7,District Center
1110,MDI,H_25518 ,"IQRAA Hospital, Wayanad TN.","Kottakkunu, Sulthan Bathery, Kerala",The Nilgiris,PVT HOSPITAL,Multi,PVT,PVT,56,13-01-2022,2022,A4,False,False,False,True,False,False,False,False,True,True,False,False,False,False,False,False,False,False,False,True,False,False,False,False,False,False,False,True,False,False,False,False,False,False,False,False,False,False,False,False,11.4,76.7,District Center
1111,MDI,H_22968,"KIMS AL Shifa Healthcare Pvt Ltd, Kerala TN.","PB No. 26, Ootty Road, Perinthalmanna, Malappuram Dist., Kerala - 679 322",The Nilgiris,PVT HOSPITAL,Multi,PVT,PVT,32,06-08-2019,2019,A4,False,False,False,True,True,True,True,True,True,True,True,True,False,False,True,False,False,False,False,False,True,True,False,True,True,True,True,False,False,False,True,False,False,False,False,False,True,False,False,False,11.4,76.7,District Center
1112,MDI,H_18380,"Nankam Hospital,Nilgiris TN.",RAJAGI NAGAR BEDFORD NEAR YWCA COONOOR. THE NILGIRIS,The Nilgiris,PVT HOSPITAL,Multi,PVT,PVT,1,20-03-2017,2017,A1,False,False,False,False,True,False,True,False,True,True,True,True,False,False,False,False,False,False,False,False,True,False,False,False,True,False,True,False,True,False,False,False,False,False,False,False,True,False,False,False,11.4,76.7,District Center
1113,MDI,H_23606,"Pushpagiri Hospital, Nilgiris TN.","12/950B Gudalur Bazaar, Gudalur",The Nilgiris,PVT HOSPITAL,Single,PVT,PVT,45,24-02-2021,2021,S2,False,False,False,False,False,False,False,False,False,False,False,False,False,False,False,False,False,False,False,True,False,False,False,False,False,False,False,False,False,False,False,False,False,False,False,False,False,False,False,False,11.5055217,76.4873113,Exact Hospital
2191,MDI,H_21815,"Revathi Scan Centre,Ooty,Nilgiris DC.",,The Nilgiris,Private,Multi,DC PVT-STANDALONE,Pvt,1,20-03-2017,2017,,False,False,False,False,False,False,False,False,False,False,False,False,False,False,False,False,False,False,False,False,False,False,False,False,False,False,False,False,False,False,False,False,False,False,False,False,False,False,False,False,11.4,76.7,District Center
1114,MDI,H_21387,"Sagayamatha Hospital, Nilgiris TN.","Sagyamatha Hospital Balaclava, Coonoor, Nilgiris",The Nilgiris,PVT HOSPITAL,Multi,PVT,PVT,1,20-03-2017,2017,A1,False,False,False,False,False,False,True,False,True,True,False,True,False,False,False,False,False,False,False,False,False,False,False,False,False,False,False,True,False,False,False,False,False,False,False,False,False,False,False,False,11.338505,76.7940474,Exact Hospital
1115,MDI,H_25635,"SM HOSPITAL NBS HEALTH CARE, Nilgiris TN.","  29, 108, COONOOR ROAD, THE NILGIRIS.",The Nilgiris,PVT HOSPITAL,Multi,PVT,PVT,58,28-04-2022,2022,A6,False,False,False,False,False,False,False,False,False,True,False,True,False,False,False,False,False,False,False,False,False,False,False,False,False,False,False,False,False,False,False,False,False,False,False,False,False,False,False,False,11.4118856,76.7088072,Village/Town Center
1116,MDI,H_18545,"The Eye Foundation,Nilgiris TN.","No.4/B-2, COONOOR ROAD",The Nilgiris,PVT HOSPITAL,Single,PVT,PVT,50,30-07-2021,2021,,False,False,False,False,False,False,False,False,False,False,False,False,False,False,False,False,False,False,False,False,False,False,False,False,False,False,False,False,False,False,False,False,False,False,False,False,False,False,False,False,11.4033382,76.7144568,Exact Hospital
1117,MDI,H_22673,"Vinayaka Hospital, Wayanad, Kerala TN.","KATTAYAD ROAD SULTHAN BATHRY,WAYANAD KERELA",The Nilgiris,PVT HOSPITAL,Multi,PVT,PVT,21,16-07-2018,2018,A6,False,False,False,False,True,False,True,False,True,True,True,True,False,False,False,False,False,False,False,True,False,False,False,False,True,True,False,False,False,False,False,True,False,False,False,False,False,False,False,False,11.4,76.7,District Center
1493,MA,H_24535," Govt. UPHC Devathanapatty,Theni TN. ","Devathanapatty,Theni",Theni,UPHC,Multi,Govt-MTM,Govt,51,23-08-2021,2021,A1,False,False,False,False,False,False,False,False,False,True,False,False,False,False,False,False,False,False,False,False,True,False,False,False,False,False,False,False,False,False,False,False,False,False,True,False,False,False,False,False,10.1486674,77.6561322,Village/Town Center
2012,MA,H_22441,"Agathia Scans, Theni DC.",,Theni,Private,Multi,DC PVT-STANDALONE,Pvt,14,19-12-2017,2017,,False,False,False,False,False,False,False,False,False,False,False,False,False,False,False,False,False,False,False,False,False,False,False,False,False,False,False,False,False,False,False,False,False,False,False,False,False,False,False,False,9.8692558,77.4222974,District Center
190,MA,H_18451,"Aravind Eye Hospital, Theni TN.","CHENNAI THENI HWY, KOTTAI KALAM, THENI",Theni,PVT,Single,PVT HOSPITAL,Pvt,1,20-03-2017,2017,S2,False,False,False,False,False,False,False,False,False,False,False,False,False,False,False,False,False,False,False,False,False,False,False,True,False,False,False,False,False,False,False,False,False,False,False,False,False,False,False,False,9.838829,77.379752,Exact Hospital
2013,MA,H_22328,"ARVI Trust, Autism, Theni TN.",,Theni,Private,Multi,PVT AUTISM,Pvt,10,21-08-2017,2017,,False,False,False,False,False,False,False,False,False,False,False,False,False,False,False,False,False,False,False,False,False,False,False,False,False,False,False,False,False,False,False,False,False,False,False,False,False,False,False,False,9.8692558,77.4222974,District Center
2168,MA,H_26104,"BV Scans, Theni, DC.",,Theni,Private,Multi,DC PVT-STANDALONE,Pvt,81,04-12-2024,2024,,False,False,False,False,False,False,False,False,False,False,False,False,False,False,False,False,False,False,False,False,False,False,False,False,False,False,False,False,False,False,False,False,False,False,False,False,False,False,False,False,9.8692558,77.4222974,District Center
238,MA,H_18270,"Deepam Hospital, Bodinayakanur, Theni TN.","CHINNAMANUR-PULIKUTHI,MUNNAR RD, AMARAVATHI NAGAR, BODINAYAKANUR,THENI",Theni,PVT,Multi,PVT HOSPITAL,Pvt,13,07-11-2017,2017,A6,False,False,False,False,False,False,False,False,True,True,True,False,False,False,False,False,False,False,False,False,True,False,False,False,True,False,False,False,False,False,False,False,False,False,False,False,False,False,False,False,10.0070957,77.3494919,Exact Hospital
2075,MA,H_22474,"DEIC, Theni TN.",,Theni,DEIC,DEIC,DEIC,Govt,0,05-02-2018,2018,,False,False,False,False,False,False,False,False,False,False,False,False,False,False,False,False,False,False,False,False,False,False,False,False,False,False,False,False,False,False,False,False,False,False,False,False,False,False,False,False,9.8692558,77.4222974,District Center
2074,MA,H_22513,"District Diff.abled welfare office,Theni TN.",,Theni,DDWO,DDWO,DDWO,Govt,15,02-05-2018,2018,,False,False,False,False,False,False,False,False,False,False,False,False,False,False,False,False,False,False,False,False,False,False,False,False,False,False,False,False,False,False,False,False,False,False,False,False,False,False,False,False,9.8692558,77.4222974,District Center
256,MA,H_26294,"Dr Sathianesans Hospital, Theni, TN.
",SR NO 645/4 BUSSTAND OPPOSITE MAIN ROAD CHINNAMANUR THENI DISTRICT,Theni,Private,multi,PVT HOSPITAL,Pvt,90,24-09-2025,2025,A6,False,False,False,True,False,False,False,False,True,True,False,False,False,False,False,False,False,False,False,True,False,False,False,False,True,False,False,False,False,False,False,False,False,False,False,False,False,False,False,False,9.8692558,77.4222974,District Center
47,MA,H_22150,"Govt Hospital Bodinayakkanur, Theni TN.","Munar Road, Bodinayakanur, Theni-Dt-625513",Theni,GOVT-DMS,Multi,GOVT-DMS,Govt,6,15-05-2017,2017,A1,False,True,True,True,True,True,True,True,True,True,True,True,True,True,True,True,True,True,True,True,True,True,True,True,True,True,True,True,True,False,True,True,True,False,True,True,True,True,True,True,10.01681,77.352466,Exact Hospital
131,MA,H_23693,"Govt Hospital, Chinnamanur, Theni TN.","ard-3 Opposite Panchayat Union Office, Muthalamman Koil Street,Chinnamanur ",Theni,GOVT-DMS,Multi,GOVT-DMS,Govt,47,21-04-2021,2021,A1,False,True,True,True,True,True,True,True,True,True,True,True,True,True,True,True,True,True,True,True,True,True,True,True,True,True,True,True,True,False,True,True,True,False,True,True,True,True,True,True,9.839277,77.379574,Exact Hospital
132,MA,H_24402,"Govt Hospital, Uthamapalayam, Theni TN.","Near to Uthamapalayam taluk office,Combai road,Uthamapalam,Theni Dt.",Theni,GOVT-DMS,Multi,GOVT-DMS,Govt,49,07-07-2021,2021,A1,False,True,True,True,True,True,True,True,True,True,True,True,True,True,True,True,True,True,True,True,True,True,True,True,True,True,True,True,True,False,True,True,True,False,True,True,True,True,True,True,9.7723322,77.3365099,Exact Hospital
119,MA,H_23579,"Govt Hospital,Andipatti,Theni TN.","Govt.Hospital,Aundipatti,Theni Mainroad,625512.",Theni,GOVT-DMS,Multi,GOVT-DMS,Govt,42,09-12-2020,2020,A1,False,True,True,True,True,True,True,True,True,True,True,True,True,True,True,True,True,True,True,True,True,True,True,True,True,True,True,True,True,False,True,True,True,False,True,True,True,True,True,True,9.982645,77.7337233,Exact Hospital
1464,MA,H_22462,"Govt. CHC, Dompucherry, Theni TN.","Dompucherry, Theni",Theni,CHC,Multi,Govt-MTM,Govt,12,25-09-2017,2017,A1,False,False,False,False,True,False,False,False,True,True,True,True,False,False,False,False,True,True,False,False,True,True,False,True,True,False,True,True,False,False,True,False,False,False,False,False,False,True,False,True,9.8692558,77.4222974,District Center
1463,MA,H_22461,"Govt. CHC, Veerapandi, Theni TN.","Veerapandi, Theni",Theni,CHC,Multi,Govt-MTM,Govt,12,25-09-2017,2017,A1,False,False,False,False,True,False,False,False,True,True,True,True,False,False,False,False,True,True,False,False,True,True,False,True,True,False,True,True,False,False,True,False,False,False,False,False,False,True,False,True,9.9639112,77.4351032,Village/Town Center
46,MA,H_18523,"Govt. Head Qrtrs Hosp Periyakullam,Theni TN.","KATCHERI RD, THENKARAI, PERIYAKULAM, TAMIL NADU 625601",Theni,GOVT-DMS,Multi,GOVT-DMS,Govt,1,20-03-2017,2017,A1,False,True,True,True,True,True,True,True,True,True,True,True,True,True,True,True,True,True,True,True,True,True,True,True,True,True,True,True,True,False,True,True,True,False,True,True,True,True,True,True,9.6109462,77.171726,Village/Town Center
45,MA,H_19092,"Govt. kambam Hospital, Theni TN.","MANI NAGARAM, CUMBUM, TAMIL NADU 625516",Theni,GOVT-DMS,Multi,GOVT-DMS,Govt,1,20-03-2017,2017,A1,False,True,True,True,True,True,True,True,True,True,True,True,True,True,True,True,True,True,True,True,True,True,True,True,True,True,True,True,True,False,True,True,True,False,True,True,True,True,True,True,9.6109462,77.171726,Village/Town Center
1589,MA,H_24827,"Govt.PHC Kadamalaikundru,Theni TN.","Kadamalaikundru,Theni",Theni,PHC,Multi,Govt-MTM,Govt,52,09-08-2021,2021,A1,False,False,False,False,False,False,False,False,False,True,False,False,False,False,False,False,False,False,False,False,True,False,False,False,False,False,False,False,False,False,False,False,False,False,True,False,False,False,False,False,9.8692558,77.4222974,District Center
1593,MA,H_24839,"Govt.PHC Myladumparai,Theni TN.","Myladumparai,Theni",Theni,PHC,Multi,Govt-MTM,Govt,52,09-08-2021,2021,A1,False,False,False,False,False,False,False,False,False,True,False,False,False,False,False,False,False,False,False,False,True,False,False,False,False,False,False,False,False,False,False,False,False,False,True,False,False,False,False,False,9.7906935,77.5739116,Village/Town Center
1640,MA,H_25049,"Govt.PHC,Andipatti,Rajathani,Theni TN.","The Medical Officer, Govt. Primary Health Center, Rajathani",Theni,PHC,Multi,Govt-MTM,Govt,55,12-11-2021,2021,A1,False,False,False,False,False,False,False,False,False,True,False,False,False,False,False,False,False,False,False,False,True,False,False,False,False,False,False,False,False,False,False,False,False,False,True,False,False,False,False,False,9.8692558,77.4222974,District Center
1492,MA,H_24534,"Govt.UPHC Gudalur,Theni TN. ","Gudalur,Theni",Theni,UPHC,Multi,Govt-MTM,Govt,51,23-08-2021,2021,A1,False,False,False,False,False,False,False,False,False,True,False,False,False,False,False,False,False,False,False,False,True,False,False,False,False,False,False,False,False,False,False,False,False,False,True,False,False,False,False,False,9.6793174,77.2436946,Village/Town Center
1490,MA,H_24529,"Govt.UPHC Kombai,thevaram,Theni TN. ","Kombai,thevaram,Theni",Theni,UPHC,Multi,Govt-MTM,Govt,51,23-08-2021,2021,A1,False,False,False,False,False,False,False,False,False,True,False,False,False,False,False,False,False,False,False,False,True,False,False,False,False,False,False,False,False,False,False,False,False,False,True,False,False,False,False,False,9.8692558,77.4222974,District Center
1491,MA,H_24531,"Govt.UPHC Odaipatty,Theni TN.","Odaipatty,Theni",Theni,UPHC,Multi,Govt-MTM,Govt,51,23-08-2021,2021,A1,False,False,False,False,False,False,False,False,False,True,False,False,False,False,False,False,False,False,False,False,True,False,False,False,False,False,False,False,False,False,False,False,False,False,True,False,False,False,False,False,9.8692558,77.4222974,District Center
2014,MA,H_22325,"Image Special School, Autism, Theni TN.",,Theni,Private,Multi,PVT AUTISM,Pvt,10,21-08-2017,2017,,False,False,False,False,False,False,False,False,False,False,False,False,False,False,False,False,False,False,False,False,False,False,False,False,False,False,False,False,False,False,False,False,False,False,False,False,False,False,False,False,9.8692558,77.4222974,District Center
335,MA,H_18279,"Krishnammal Memorial Hospital,Theni TN.","293, PERIYAKULAM ROAD, THENI",Theni,PVT,Multi,PVT HOSPITAL,Pvt,4,12-04-2017,2017,A2,False,False,False,True,True,False,True,False,True,True,True,True,False,False,False,True,False,False,False,True,True,False,False,False,True,False,False,False,False,False,False,False,False,False,False,False,False,False,True,True,10.0233921,77.4798828,Exact Hospital
352,MA,H_26157,"M.M.Multi Speciality Hospital, Theni TN.","ARANAMANAIPUDHUR BRIDGE WEST, ARANMANAIPUDHUR, THENI-625531
",Theni,PVT,Multi,PVT HOSPITAL,Pvt,84,26-03-2025,2025,A6,False,False,False,False,False,False,False,False,True,True,False,False,False,False,False,False,False,False,False,False,False,False,False,False,False,False,False,False,False,False,False,False,False,False,False,False,False,False,True,False,9.8692558,77.4222974,District Center
390,MA,H_23553,"Nalam Healthcare Hospital,Theni TN.","63/2 Lake Road, Sriram Nagar, Theni - 625531.",Theni,PVT,Multi,PVT HOSPITAL,Pvt,78,01-08-2024,2024,A6,False,False,False,False,False,False,False,False,False,True,False,False,False,False,False,False,False,False,False,True,False,False,False,False,False,False,False,False,False,False,False,False,False,False,False,False,False,False,False,False,10.0108143,77.4810104,Village/Town Center
404,MA,H_18613,"NRT Hospital,Theni TN.","MADURAI MAIN RD, SUNNAMBU KALAVARA, NRT NAGAR, THENI,",Theni,PVT,Multi,PVT HOSPITAL,Pvt,4,12-04-2017,2017,A3,False,True,True,False,False,False,False,False,True,True,True,True,False,False,False,True,False,True,False,True,True,False,False,False,True,False,False,False,False,False,False,False,False,False,False,False,False,False,True,True,10.0108143,77.4810104,Village/Town Center
438,MA,H_19057,"Rohan Sekar Hospital, Theni TN.","RANGER OFFICE ROAD, MANI NAGARAM, CUMBUM,THENI",Theni,PVT,Single,PVT HOSPITAL,Pvt,4,12-04-2017,2017,S1,False,False,False,False,False,False,True,False,False,False,True,False,False,False,False,False,False,False,False,False,False,False,False,False,False,False,False,False,False,False,False,False,False,False,False,False,False,False,False,False,9.729667,77.285558,Exact Hospital
2076,MA,H_22548,"Rural Area Development Trust, Autism, Theni TN.",,Theni,Private,Multi,PVT AUTISM,Pvt,16,14-03-2018,2018,,False,False,False,False,False,False,False,False,False,False,False,False,False,False,False,False,False,False,False,False,False,False,False,False,False,False,False,False,False,False,False,False,False,False,False,False,False,False,False,False,9.8692558,77.4222974,District Center
468,MA,H_23604,"Shanmugam Hospital, Theni TN.
","Amaravathi Nagar, Bodinayakanur",Theni,PVT,Multi,PVT HOSPITAL,Pvt,44,15-02-2021,2021,A6,False,False,False,False,False,False,False,False,True,True,True,True,False,False,False,False,False,False,False,False,False,False,False,False,False,False,False,False,False,False,False,False,False,False,False,False,False,False,False,False,9.8692558,77.4222974,District Center
538,MA,H_19058,"T N K H N V Hospital, Theni TN.","# 24, N.R.T NAGAR MAIN ROAD, THENI",Theni,PVT,Multi,PVT HOSPITAL,Pvt,5,19-04-2017,2017,A2,False,False,False,True,True,False,True,False,True,True,True,True,False,False,False,False,False,True,False,True,False,False,False,False,True,False,False,False,True,False,False,True,False,False,True,True,True,False,False,True,9.8692558,77.4222974,District Center
2108,MA,H_23163 ,"Theni Govt. MC, Autism, Theni TN.",,Theni,Private,Multi,PVT AUTISM,Pvt,0,19-02-2020,2020,,False,False,False,False,False,False,False,False,False,False,False,False,False,False,False,False,False,False,False,False,False,False,False,False,False,False,False,False,False,False,False,False,False,False,False,False,False,False,False,False,9.8692558,77.4222974,District Center
44,MA,H_18710,"Theni Govt. Medical College and Hospital,Theni TN.","KANAVILAKKU, KOCHI-MADURAI-TONDI POINT RD, TAMIL NADU 625531",Theni,GOVT-DME,Multi,GOVT-DME,Govt,1,20-03-2017,2017,A1,False,True,True,True,True,True,True,True,True,True,True,True,True,True,True,True,True,True,True,True,True,True,True,True,True,True,True,True,True,False,True,True,True,False,True,True,True,True,True,True,9.6109462,77.171726,Village/Town Center
551,MA,H_22393,"Theni Kids and Kidney Center, Theni TN.","20A,Cumbum road,Palanichettipatti,Theni-625531",Theni,PVT,Single,PVT HOSPITAL,Pvt,12,25-09-2017,2017,S2,False,False,False,False,False,False,False,False,False,False,False,False,False,False,False,False,False,False,False,True,False,False,False,False,False,False,False,False,False,False,False,False,False,False,False,False,False,False,False,False,9.8692558,77.4222974,District Center
557,MA,H_21991,"Unnamalaiammal Multispeciality Hospital, Theni TN.","2/307, MAIN ROAD, KADAMALAIKUNDU",Theni,PVT,Multi,PVT HOSPITAL,Pvt,1,20-03-2017,2017,A4,False,False,False,False,False,False,False,False,True,True,False,False,False,False,False,False,False,False,False,False,False,False,False,False,False,False,False,False,False,False,False,False,False,False,False,False,False,False,False,False,9.9283733,78.0994053,Village/Town Center
2011,MA,H_19440,"Vaigai Scans,Theni DC.",,Theni,Private,Multi,DC PVT-STANDALONE,Pvt,5,19-04-2017,2017,,False,False,False,False,False,False,False,False,False,False,False,False,False,False,False,False,False,False,False,False,False,False,False,False,False,False,False,False,False,False,False,False,False,False,False,False,False,False,False,False,9.8692558,77.4222974,District Center
2015,MA,H_22327,"Vanavil Rehabilitation Centre, Autism, Theni TN.",,Theni,Private,Multi,PVT AUTISM,Pvt,10,21-08-2017,2017,,False,False,False,False,False,False,False,False,False,False,False,False,False,False,False,False,False,False,False,False,False,False,False,False,False,False,False,False,False,False,False,False,False,False,False,False,False,False,False,False,9.8692558,77.4222974,District Center
566,MA,H_18343,"Vidhya Hospital, Theni TN.","DHANUSHKODI RD, MRR NAGAR, PC PATTI, THENI",Theni,PVT,Multi,PVT HOSPITAL,Pvt,5,19-04-2017,2017,A5,False,False,False,False,False,False,False,False,True,True,True,True,False,False,False,False,False,False,False,True,False,True,False,False,True,False,False,False,False,False,False,False,False,False,False,False,True,False,True,False,10.1216397,77.5476801,Exact Hospital
159,MA,H_18981,"A G Eye Hospital,Puthur,Trichy TN.","NO : 6 OFFICER'A COLONY,PUTHUR,OPP TO G H,TRICHY.",Tiruchirappalli,Private,Single,PVT HOSPITAL,Pvt,5,19-04-2017,2017,S1,False,False,False,False,False,False,False,False,False,False,False,False,False,False,False,False,False,False,False,False,False,False,False,True,False,False,False,False,False,False,False,False,False,False,False,False,False,False,False,False,10.8071144,78.6880939,District Center
160,MA,H_18224,"A. J. Hospital, Trichy TN.","NO.45,VANDIPETTAI ST,POLICE LANE MANAPPARAI",Tiruchirappalli,Private,Multi,PVT HOSPITAL,Pvt,3,04-04-2017,2017,A3,False,True,False,False,False,False,True,True,True,True,True,True,False,False,False,False,False,False,True,False,True,True,False,False,True,True,True,True,True,False,False,False,False,False,True,True,True,False,False,True,10.8071144,78.6880939,District Center
167,MA,H_22694,"Aiyshwariya Hospital, Trichy TN.","5/2-1, Salai Road, Housing Colony,Jeyanthi Bus Stop, Woraiyur,",Tiruchirappalli,Private,Multi,PVT HOSPITAL,Pvt,22,06-08-2018,2018,A6,False,False,False,False,False,False,True,False,True,True,True,True,False,False,True,False,False,False,False,True,False,False,False,False,False,False,False,False,False,False,False,False,False,False,False,False,False,False,False,False,10.8288951,78.6821604,Exact Hospital
172,MA,H_18977,"Ananthgiri Nursing Home,Thillai Nagar,Trichy TN.","C-1, 1ST CROSS STREET, THILLAI NAGAR, TRICHY.",Tiruchirappalli,Private,Multi,PVT HOSPITAL,Pvt,5,19-04-2017,2017,A6,False,False,False,False,False,False,True,False,False,True,False,False,False,False,False,False,False,False,False,False,False,False,False,False,True,False,False,False,False,False,False,False,False,False,True,False,False,False,False,True,10.8222458,78.6834039,Village/Town Center
185,MA,H_20516,"Apollo Hospitals, Trichy TN.","Apollo Speciality Hospitals Chennai Bye - Pass Road , Ariyamangalam Old Palpannai, Trichy",Tiruchirappalli,Private,Multi,PVT HOSPITAL,Pvt,5,19-04-2017,2017,A1,False,True,True,False,False,False,True,False,False,False,True,False,False,False,False,True,False,False,False,False,False,False,False,False,False,False,False,False,False,False,False,False,False,False,False,True,False,False,False,False,10.80708,78.7111538,Exact Hospital
197,MA,H_26133,"Arul John Hospital, Tiruchirapalli, TN.",Manapparai Tk po near Madha Kovil Vaiyampatti Tamil Nadu,Tiruchirappalli,Private,Multi,PVT HOSPITAL,Pvt,83,30-01-2025,2025,A6,False,False,False,False,False,False,False,False,True,True,False,False,False,False,False,False,False,False,False,False,False,False,False,False,False,False,False,False,False,False,False,False,False,False,False,False,False,False,False,False,10.8071144,78.6880939,District Center
201,MA,H_23470,"Athma Hospitals, Tiruchirapalli TN.","No-12 B&C, 10th Cross St, East, Thillai Nagar, Tiruchirappalli, Tamil Nadu 620018, India",Tiruchirappalli,Private,Multi,PVT HOSPITAL,Pvt,53,18-09-2021,2021,A5,False,False,False,False,False,False,False,False,False,False,False,False,False,False,False,False,False,False,False,False,False,False,False,False,False,False,False,False,False,False,True,False,False,False,False,False,False,False,False,False,10.7992254,78.6811423,Village/Town Center
202,MA,H_18462,"Athreya Retinal Center, Dr.VAS Hospital,Trichy TN.","NO:1 FIFTH CROSS,THILLAINAGAR, TIRUCHIRAPPALLI-18",Tiruchirappalli,Private,Single,PVT HOSPITAL,Pvt,1,20-03-2017,2017,S1,False,False,False,False,False,False,False,False,False,False,False,False,False,False,False,False,False,False,False,False,False,False,False,True,False,False,False,False,False,False,False,False,False,False,False,False,False,False,False,False,10.8233968,78.6831226,Village/Town Center
203,MA,H_22269,"Atlas Hospital, Trichy TN.","34/1 V.N NAGAR 1ST CROSS,KARUR ROAD,TRICHY-620002",Tiruchirappalli,Private,Multi,PVT HOSPITAL,Pvt,8,24-06-2017,2017,A1,False,False,False,False,False,False,True,False,False,True,False,True,False,False,False,False,False,False,False,False,False,False,False,False,True,False,False,False,False,False,False,False,False,False,True,False,False,False,False,True,10.8333326,78.6906258,Exact Hospital
2187,MA,H_26414,"BM Hospital, Trichy, TN.",,Tiruchirappalli,Private,Multi,PVT HOSPITAL,Pvt,96,08-04-2026,2026,,False,False,False,False,False,False,False,False,False,False,False,False,False,False,False,False,False,False,False,False,False,False,False,False,False,False,False,False,False,False,False,False,False,False,False,False,False,False,False,False,10.8306432,78.6851656,Exact Hospital
218,MA,H_18973,"C.S.I. Mission Hospital,Woriyur,Trichy TN.",WORIYUR TRICHY,Tiruchirappalli,Private,Multi,PVT HOSPITAL,Pvt,0,23-07-2019,2019,A6,False,True,False,False,False,False,False,False,False,False,False,False,False,False,False,False,False,False,False,False,False,False,False,False,False,False,False,False,False,False,False,False,False,False,False,False,False,False,False,False,10.8071144,78.6880939,District Center
221,MA,H_20028,"Cethar Hospital, Trichy TN.","C – 108, FORT STATION ROAD, THILLAI NAGAR, TIRUCHIAPPALLI – 620018.",Tiruchirappalli,Private,Multi,PVT HOSPITAL,Pvt,4,12-04-2017,2017,A6,False,True,False,False,False,False,True,True,True,True,False,True,False,True,True,False,False,False,False,True,False,True,False,False,True,True,True,True,True,False,False,True,False,False,True,True,False,False,False,True,10.8239853,78.684353,Exact Hospital
236,MA,H_21380,"Curis Hospital, Trichy TN.","C/O.DR.G. VISWANATHAN CBCC CANCER CENTER, CHENNAI TRUNK ROAD, MAMBALASALAI,620005",Tiruchirappalli,Private,Single,PVT HOSPITAL,Pvt,5,19-04-2017,2017,S2,False,False,False,False,False,False,True,False,False,False,False,False,False,False,False,False,False,True,False,False,False,False,False,False,False,False,False,False,False,False,False,False,True,False,False,False,False,False,False,False,10.8505148,78.6996312,Village/Town Center
237,MA,H_18990,"Dayal Nursing Home,Manaparai,Trichy TN.","NO : RAMASAMY STREET, MANAPARAI,TRICHY.",Tiruchirappalli,Private,Multi,PVT HOSPITAL,Pvt,1,20-03-2017,2017,A3,False,False,False,False,True,False,True,False,True,True,True,True,False,False,True,False,False,False,False,False,True,True,False,False,True,False,True,True,False,False,False,False,True,False,True,True,True,False,False,True,10.6073393,78.4181106,Village/Town Center
239,MA,H_18960,"Deepan Nursing Home,Puthur,Trichy TN.","NO : BISHOP ROAD PUTHUR, TRICHY.",Tiruchirappalli,Private,Multi,PVT HOSPITAL,Pvt,2,27-03-2017,2017,A4,False,False,False,True,False,False,True,False,True,True,False,True,False,False,True,False,False,False,False,True,False,False,False,False,True,False,True,True,False,False,False,False,False,False,True,False,False,False,False,True,10.8071144,78.6880939,District Center
2103,MA,H_22804,"Doctors Diagnostic Centre,Puthur Hig Rd,Trichy DC.",,Tiruchirappalli,Private,PVT-STANDALONE,DC PVT-STANDALONE,Pvt,29,12-02-2019,2019,,False,False,False,False,False,False,False,False,False,False,False,False,False,False,False,False,False,False,False,False,False,False,False,False,False,False,False,False,False,False,False,False,False,False,False,False,False,False,False,False,10.8071144,78.6880939,District Center
2078,MA,H_22613,"Dolphin Special School,Autism,Trichy TN.",,Tiruchirappalli,Private,Autism ,PVT AUTISM,Pvt,15,05-02-2018,2018,,False,False,False,False,False,False,False,False,False,False,False,False,False,False,False,False,False,False,False,False,False,False,False,False,False,False,False,False,False,False,False,False,False,False,False,False,False,False,False,False,10.8071144,78.6880939,District Center
248,MA,H_22421,"Dr Agarwal Eye Hospital,Thillai Nagar, Trichy TN.","B-31 Shastri Road, 5th Cross Rd E, opp. Naidu Hall, Thillai Nagar, Tiruchirappall",Tiruchirappalli,Private,Single,PVT HOSPITAL,Pvt,13,07-11-2017,2017,S2,False,False,False,False,False,False,False,False,False,False,False,False,False,False,False,False,False,False,False,False,False,False,False,True,False,False,False,False,False,False,False,False,False,False,False,False,False,False,False,False,10.8222458,78.6834039,Village/Town Center
262,MA,H_18576,"Dr.G.Viswanathan Specialty Hosp Pvt Lt, Trichy TN.","27, BABU ROAD, TRICHY -8.",Tiruchirappalli,Private,Multi,PVT HOSPITAL,Pvt,1,20-03-2017,2017,A1,False,False,False,True,True,False,True,True,True,True,True,True,False,False,True,False,False,True,True,True,True,True,False,False,True,True,False,True,True,False,False,True,True,False,True,True,True,False,False,True,10.8071144,78.6880939,District Center
263,MA,H_22803,"Dr.Malas Hospital,Manaparai, Trichy TN.","No: 112A, Trichy Road, Manaparai, Trichy- 621306",Tiruchirappalli,Private,Single,PVT HOSPITAL,Pvt,29,12-02-2019,2019,S1,False,False,False,False,False,False,True,False,False,False,False,False,False,False,False,False,False,False,False,False,False,False,False,False,True,False,False,False,False,False,False,False,False,False,False,False,False,False,False,True,10.8071144,78.6880939,Village/Town Center
271,MA,H_26176,"Eye Foundation ltd, Trichy, TN.","No:27,WILLIAMS ROAD NEAR SONA MINA THEATRES ",Tiruchirappalli,Private,Single,PVT HOSPITAL,Pvt,86,30-04-2025,2025,,False,False,False,False,False,False,False,False,False,False,False,False,False,False,False,False,False,False,False,False,False,False,False,False,False,False,False,False,False,False,False,False,False,False,False,False,False,False,False,False,10.8071144,78.6880939,Village/Town Center
276,MA,H_18941,"Frontline Hospital,Anna Statue,Trichy TN.","NO : 37&39, CHINTHAMANI BAZAAR,NEAR ANNA STATUE,TRICHY.",Tiruchirappalli,Private,Multi,PVT HOSPITAL,Pvt,4,12-04-2017,2017,A3,False,True,False,True,False,False,True,False,True,True,True,True,False,False,True,False,False,False,False,True,True,True,False,False,True,False,False,False,False,False,False,False,False,False,True,False,False,False,True,True,10.8071144,78.6880939,District Center
277,MA,H_18970,"G V N Hospital PVT LTD, Trichy TN.","NO : 46 SINGARATHOPE,TRICHY",Tiruchirappalli,Private,Multi,PVT HOSPITAL,Pvt,1,20-03-2017,2017,A1,False,False,False,True,True,True,True,True,True,True,True,True,False,True,True,True,False,True,False,True,True,True,False,False,True,False,False,False,True,False,False,True,True,False,True,False,True,False,False,True,10.8529238,78.7021722,Exact Hospital
280,MA,H_18984,"Gitanjali Medical Centre,Pudhur,Trichy TN.","NO :  OPP TO BISHOP HEBER COLLEGE GROUND,VAYALUR ROAD,TRICHY",Tiruchirappalli,Private,Multi,PVT HOSPITAL,Pvt,5,19-04-2017,2017,A3,False,False,False,True,True,False,True,True,True,True,True,True,False,False,True,False,False,False,True,True,True,True,False,False,True,True,False,True,False,False,False,False,False,False,True,True,False,False,False,True,10.814969,78.6640107,Village/Town Center
283,MA,H_18988,"GKM Hospital,Manaparai,Trichy TN.","NO : TRICHY ROAD,MANAPARAI,TRICHY",Tiruchirappalli,Private,Multi,PVT HOSPITAL,Pvt,5,19-04-2017,2017,A2,False,True,False,False,False,False,True,False,True,True,True,True,False,False,True,False,False,True,True,True,True,True,False,False,True,False,True,True,True,False,False,False,False,False,True,True,True,False,False,True,10.6073393,78.4181106,Village/Town Center
49,MA,H_19717,"Govt Hospital Lalgudi, Trichy TN.","MAIN ROAD,LALGUDI,TRICHY",Tiruchirappalli,Sub-district Hospital,Multi,Govt-DMS,Govt,1,20-03-2017,2017,A1,False,True,True,True,True,True,True,True,True,True,True,True,True,True,True,True,True,True,True,True,True,True,True,True,True,True,True,True,True,False,True,True,True,False,True,True,True,True,True,True,10.8754197,78.8153244,Village/Town Center
58,MA,H_22333,"Govt Hospital Manachanallur, Trichy TN.","No.* , ethu malai road, girls school opposite, Mannachanallur ,Trichy",Tiruchirappalli,Sub-district Hospital,Multi,Govt-DMS,Govt,9,18-07-2017,2017,A1,False,True,True,True,True,True,True,True,True,True,True,True,True,True,True,True,True,True,True,True,True,True,True,True,True,True,True,True,True,False,True,True,True,False,True,True,True,True,True,True,10.8071144,78.6880939,District Center
56,MA,H_22332,"Govt Hospital Omanthur, Trichy TN.","GOVT HOSPITAL OMANDUR ,OMANDUR (PO),NEAR CANARA BANK ROAD, MANACHANALLU (TK),TRICHY (D.K)",Tiruchirappalli,Sub-district Hospital,Multi,Govt-DMS,Govt,9,18-07-2017,2017,A1,False,True,True,True,True,True,True,True,True,True,True,True,True,True,True,True,True,True,True,True,True,True,True,True,True,True,True,True,True,False,True,True,True,False,True,True,True,True,True,True,10.8071144,78.6880939,District Center
53,MA,H_22140,"Govt Hospital Thottiyam,Trichy TN.",TRICHY SALEM MAIN ROAD THOTTIYAM - 621215,Tiruchirappalli,Sub-district Hospital,Multi,Govt-DMS,Govt,6,15-05-2017,2017,A1,False,True,True,True,True,True,True,True,True,True,True,True,True,True,True,True,True,True,True,True,True,True,True,True,True,True,True,True,True,False,True,True,True,False,True,True,True,True,True,True,10.98388,78.338648,Exact Hospital
54,MA,H_22141,"Govt Hospital Thuraiyur,Trichy TN.","GOVT HOSPITAL THURAIYUR, PERAMBALUR ROAD,THURAIYUR,TRICHY 621010 ",Tiruchirappalli,Sub-district Hospital,Multi,Govt-DMS,Govt,6,15-05-2017,2017,A1,False,True,True,True,True,True,True,True,True,True,True,True,True,True,True,True,True,True,True,True,True,True,True,True,True,True,True,True,True,False,True,True,True,False,True,True,True,True,True,True,10.8071144,78.6880939,Village/Town Center
55,MA,H_22331,"Govt Hospital Thuvakudi, Trichy TN. ","THANJAVUR MAIN ROAD, THUVAKUDI POLICE SATION NEAR, THUVAKUDI , TRICHY -15",Tiruchirappalli,Sub-district Hospital,Multi,Govt-DMS,Govt,9,18-07-2017,2017,A1,False,True,True,True,True,True,True,True,True,True,True,True,True,True,True,True,True,True,True,True,True,True,True,True,True,True,True,True,True,False,True,True,True,False,True,True,True,True,True,True,10.75343,78.821829,Exact Hospital
57,MA,H_22334,"Govt Hospital Thuvarankurichi, Trichy TN.","MANAPARAI MAIN ROAD,THUVARAKURICHI- 621314",Tiruchirappalli,Sub-district Hospital,Multi,Govt-DMS,Govt,9,18-07-2017,2017,A1,False,True,True,True,True,True,True,True,True,True,True,True,True,True,True,True,True,True,True,True,True,True,True,True,True,True,True,True,True,False,True,True,True,False,True,True,True,True,True,True,10.8071144,78.6880939,District Center
48,MA,H_18953,"Govt Hospital,Musiri,Trichy TN.","SELAM MAIN ROAD,,MUSIRI,TRICHY",Tiruchirappalli,Sub-district Hospital,Multi,Govt-DMS,Govt,1,20-03-2017,2017,A1,False,True,True,True,True,True,True,True,True,True,True,True,True,True,True,True,True,True,True,True,True,True,True,True,True,True,True,True,True,False,True,True,True,False,True,True,True,True,True,True,10.94968,78.44495,Exact Hospital
50,MA,H_18506,"Govt. Head Qrtrs Hosp Manaparai,Trichy TN.","VIRALIMALAI ROAD,MANAPARAI,TRICHY",Tiruchirappalli,District Hospital,Multi,Govt-DMS,Govt,1,20-03-2017,2017,A1,False,True,True,True,True,True,True,True,True,True,True,True,True,True,True,True,True,True,True,True,True,True,True,True,True,True,True,True,True,False,True,True,True,False,True,True,True,True,True,True,10.6073393,78.4181106,Village/Town Center
52,MA,H_18733,"Govt. Hospital Srirangam,Trichy TN.","GANTHI ROAD,SRIRANGAM,TRICHY",Tiruchirappalli,Sub-district Hospital,Multi,Govt-DMS,Govt,1,20-03-2017,2017,A1,False,True,True,True,True,True,True,True,True,True,True,True,True,True,True,True,True,True,True,True,True,True,True,True,True,True,True,True,True,False,True,True,True,False,True,True,True,True,True,True,10.8127985,78.6345428,Exact Hospital
2077,MA,H_22533,"Govt.DDWO,Trichy TN.",,Tiruchirappalli,DDWO,DDWO,DDWO,Govt,15,22-02-2018,2018,,False,False,False,False,False,False,False,False,False,False,False,False,False,False,False,False,False,False,False,False,False,False,False,False,False,False,False,False,False,False,False,False,False,False,False,False,False,False,False,False,10.8071144,78.6880939,District Center
1648,MA,H_25628,"Govt.Inamakulathur PHC,Trichy TN.","Govt.primary health center, Inamkulathur, Inamkulathur post, Srirangam talk, trichy dt. 620009.",Tiruchirappalli,PHC,Multi,Govt-MTM,Govt,57,23-03-2022,2022,A1,False,False,False,False,False,False,False,False,False,True,False,False,False,False,False,False,False,False,False,False,True,True,False,False,False,False,False,False,False,False,False,False,False,False,False,False,False,False,False,False,10.8071144,78.6880939,Village/Town Center
1582,MA,H_24819,"Govt.Kattuputthur UPHC,Thottiyam,Trichy TN.","Hospital Road,GPHC Kattuputhur, Thottiam TK, Trichy - Dt 621207",Tiruchirappalli,PHC,Multi,Govt-MTM,Govt,52,09-08-2021,2021,A1,False,False,False,False,False,False,False,False,False,True,False,False,False,False,False,False,False,False,False,False,True,False,False,False,False,False,False,False,False,False,False,False,False,False,True,False,False,False,False,False,10.8071144,78.6880939,Village/Town Center
1499,MA,H_24541,"Govt.Kulumani CHC,Trichy TN. ","Community Health Centre, Trichy Main Road, Kulumani, Trichy-639103",Tiruchirappalli,CHC,Multi,Govt-MTM,Govt,51,23-08-2021,2021,A1,False,False,False,False,False,False,False,False,False,True,False,False,False,False,False,False,False,False,False,False,True,False,False,False,False,False,False,False,False,False,False,False,False,False,True,False,False,False,False,False,10.8071144,78.6880939,District Center
1581,MA,H_24818,"Govt.Navalpattu PHC,Thiruverumbur,Trichy TN.","NAVALPET BURMA COLONY, NAVALPATTU,TRICHY Dt",Tiruchirappalli,PHC,Multi,Govt-MTM,Govt,52,09-08-2021,2021,A1,False,False,False,False,False,False,False,False,False,True,False,False,False,False,False,False,False,False,False,False,True,False,False,False,False,False,False,False,False,False,False,False,False,False,True,False,False,False,False,False,10.7504375,78.7762002,Village/Town Center
1591,MA,H_24829,"Govt.PHC Andanallur,Trichy TN.","Karur Main Road, Andhanallur, Tiruchirappalli, Tamil Nadu 639112",Tiruchirappalli,PHC,Multi,Govt-MTM,Govt,52,09-08-2021,2021,A1,False,False,False,False,False,False,False,False,False,False,False,False,False,False,False,False,False,False,False,False,True,False,False,False,False,False,False,False,False,False,False,False,False,False,True,False,False,False,False,False,10.7992254,78.6811423,Village/Town Center
1592,MA,H_24830,"Govt.PHC Manapparai,Trichy TN.","Kovilpatti Rd,Gandhi Nagar,Old Gh Building,Manapparai, Tiruchirappalli ,Tamil Nadu 621306",Tiruchirappalli,PHC,Multi,Govt-MTM,Govt,52,09-08-2021,2021,A1,False,False,False,False,False,False,False,False,False,False,False,False,False,False,False,False,False,False,False,False,True,False,False,False,False,False,False,False,False,False,False,False,False,False,True,False,False,False,False,False,10.7992254,78.6811423,Village/Town Center
1590,MA,H_24828,"Govt.PHC Thandalaiputhur,Musiri,Trichy TN.","Govt.Primary Health centre, Near Govt.hr.sec.school, t.puthur-621217",Tiruchirappalli,PHC,Multi,Govt-MTM,Govt,52,09-08-2021,2021,A1,False,False,False,False,False,False,False,False,False,True,False,False,False,False,False,False,False,False,False,False,True,False,False,False,False,False,False,False,False,False,False,False,False,False,True,False,False,False,False,False,10.8071144,78.6880939,District Center
1577,MA,H_24814,"Govt.Puduruthamanur UPHC,lalkudi,Trichy TN.","Pudur Uttamanur, Lalgudi, Tiruchirappalli-621712",Tiruchirappalli,PHC,Multi,Govt-MTM,Govt,52,09-08-2021,2021,A1,False,False,False,False,False,False,False,False,False,True,False,False,False,False,False,False,False,False,False,False,True,False,False,False,False,False,False,False,False,False,False,False,False,False,True,False,False,False,False,False,10.8071144,78.6880939,District Center
1579,MA,H_24816,"Govt.Pullampadi UPHC,Trichy TN.","Ariyalur Main Road, Near Union Office, Pullambadi, Trichy 621711",Tiruchirappalli,PHC,Multi,Govt-MTM,Govt,52,09-08-2021,2021,A1,False,False,False,False,False,False,False,False,False,True,False,False,False,False,False,False,False,False,False,False,True,False,False,False,False,False,False,False,False,False,False,False,False,False,True,False,False,False,False,False,10.8071144,78.6880939,Village/Town Center
1586,MA,H_24823,"Govt.SirugamburUPHC,Manachanallur,Trichy TN.","GPHC, SIRUGAMBUR, MANACHANALLUR TK, TRICHY DT-621213",Tiruchirappalli,PHC,Multi,Govt-MTM,Govt,52,09-08-2021,2021,A1,False,False,False,False,False,False,False,False,False,True,False,False,False,False,False,False,False,False,False,False,True,False,False,False,False,False,False,False,False,False,False,False,False,False,True,False,False,False,False,False,10.8071144,78.6880939,District Center
1580,MA,H_24817,"Govt.Thathaiyangarpet,PHC,Trichy TN.","UPGRADED PRIMARY HEALTH CENTRE, THATHIENGARPET, MUSIRI TALUK, TRICHY -621214",Tiruchirappalli,PHC,Multi,Govt-MTM,Govt,52,09-08-2021,2021,A1,False,False,False,False,False,False,False,False,False,True,False,False,False,False,False,False,False,False,False,False,True,False,False,False,False,False,False,False,False,False,False,False,False,False,True,False,False,False,False,False,10.8071144,78.6880939,Village/Town Center
1500,MA,H_24542,"Govt.UPHC Puthanatham,Trichy TN.","Dindigul road, Puthanatham, Manaparai taluk, trichy - 621 310",Tiruchirappalli,PHC,Multi,Govt-MTM,Govt,51,23-08-2021,2021,A1,False,False,False,False,False,False,False,False,False,True,False,False,False,False,False,False,False,False,False,False,True,False,False,False,False,False,False,False,False,False,False,False,False,False,True,False,False,False,False,False,10.6074105,78.425164,Village/Town Center
1576,MA,H_24813,"Govt.UPHC Srirangam,Trichy TN.","Ghandhi Road,
Near Srirangam Gh Tiruchirappalli, Tamil Nadu 620006",Tiruchirappalli,PHC,Multi,Govt-MTM,Govt,52,09-08-2021,2021,A1,False,False,False,False,False,False,False,False,False,False,False,False,False,False,False,False,False,False,False,False,True,False,False,False,False,False,False,False,False,False,False,False,False,False,True,False,False,False,False,False,10.7992254,78.6811423,Village/Town Center
1646,MA,H_25055,"Govt.UPHC,Ariyamangalam,E.B.Road UPHC,Trichy TN.","Urban Primary Health E.B.Road, Murugan Theater Near, Urban Primary Health Centre,
Trichirappalli-620 008.",Tiruchirappalli,PHC,Multi,Govt-MTM,Govt,55,12-11-2021,2021,A1,False,False,False,False,False,False,False,False,False,True,False,False,False,False,False,False,False,False,False,False,True,False,False,False,False,False,False,False,False,False,False,False,False,False,True,False,False,False,False,False,10.82472,78.673523,Village/Town Center
1647,MA,H_25057,"Govt.UPHC,Ponmalai,Kamarajnagar UPHC,Trichy TN.","Urban Primary Health Centre, Seran St., Air Port, Kamaraj Nagar, Trichirappalli-620 007.",Tiruchirappalli,PHC,Multi,Govt-MTM,Govt,55,12-11-2021,2021,A1,False,False,False,False,False,False,False,False,False,True,False,False,False,False,False,False,False,False,False,False,True,False,False,False,False,False,False,False,False,False,False,False,False,False,True,False,False,False,False,False,10.6497794,78.5033011,Village/Town Center
1645,MA,H_25054,"Govt.UPHC,Srirangam,Beerangikulam,Trichy TN.","Urban Primary HealthBeerangikulam St.Babu Road, Trichirappalli-620 008.",Tiruchirappalli,PHC,Multi,Govt-MTM,Govt,55,12-11-2021,2021,A1,False,False,False,False,False,False,False,False,False,True,False,False,False,False,False,False,False,False,False,False,True,False,False,False,False,False,False,False,False,False,False,False,False,False,True,False,False,False,False,False,10.8071144,78.6880939,District Center
1584,MA,H_24821,"Govt.Uppiliyapuram PHC,Trichy TN.","Community Health Centre, Attur Main Road, Near Police Station, Uppiliyapuram, Trichy - 621011",Tiruchirappalli,PHC,Multi,Govt-MTM,Govt,52,09-08-2021,2021,A1,False,False,False,False,False,False,False,False,False,True,False,False,False,False,False,False,False,False,False,False,True,False,False,False,False,False,False,False,False,False,False,False,False,False,True,False,False,False,False,False,10.8071144,78.6880939,Village/Town Center
1585,MA,H_24822,"Govt.vaiyampattiuphc,Trichy TN.","Dindigul Main road, Manaparai taluk, trichy - 621 315",Tiruchirappalli,PHC,Multi,Govt-MTM,Govt,52,09-08-2021,2021,A1,False,False,False,False,False,False,False,False,False,True,False,False,False,False,False,False,False,False,False,False,True,False,False,False,False,False,False,False,False,False,False,False,False,False,True,False,False,False,False,False,10.6074105,78.425164,Village/Town Center
1578,MA,H_24815,"Govt.Valanadu UPHC,Marungapuri,Trichy TN.","Upgrade Govt Primary Health Center,, valanadu , Marungapuri Taluk, TRICHY -621308",Tiruchirappalli,PHC,Multi,Govt-MTM,Govt,52,09-08-2021,2021,A1,False,False,False,False,False,False,False,False,False,True,False,False,False,False,False,False,False,False,False,False,True,False,False,False,False,False,False,False,False,False,False,False,False,False,True,False,False,False,False,False,10.8071144,78.6880939,Village/Town Center
1583,MA,H_24820,"Govt.veeramachanpattyUPHC,Thuraiyur,Trichy TN.","Hospital Road , Veeramachanpatty, Thuraiyur (TK), Trichy (Dt)-621206",Tiruchirappalli,PHC,Multi,Govt-MTM,Govt,52,09-08-2021,2021,A1,False,False,False,False,False,False,False,False,False,True,False,False,False,False,False,False,False,False,False,False,True,False,False,False,False,False,False,False,False,False,False,False,False,False,True,False,False,False,False,False,10.8071144,78.6880939,District Center
292,MA,H_26175,"GVN Riverside Hospital, Trichy, TN.","BLOCK C,52,THIMMARAYASAMUTHIRAM VILLAGE,T.V.KOVIL,TRICHY-",Tiruchirappalli,Private,Multi,PVT HOSPITAL,Pvt,86,30-04-2025,2025,A4,False,False,False,True,False,False,False,True,True,True,True,True,False,False,False,False,False,False,True,True,True,False,False,False,True,True,True,True,True,False,False,False,False,False,True,True,False,False,False,False,10.8425118,78.7124077,Exact Hospital
294,MA,H_25776 ,"Harshamitra Oncology Pvt Ltd, Trichy TN.","101/4A MATHUR PANJAYAT ROAD JUNCTION,NH45B,TRICHY MADURAI HIGHWAY,NAGAMANGALAM,TRICHY-620012",Tiruchirappalli,Private,Multi,PVT HOSPITAL,Pvt,65,06-01-2023,2023,A6,False,False,False,False,False,False,False,False,False,False,False,False,False,False,False,False,False,True,False,True,False,False,False,False,False,False,False,False,False,False,False,False,True,False,False,False,False,False,False,False,10.8071144,78.6880939,District Center
2018,MA,H_22385,"Intact Special School,Autism,Trichy TN.",,Tiruchirappalli,Private,Autism ,PVT AUTISM,Pvt,10,21-08-2017,2017,,False,False,False,False,False,False,False,False,False,False,False,False,False,False,False,False,False,False,False,False,False,False,False,False,False,False,False,False,False,False,False,False,False,False,False,False,False,False,False,False,10.8071144,78.6880939,District Center
305,MA,H_20027,"Jeyam Multispeciality Hospital, Trichy TN.","86/2,3,4, TAJ MAHAL SALAI, KARUR BYE PASS ROAD, TRICHY – 620018.",Tiruchirappalli,Private,Multi,PVT HOSPITAL,Pvt,1,20-03-2017,2017,A3,False,True,False,False,False,False,True,False,True,True,True,True,False,False,True,False,False,True,False,True,False,True,False,False,True,False,True,False,False,False,False,False,False,False,True,False,False,False,False,True,10.8290124,78.6861656,Exact Hospital
308,MA,H_19639,"Joseph Eye Hospital Melapudur, Trichy TN.","POST BOX NO. 138, MELAPUDUR, TIRUCHIRAPPALLI - 620 001 ",Tiruchirappalli,Private,Single,PVT HOSPITAL,Pvt,1,20-03-2017,2017,S1,False,False,False,False,False,False,False,False,False,False,False,False,False,False,False,False,False,False,False,False,False,False,False,True,False,False,False,False,False,False,False,False,False,False,False,False,False,False,False,False,10.8020383,78.6915667,Exact Hospital
51,MA,H_18518,"K.A.P.Viswanathan Govt. Medical College,Trichy TN.","PUTHUR ,TRICHY",Tiruchirappalli,Medical College Hospital ,Multi,Govt-DME,Govt,1,20-03-2017,2017,A1,False,True,True,True,True,True,True,True,True,True,True,True,True,True,True,True,True,True,True,True,True,True,True,True,True,True,True,True,True,False,True,True,True,False,True,True,True,True,True,True,10.8149173,78.6774838,Village/Town Center
319,MA,H_23756,"Kathir Hospital,Woraiur, Trichy TN.","No 101A, Salai Road, Woriyur, Trichy – ",Tiruchirappalli,Private,Multi,PVT HOSPITAL,Pvt,53,18-09-2021,2021,A3,False,False,False,False,False,False,False,False,True,False,True,True,False,False,False,False,False,False,False,False,False,False,False,False,True,False,False,False,False,False,False,True,False,False,True,False,False,False,False,True,10.8071144,78.6880939,District Center
321,MA,H_24387,"Kauvery Hospital, Heart city, Trichy TN.","Old No 12, New No 52, Alexandria Road, Cantonment, Tiruchirapalli",Tiruchirappalli,Private,Multi,PVT HOSPITAL,Pvt,49,07-07-2021,2021,A1,False,True,True,False,False,False,False,False,False,False,False,False,False,False,False,True,False,False,False,False,False,False,False,False,False,False,False,False,False,False,False,False,False,False,False,False,False,False,False,False,10.8004792,78.6787267,Village/Town Center
329,MA,H_18572,"KMC Speciality,Trichy TN.","NO:6,ROYAL ROAD,CANTONMENT,TRICHY 620001	",Tiruchirappalli,Private,Multi,PVT HOSPITAL,Pvt,3,04-04-2017,2017,A1,False,True,True,True,True,True,True,False,True,True,True,True,False,False,True,True,True,True,True,True,True,True,False,False,True,True,True,True,True,False,False,True,False,True,True,True,True,True,True,True,10.8022289,78.6801432,Exact Hospital
2017,MA,H_22054,"Krishna Scans,Trichy DC.",,Tiruchirappalli,Private,PVT-STANDALONE,DC PVT-STANDALONE,Pvt,2,27-03-2017,2017,,False,False,False,False,False,False,False,False,False,False,False,False,False,False,False,False,False,False,False,False,False,False,False,False,False,False,False,False,False,False,False,False,False,False,False,False,False,False,False,False,10.8071144,78.6880939,District Center
341,MA,H_26348,"L.G.Nursing Home, Trichy TN.","No.37,T.Pet Road,Musiri & [Tk], Trichy [Dt].",Tiruchirappalli,Private,Multi,PVT HOSPITAL,Pvt,93,02-01-2026,2026,A6,False,False,False,False,False,False,False,False,True,False,False,False,False,False,False,False,False,False,False,False,False,False,False,False,True,False,False,False,False,False,False,False,False,False,False,False,False,False,False,False,10.8071144,78.6880939,District Center
358,MA,H_18965,"Mahatma Eye Hospital,Thennur,Trichy TN.","NO : SESHAPURAM THENNUR,TRICHY",Tiruchirappalli,Private,Single,PVT HOSPITAL,Pvt,5,19-04-2017,2017,S1,False,False,False,False,False,False,False,False,False,False,False,False,False,False,False,False,False,False,False,False,False,False,False,True,False,False,False,False,False,False,False,False,False,False,False,False,False,False,False,False,10.8181383,78.6850014,Exact Hospital
360,MA,H_21518,"Mangalam Hospital, Thillainagar Trichy TN.","C105,FORT STATION ROAD,5TH CROSS,THILLAI NAGAR, TRICHY -620018",Tiruchirappalli,Private,Multi,PVT HOSPITAL,Pvt,29,12-02-2019,2019,A6,False,False,False,False,False,False,True,False,True,True,False,True,False,False,False,False,False,False,False,False,False,False,False,False,True,False,False,False,False,False,False,False,False,False,False,False,False,False,False,False,10.8239814,78.6839486,Exact Hospital
366,MA,H_18985,"Maruti Hospital,Thennur,Trichy TN.","NO : 95 PATTABIRAMAN STREET, TENNUR,TRIUCHIRAPPALLI.",Tiruchirappalli,Private,Multi,PVT HOSPITAL,Pvt,5,19-04-2017,2017,A1,False,True,True,True,True,False,True,False,True,True,True,True,False,False,True,True,False,True,True,True,True,True,False,True,True,True,True,True,True,False,False,True,False,True,True,True,True,False,False,True,10.817419,78.686177,Village/Town Center
369,MA,H_23932,"Mathuram Hospital, Puthur, Trichy TN."," No. 3A, GH, EVR Rd, Anna Nagar, Thillai Nagar, Tiruchirappalli, Tamil Nadu 620017",Tiruchirappalli,Private,Multi,PVT HOSPITAL,Pvt,53,18-09-2021,2021,A4,False,False,False,False,False,False,True,False,True,False,False,False,False,False,False,False,False,False,False,False,False,False,False,False,True,False,False,False,False,False,False,True,False,False,True,False,False,False,False,False,10.7992254,78.6811423,Village/Town Center
370,MA,H_26109,"Maxivision Eye Hospital Pvt Ltd, Trichy, TN.","B9/1, SECOND CROSS WEST EXTENSION",Tiruchirappalli,Private,Single,PVT HOSPITAL,Pvt,81,04-12-2024,2024,S1,False,False,False,False,False,False,False,False,False,False,False,False,False,False,False,False,False,False,False,False,False,False,False,True,False,False,False,False,False,False,False,False,False,False,False,False,False,False,False,False,10.8071144,78.6880939,Village/Town Center
403,MA,H_25661,"NRSLJ Speciality Hospitals, Musiri ,Trichy TN.","NO 22A, SANTHAPALAYAM, MUSIRI BYPASS ROAD, MUSIRI, TRICHY DT621211",Tiruchirappalli,Private,Multi,PVT HOSPITAL,Pvt,59,31-05-2022,2022,A6,False,False,False,False,True,False,False,False,True,True,False,True,False,False,False,False,False,False,False,True,False,True,False,False,True,False,False,False,False,False,False,False,False,False,False,False,False,False,False,False,10.8071144,78.6880939,District Center
423,MA,H_22666,"Q Med Hospital,Renganathapuram, Pudur,Trichy,TN.","25 OFFICERS COLONY ROAD,RENGANATHAPURAM,PUTHUR,TRICHY.",Tiruchirappalli,Private,Multi,PVT HOSPITAL,Pvt,21,16-07-2018,2018,A4,False,False,False,False,False,False,True,False,True,True,True,True,False,False,True,False,False,False,False,True,False,False,False,False,True,False,False,False,False,False,False,False,False,False,True,False,False,False,False,False,10.8149173,78.6774838,Village/Town Center
433,MA,H_22802,"Rathna Medical Centre,Kumaran Nagar,Trichy TN.","NO.9,KUMARAN NAGAR,VAYALUR MAIN ROAD,TRICHY-620017.",Tiruchirappalli,Private,Single,PVT HOSPITAL,Pvt,29,12-02-2019,2019,S2,False,False,False,False,False,False,True,False,False,False,True,False,False,False,False,False,False,False,False,False,False,False,False,False,False,False,False,False,False,False,False,False,False,False,False,False,False,False,False,False,10.8071144,78.6880939,District Center
435,MA,H_18457,"Retna Global Hospital, Trichy TN.","95/1 PATTABIRAMAN STREET,TENNUR,TRICHY-17",Tiruchirappalli,Private,Multi,PVT HOSPITAL,Pvt,5,19-04-2017,2017,A6,False,False,False,False,False,False,True,False,True,True,True,True,False,False,True,False,False,False,False,True,False,False,False,False,True,False,False,False,True,False,False,False,False,False,True,False,False,False,False,True,10.8098728,78.6803203,Exact Hospital
475,MA,H_26136,"Shwetha Spl Hospital Pvt Ltd, Tiruchirapalli, TN.","P.No:7,11th Cross West,Thillai Nagar,Trichy - 620018",Tiruchirappalli,Private,Multi,PVT HOSPITAL,Pvt,83,30-01-2025,2025,A5,False,False,False,False,False,False,False,False,False,False,False,True,False,False,False,False,False,False,False,False,False,False,False,False,False,False,False,False,False,False,False,False,False,False,False,False,False,False,False,False,10.8071144,78.6880939,Village/Town Center
476,MA,H_22969,"Silverline Speciality Hospital,Trichy TN.","No:23,4th cross, West Extension, Thillai Nagar, Trichy. Ph no:9677336097",Tiruchirappalli,Private,Single,PVT HOSPITAL,Pvt,32,06-08-2019,2019,S1,False,False,False,False,False,False,False,False,False,False,False,False,False,False,False,False,False,True,False,False,False,False,False,False,False,False,False,False,False,False,False,False,False,False,False,False,True,False,False,False,10.8246371,78.681967,Exact Hospital
478,MA,H_18950,"Sinduja Hospital,Manaparai,Trichy TN.","NO.76, MADURAI ROAD, MANAPPARAI",Tiruchirappalli,Private,Multi,PVT HOSPITAL,Pvt,5,19-04-2017,2017,A3,False,True,True,False,True,False,True,False,True,True,True,True,False,False,False,True,False,True,False,True,True,True,False,True,True,False,False,False,True,False,False,True,False,False,True,True,True,False,False,True,10.8135662,78.6944695,Village/Town Center
481,MA,H_21517,"SMS Hospital, Trichy TN.","NO:128/75 K, SALAI ROAD, JAYANTHI BUS STOP, TRICHY - 620018.",Tiruchirappalli,Private,Multi,PVT HOSPITAL,Pvt,5,19-04-2017,2017,A3,False,False,False,False,False,False,True,False,True,True,True,True,False,False,True,False,False,False,False,False,True,True,False,False,True,False,False,False,False,False,False,False,False,False,True,False,False,False,False,False,10.8270753,78.6824426,Exact Hospital
492,MA,H_25898,"Sri Kauvery Medical Care Dialysis,Trichy TN.","NO : 05, ROYAL ROAD CANTONMEN",Tiruchirappalli,Private,Single,PVT HOSPITAL,Pvt,71,08-08-2023,2023,S2,False,False,False,False,False,False,False,False,False,False,False,False,False,False,False,False,False,False,False,True,False,False,False,False,False,False,False,False,False,False,False,False,False,False,False,False,False,False,False,False,10.8071144,78.6880939,Village/Town Center
493,MA,H_26333,"Sri Kauvery Medical Care India Limited, Trichy TN.","No 7C,7-c/1, Alexandria Road, Cantonment,Trichy - 620001",Tiruchirappalli,Private,Multi,PVT HOSPITAL,Pvt,92,26-11-2025,2025,A6,False,False,False,False,False,False,False,False,False,False,False,False,False,False,False,False,False,False,False,False,False,False,False,False,False,False,False,False,False,False,False,False,True,False,False,False,False,True,False,False,10.8071144,78.6880939,Village/Town Center
494,MA,H_18586,"Sri Kauvery Medical Care India Ltd, Trichy TN.","NO:1, K.C ROAD, TENNUR, TRICHY 17",Tiruchirappalli,Private,Multi,PVT HOSPITAL,Pvt,3,04-04-2017,2017,A1,False,True,True,True,True,True,True,True,True,True,True,True,False,False,True,True,True,True,True,True,True,True,False,True,True,True,True,True,True,False,False,True,True,True,True,True,True,True,True,True,10.817419,78.686177,Village/Town Center
499,MA,H_22647,"SRI KUMARAN HOSPITAL,TRICHY,TN","NO:50/9, Viralimalai Road, Manapparai",Tiruchirappalli,Private,Multi,PVT HOSPITAL,Pvt,19,21-06-2018,2018,A3,False,True,False,False,False,False,True,False,True,True,True,True,False,False,True,False,False,False,False,False,True,False,False,False,True,False,False,False,False,False,False,False,False,False,True,False,True,False,False,True,10.7050731,78.550731,Village/Town Center
510,MA,H_26170,"Sri Ramakrishna Spl Hos Pvt Ltd, Trichy, TN.","B 20, 2nd Cross Rd, West Thillai Nagar, Thillai Nagar, Tiruchirappalli, Tamil Nadu ",Tiruchirappalli,Private,Multi,PVT HOSPITAL,Pvt,86,30-04-2025,2025,A6,False,False,False,False,False,False,False,True,True,True,False,False,False,False,False,False,False,False,False,False,False,False,False,False,True,False,False,False,False,False,False,False,False,False,False,True,False,False,False,False,10.8071144,78.6880939,Village/Town Center
2016,MA,H_19791,"Srihari Dhanvantri Scans Manaparai, Trichy Dc.",,Tiruchirappalli,Private,PVT-STANDALONE,DC PVT-STANDALONE,Pvt,5,19-04-2017,2017,,False,False,False,False,False,False,False,False,False,False,False,False,False,False,False,False,False,False,False,False,False,False,False,False,False,False,False,False,False,False,False,False,False,False,False,False,False,False,False,False,10.8071144,78.6880939,District Center
516,MA,H_23934,"Srinivasan Medical College and Hospital,Trichy TN.","NH-45, Trichy Chennai Trunk Road, (Near Samayapuram Toll Plaza) Samayapuram, Tiruchirappalli",Tiruchirappalli,Private,Multi,PVT HOSPITAL,Pvt,51,19-08-2021,2021,A4,False,False,True,False,True,False,False,False,True,True,True,True,False,False,False,False,False,True,True,True,True,False,False,True,True,True,True,True,True,False,False,True,False,False,True,False,True,False,True,True,10.8071144,78.6880939,District Center
517,MA,H_24860,"Srinivasan Super Speciality hospital,Trichy TN.","NH 45, Trichy - Chennai Trunk Road, Near Samayapuram Toll Plaza, Samayapuram, Mannachanallur (Tk), Trichy - ",Tiruchirappalli,Private,Multi,PVT HOSPITAL,Pvt,53,18-09-2021,2021,A1,False,True,False,False,False,False,True,False,True,True,True,True,False,False,False,False,False,True,True,True,False,True,False,False,True,True,True,True,True,False,False,True,False,False,True,True,True,False,True,True,10.8071144,78.6880939,District Center
522,MA,H_22716,"STAR KIMS HOSPITALS,Trichy TN.","D-6, 6th Cross W, West Extension, Woraiyur, Tiruchirappalli, Tamil Nadu 620018",Tiruchirappalli,Private,Multi,PVT HOSPITAL,Pvt,24,08-10-2018,2018,A6,False,True,False,False,False,False,True,False,True,True,True,True,False,False,True,False,False,False,False,True,False,False,False,False,True,False,False,False,False,False,False,False,False,False,True,True,False,False,False,False,10.8233564,78.681869,Exact Hospital
530,MA,H_22017,"Sugam Hospital,Trichy,TN.","No: 63/5, Madurai Road, Manaparai, Trichy- 621307",Tiruchirappalli,Private,Multi,PVT HOSPITAL,Pvt,1,20-03-2017,2017,A3,False,True,False,False,False,False,True,True,True,True,True,True,False,False,True,True,False,False,False,True,True,False,False,False,True,False,False,False,True,False,False,True,False,False,True,False,True,False,False,False,11.2060083,78.1854033,Hospital in TN
531,MA,H_26060,"Suham Hospital Pvt Ltd, Tiruchirapalli, TN.","12/4, ROYAL GARDEN trunk road CHECK POST, TIRUVANAIKOVIL.",Tiruchirappalli,Private,Multiple,PVT HOSPITAL,Pvt,79,28-08-2024,2024,A6,False,False,False,False,False,False,False,False,True,False,False,False,False,False,False,False,False,False,False,False,False,False,False,False,False,False,False,False,False,False,False,False,False,False,False,False,False,False,False,False,8.387877,77.608032,Hospital in TN
534,MA,H_18956,"Sundaram Hospital,Puthur,Trichy TN.","NO : 17 EVR ROAD, PUTHUR TRICHY.",Tiruchirappalli,Private,Multi,PVT HOSPITAL,Pvt,5,19-04-2017,2017,A3,False,True,True,False,False,False,True,False,True,True,True,True,False,False,True,True,False,False,False,True,False,True,False,False,True,False,False,False,True,False,False,True,False,False,True,True,False,False,False,True,10.8138963,78.6775833,Exact Hospital
553,MA,H_18539,"Trichy SRM Medi Col Hosp And Res Centr, Trichy TN.","IRUNGALUR, TRICHY - 621 105",Tiruchirappalli,Private,Multi,PVT HOSPITAL,Pvt,4,12-04-2017,2017,A4,False,True,True,True,True,False,True,True,True,True,True,True,False,False,True,True,True,True,True,True,True,True,False,True,True,True,True,True,True,False,False,False,False,False,True,True,True,False,True,True,10.9493627,78.75733,Village/Town Center
559,MA,H_18947,"Vasan Eye Care,Annamalai Nagar,Trichy TN.","NO : 10 ANNAMALAI NAGAR MAIN ROAD,TRICHY",Tiruchirappalli,Private,Single,PVT HOSPITAL,Pvt,5,19-04-2017,2017,S2,False,False,False,False,False,False,False,False,False,False,False,False,False,False,False,False,False,False,False,False,False,False,False,True,False,False,False,False,False,False,False,False,False,False,False,False,False,False,False,False,10.8281504,78.6848478,Exact Hospital
561,MA,H_22725,"VELAN SPEICALITY HOSPITALS PRIVATE LTD, Trichy TN.","No:1,Highways Colony,Subramaniyapuram,Jailcorner, Pudukottai main road,trichy.",Tiruchirappalli,Private,Multi,PVT HOSPITAL,Pvt,25,26-10-2018,2018,A4,False,True,True,True,False,False,False,True,True,True,True,True,False,False,True,True,False,False,False,True,False,True,False,False,True,False,False,True,False,False,False,True,False,False,False,True,False,False,False,True,10.8071144,78.6880939,District Center
571,MA,H_22018,"Vijayalakshmi Eye Hospital,Trichy,TN.","No 92,Vayalur Main Road,Uyyakondanthirumalai-620102",Tiruchirappalli,Private,Single,PVT HOSPITAL,Pvt,1,20-03-2017,2017,S1,False,False,False,False,False,False,False,False,False,False,False,False,False,False,False,False,False,False,False,False,False,False,False,True,False,False,False,False,False,False,False,False,False,False,False,False,False,False,False,False,10.8071144,78.6880939,District Center
2019,MA,H_22053,"Aarthi Scans,Vannarapettai Tirunelveli DC.",,Tirunelveli,Private,PVT-STANDALONE,DC PVT-STANDALONE,Pvt,2,27-03-2017,2017,,False,False,False,False,False,False,False,False,False,False,False,False,False,False,False,False,False,False,False,False,False,False,False,False,False,False,False,False,False,False,False,False,False,False,False,False,False,False,False,False,8.5495014,77.5805178,District Center
174,MA,H_26187,"Angel Nursg Home and Heart Centr, Tirunelveli, TN.",10/1 MAIN ROAD SANTHI NAGAR TIRUNELVELI 627002 ,Tirunelveli,Private,Multi,PVT HOSPITAL,Pvt,87,28-05-2025,2025,A5,False,True,True,False,False,False,False,False,False,True,False,True,False,False,False,True,False,False,False,False,False,False,False,False,False,False,False,False,False,False,False,False,False,False,False,False,False,False,False,False,8.5495014,77.5805178,District Center
178,MA,H_18315,"Annai Velankanni Nursing Home,Tirunelveli TN.","1/111,Somasi Nayanar St,Murugankurichi,Palayamkottai",Tirunelveli,Private,Multi,PVT HOSPITAL,Pvt,5,19-04-2017,2017,A6,False,False,True,False,True,False,True,False,True,True,False,True,False,False,False,False,False,True,False,True,True,False,False,True,True,False,False,False,True,False,False,True,False,False,False,False,True,False,False,True,8.726432,77.7315583,Village/Town Center
192,MA,H_18454,"Aravind Eye Hospital,Tirunellvelli TN.","No1. S.N. High Road, Tirunelveli",Tirunelveli,Private,Single,PVT HOSPITAL,Pvt,1,20-03-2017,2017,S1,False,False,False,False,False,False,False,False,False,False,False,False,False,False,False,False,False,False,False,False,False,False,False,True,False,False,False,False,False,False,False,False,False,False,False,False,False,False,False,False,8.5495014,77.5805178,District Center
209,MA,H_19615,"Balaji Hospital, Tirunelveli TN.
","316A,North Main Road, Near Concordia School,Vallioor",Tirunelveli,Private,Multi,PVT HOSPITAL,Pvt,8,24-06-2017,2017,A3,False,False,False,False,False,False,True,False,True,True,True,True,False,False,True,False,False,False,False,True,False,False,False,False,True,True,False,True,True,False,False,False,False,False,True,False,False,False,False,True,8.9550625,77.3115106,Exact Hospital
2113,MA,H_21196,"Bharat Scans, Tirunelveli DC.",,Tirunelveli,Private,PVT-STANDALONE,DC PVT-STANDALONE,Pvt,46,29-03-2021,2021,,False,False,False,False,False,False,False,False,False,False,False,False,False,False,False,False,False,False,False,False,False,False,False,False,False,False,False,False,False,False,False,False,False,False,False,False,False,False,False,False,8.5495014,77.5805178,District Center
233,MA,H_22019,"CSI Bellpins Mission Hospital,Tirunelveli,TN.","200 E/7, Tiruchendur Road, Palayamkottai, Tirunelveli",Tirunelveli,Private,Multi,PVT HOSPITAL,Pvt,1,20-03-2017,2017,A6,False,False,False,False,False,False,True,False,False,True,False,True,False,False,False,False,False,False,False,True,False,False,False,False,False,False,False,False,True,False,False,True,False,False,False,False,True,False,False,False,8.7232798,77.7488801,Exact Hospital
234,MA,H_24127,"CSI Jayaraj Annaparkiam Hospital,Tirunelveli TN.","1B/2, North High Ground Road, Palayamkottai, Tirunelveli, Tamil Nadu ",Tirunelveli,Private,Multi,PVT HOSPITAL,Pvt,55,12-11-2021,2021,A2,False,False,False,False,False,False,False,False,False,False,False,False,False,False,False,False,False,False,False,False,False,False,False,False,False,False,False,False,False,False,False,True,False,False,False,False,False,False,False,False,8.7331721,77.710255,Village/Town Center
2020,MA,H_22406,"Diya Autism Centre,Autism,Tirunelveli TN.",,Tirunelveli,Private,Autism ,PVT AUTISM,Pvt,12,25-09-2017,2017,,False,False,False,False,False,False,False,False,False,False,False,False,False,False,False,False,False,False,False,False,False,False,False,False,False,False,False,False,False,False,False,False,False,False,False,False,False,False,False,False,8.5495014,77.5805178,District Center
249,MA,H_18672,"Dr Agarwal Eye Hospital,Tirunelveli TN.","No:15 South Bye Pass Road, Vannarpettai, Tirunelveli – 627003. ",Tirunelveli,Private,Single,PVT HOSPITAL,Pvt,5,19-04-2017,2017,S2,False,False,False,False,False,False,False,False,False,False,False,False,False,False,False,False,False,False,False,False,False,False,False,True,False,False,False,False,False,False,False,False,False,False,False,False,False,False,False,False,8.726199,77.7220716,Exact Hospital
257,MA,H_23605,"Dr Velan Multispeciality Hospital, Tirunelveli TN.","Vijayapathy Road, Radhapuram, Tirunelveli ",Tirunelveli,Private,Multi,PVT HOSPITAL,Pvt,44,15-02-2021,2021,A6,False,False,False,False,False,False,False,True,True,True,True,False,False,False,False,False,False,False,False,True,False,False,False,False,True,False,False,False,True,False,False,False,False,False,False,False,False,False,False,False,8.2875352,77.6410143,Village/Town Center
270,MA,H_26174,"Eye Foundation ltd, Tirunelveli, TN.
","NO 185, KOKKIRAKULAM, TRIVANDRUM ROAD ",Tirunelveli,Private,Single,PVT HOSPITAL,Pvt,86,30-04-2025,2025,S2,False,False,False,False,False,False,False,False,False,False,False,False,False,False,False,False,False,False,False,False,False,False,False,True,False,False,False,False,False,False,False,False,False,False,False,False,False,False,False,False,8.6883803,77.7188142,Village/Town Center
61,MA,H_22137,"Govt Hospital Cheranmahadevi,Tirunelveli TN.","Papanasam Main road, Cheranmahadevi.",Tirunelveli,Sub-district Hospital,Multi,Govt-DMS,Govt,6,15-05-2017,2017,A1,False,True,True,True,True,True,True,True,True,True,True,True,True,True,True,True,True,True,True,True,True,True,True,True,True,True,True,True,True,False,True,True,True,False,True,True,True,True,True,True,8.682902,77.563989,Exact Hospital
62,MA,H_22136,"Govt Hospital Kalakad,Tirunelveli TN.","F.M Govt Hospital, Kalakad, Padalayar kulam post",Tirunelveli,Sub-district Hospital,Multi,Govt-DMS,Govt,6,15-05-2017,2017,A1,False,True,True,True,True,True,True,True,True,True,True,True,True,True,True,True,True,True,True,True,True,True,True,True,True,True,True,True,True,False,True,True,True,False,True,True,True,True,True,True,8.4335336,77.6006423,Exact Hospital
63,MA,H_22135,"Govt Hospital Koodankulam,Tirunelveli TN.","Govt hospital, radhapuram road, koodankulam.",Tirunelveli,Sub-district Hospital,Multi,Govt-DMS,Govt,6,15-05-2017,2017,A1,False,True,True,True,True,True,True,True,True,True,True,True,True,True,True,True,True,True,True,True,True,True,True,True,True,True,True,True,True,False,True,True,True,False,True,True,True,True,True,True,8.201218,77.710848,Exact Hospital
64,MA,H_22138,"Govt Hospital Melapalayam,Tirunelveli TN.","Abdulkalam Azadh Road, Melapalayam",Tirunelveli,Sub-district Hospital,Multi,Govt-DMS,Govt,6,15-05-2017,2017,A1,False,True,True,True,True,True,True,True,True,True,True,True,True,True,True,True,True,True,True,True,True,True,True,True,True,True,True,True,True,False,True,True,True,False,True,True,True,True,True,True,8.705728,77.709929,Exact Hospital
65,MA,H_22128,"Govt Hospital Nanguneri,Tirunelveli TN.","THIRUMALIGAI STREET,NANGUNERI",Tirunelveli,Sub-district Hospital,Multi,Govt-DMS,Govt,6,15-05-2017,2017,A1,False,True,True,True,True,True,True,True,True,True,True,True,True,True,True,True,True,True,True,True,True,True,True,True,True,True,True,True,True,False,True,True,True,False,True,True,True,True,True,True,8.4910559,77.6595461,Exact Hospital
66,MA,H_22130,"Govt Hospital Radhapuram,Tirunelveli TN.","GANAPATHY  NAGAR,RADHAPURAM",Tirunelveli,Sub-district Hospital,Multi,Govt-DMS,Govt,6,15-05-2017,2017,A1,False,True,True,True,True,True,True,True,True,True,True,True,True,True,True,True,True,True,True,True,True,True,True,True,True,True,True,True,True,False,True,True,True,False,True,True,True,True,True,True,8.268576,77.6864484,Exact Hospital
60,MA,H_19094,"Govt hospital,Ambasamudiram,Tirunelveli TN","KASIBANATHARKOIL STREET,AMBASAMUDRAM",Tirunelveli,Sub-district Hospital,Multi,Govt-DMS,Govt,1,20-03-2017,2017,A1,False,True,True,True,True,True,True,True,True,True,True,True,True,True,True,True,True,True,True,True,True,True,True,True,True,True,True,True,True,False,True,True,True,False,True,True,True,True,True,True,8.5495014,77.5805178,District Center
68,MA,H_22432,"Govt Pathamadai CHC,Tirunelveli TN.","NEAR PANJAYATH OFFICE, PATHAMADAI ",Tirunelveli,CHC,Multi,Govt - PHC,Govt,12,25-09-2017,2017,A1,False,False,False,False,True,False,False,False,True,True,True,True,False,False,False,False,True,True,False,False,False,True,False,True,True,False,True,True,False,False,True,False,False,False,False,False,False,True,False,True,8.5495014,77.5805178,District Center
1488,MA,H_24517,"Govt. Upgraded PHC, Reddiyarpatti, Tirunelveli TN. "," Government  Primary Health centre, Reddiyarpatti.",Tirunelveli,PHC,Multi,Govt-MTM,Govt,51,19-08-2021,2021,A1,False,False,False,False,False,False,False,False,False,False,False,False,False,False,False,False,False,False,False,False,True,False,False,False,False,False,False,False,False,False,False,False,False,False,True,False,False,False,False,False,8.400367,77.7637375,Village/Town Center
1489,MA,H_24521,"Govt. Upgraded PHC, Vairavikulam, Tirunelveli TN.",Govt Primary Health centre vairavikulam,Tirunelveli,PHC,Multi,Govt-MTM,Govt,51,19-08-2021,2021,A1,False,False,False,False,False,False,False,False,False,False,False,False,False,False,False,False,False,False,False,False,True,False,False,False,False,False,False,False,False,False,False,False,False,False,True,False,False,False,False,False,8.5495014,77.5805178,District Center
2079,MA,H_22526,"Govt.DDWO,Tirunelveli TN.",,Tirunelveli,DDWO,DDWO,DDWO,Govt,0,22-02-2018,2018,,False,False,False,False,False,False,False,False,False,False,False,False,False,False,False,False,False,False,False,False,False,False,False,False,False,False,False,False,False,False,False,False,False,False,False,False,False,False,False,False,8.5495014,77.5805178,District Center
67,MA,H_22129,"Govt.Head Quarters,Vallioor,Tirunelveli TN.","KESAVANERI ROAD,VALLIOOR",Tirunelveli,District Hospital,Multi,Govt-DMS,Govt,6,15-05-2017,2017,A1,False,True,True,True,True,True,True,True,True,True,True,True,True,True,True,True,True,True,True,True,True,True,True,True,True,True,True,True,True,False,True,True,True,False,True,True,True,True,True,True,8.5495014,77.5805178,District Center
1506,MA,H_24564,"GUPHC, Kalakkad, Thirukurugudi, Tirunelveli TN.","Govt. Primary Health Centre, Thirukkurungudi, Kalakad Block",Tirunelveli,PHC,Multi,Govt-MTM,Govt,51,19-08-2021,2021,A1,False,False,False,False,False,False,False,False,False,True,False,False,False,False,False,False,False,False,False,False,True,False,False,False,False,False,False,False,False,False,False,False,False,False,True,False,False,False,False,False,8.4362808,77.5656802,Village/Town Center
1507,MA,H_24565,"GUPHC, Manur, Ukkirankottai, Tirunelveli TN. ","Govt. Primary Health Centre, Ukkirankottai",Tirunelveli,PHC,Multi,Govt-MTM,Govt,51,19-08-2021,2021,A1,False,False,False,False,False,False,False,False,False,True,False,False,False,False,False,False,False,False,False,False,True,False,False,False,False,False,False,False,False,False,False,False,False,False,True,False,False,False,False,False,8.400367,77.7637375,Village/Town Center
1508,MA,H_24567,"GUPHC, Nanguneri, Munanjipatti, Tirunelveli TN. ","Government primary health centre
Munanjipatti",Tirunelveli,PHC,Multi,Govt-MTM,Govt,51,19-08-2021,2021,A1,False,False,False,False,False,False,False,False,False,True,False,False,False,False,False,False,False,False,False,False,True,False,False,False,False,False,False,False,False,False,False,False,False,False,True,False,False,False,False,False,8.5495014,77.5805178,District Center
1509,MA,H_24569,"GUPHC, Pappakudi, Mukkudal, Tirunelveli TN.","Upgraded Primary Health Centre
Alangulam Road,
Mukkudal",Tirunelveli,PHC,Multi,Govt-MTM,Govt,51,19-08-2021,2021,A1,False,False,False,False,False,False,False,False,False,True,False,False,False,False,False,False,False,False,False,False,True,False,False,False,False,False,False,False,False,False,False,False,False,False,True,False,False,False,False,False,8.5495014,77.5805178,District Center
1510,MA,H_24571,"GUPHC, Radhapuram,Thisaiyanvillai, Tirunelveli TN.","Govt primary Health Centre
Mannaraja koil st
Tisaiyanvilai",Tirunelveli,PHC,Multi,Govt-MTM,Govt,51,19-08-2021,2021,A1,False,False,False,False,False,False,False,False,False,True,False,False,False,False,False,False,False,False,False,False,True,False,False,False,False,False,False,False,False,False,False,False,False,False,True,False,False,False,False,False,8.5495014,77.5805178,District Center
1623,MA,H_24992,"GUPHC,Kallur,Pappakudi,Tirunelveli,TN","Upgraded Primary Health Centre
Alangulam Road,
Mukkudal",Tirunelveli,PHC,Multi,Govt-MTM,Govt,55,12-11-2021,2021,A1,False,False,False,False,False,False,False,False,False,True,False,False,False,False,False,False,False,False,False,False,True,False,False,False,False,False,False,False,False,False,False,False,False,False,True,False,False,False,False,False,8.5495014,77.5805178,District Center
1624,MA,H_24993,"GUPHC,Karisalpatti,Cheranmadevi,Tirunelveli TN.","Upgraded Primary Health Centre, Karisalpatti Road, Karisalpatti",Tirunelveli,PHC,Multi,Govt-MTM,Govt,55,12-11-2021,2021,A1,False,False,False,False,False,False,False,False,False,True,False,False,False,False,False,False,False,False,False,False,True,False,False,False,False,False,False,False,False,False,False,False,False,False,True,False,False,False,False,False,8.6085034,77.5772791,Village/Town Center
1466,MA,H_24465,"GUPHC,Melapalayam,Tirunelveli TN.","Nethaji Road,Municipal Complex",Tirunelveli,PHC,Multi,Govt-MTM,Govt,51,19-08-2021,2021,A1,False,False,False,False,False,False,False,False,False,True,False,False,False,False,False,False,False,False,False,False,True,False,False,False,False,False,False,False,False,False,False,False,False,False,True,False,False,False,False,False,8.5495014,77.5805178,District Center
1625,MA,H_24994,"GUPHC,Panagudi,Valliyur,Tirunelveli TN.",Upgraded Primary Health Centre,Tirunelveli,PHC,Multi,Govt-MTM,Govt,55,12-11-2021,2021,A1,False,False,False,False,False,False,False,False,False,True,False,False,False,False,False,False,False,False,False,False,True,False,False,False,False,False,False,False,False,False,False,False,False,False,True,False,False,False,False,False,8.5495014,77.5805178,District Center
1626,MA,H_24995,"GUPHC,Pathamadai,Cheranmadevi,Tirunelveli,TN"," Government  Primary Health centre, Reddiyarpatti.",Tirunelveli,PHC,Multi,Govt-MTM,Govt,55,12-11-2021,2021,A1,False,False,False,False,False,False,False,False,False,True,False,False,False,False,False,False,False,False,False,False,True,False,False,False,False,False,False,False,False,False,False,False,False,False,True,False,False,False,False,False,8.400367,77.7637375,Village/Town Center
1482,MA,H_24498,"GUPHC,Pettai,Tirunelveli TN.","PETTAI URBAN PRIMARY HEALTH CENTRE 
NEAR AMMA UNAVAGAM
CHERAI ROAD 
PETTAI .",Tirunelveli,PHC,Multi,Govt-MTM,Govt,51,19-08-2021,2021,A1,False,False,False,False,False,False,False,False,False,False,False,False,False,False,False,False,False,False,False,False,True,False,False,False,False,False,False,False,False,False,False,False,False,False,True,False,False,False,False,False,8.5495014,77.5805178,District Center
1467,MA,H_24467,"GUPHC,Thachanallur,Palayapettai,Tirunelveli TN.","Water tank building, TENKASI Road, palayapettai",Tirunelveli,PHC,Multi,Govt-MTM,Govt,51,19-08-2021,2021,A1,False,False,False,False,False,False,False,False,False,True,False,False,False,False,False,False,False,False,False,False,True,False,False,False,False,False,False,False,False,False,False,False,False,False,True,False,False,False,False,False,8.7284503,77.6788702,Village/Town Center
2174,MA,H_26190,"JMR Scans, Tirunelveli DC.",,Tirunelveli,PVT-STANDALONE,DC,DC PVT-STANDALONE,PVT,87,28-05-2025,2025,,False,False,False,False,False,False,False,False,False,False,False,False,False,False,False,False,False,False,False,False,False,False,False,False,False,False,False,False,False,False,False,False,False,False,False,False,False,False,False,False,8.5495014,77.5805178,District Center
334,MA,H_19065,"Krishna Maternity Paed Centre, Tirunelveli TN.","Plot No:4, North High Ground Road, Palayamkottai.",Tirunelveli,Private,Multi,PVT HOSPITAL,Pvt,5,19-04-2017,2017,A6,False,False,False,False,False,False,False,False,False,True,True,False,False,False,False,False,False,False,False,False,False,False,False,True,True,False,False,False,True,False,False,True,False,False,False,False,True,False,False,True,8.7183727,77.7452092,Village/Town Center
401,MA,H_24267,"Nivya hospital, Vannarapet Tirunelveli TN.","110F/5 BARANI NAGAR,VANNARPETTAI	",Tirunelveli,Private,Single,PVT HOSPITAL,Pvt,89,30-07-2025,2025,S2,False,False,False,False,False,False,False,False,False,False,False,False,False,False,False,False,False,False,False,False,False,False,False,False,False,False,False,False,False,False,False,True,False,False,False,False,False,False,False,False,8.5495014,77.5805178,District Center
157,MA,H_26285,"P Ramasamy Memo GH, kandiyaperi, Tirunelveli TN.","PMJJ+MV8, Gandhimathi St, Lalugapuram, Nellai Nagaram, Tirunelveli, Tamil Nadu ",Tirunelveli,Govt,Multi,Govt-DMS,Govt,89,30-07-2025,2025,A1,False,True,True,True,True,True,True,True,True,True,True,True,True,True,True,True,True,True,True,True,True,True,True,True,True,True,True,True,True,False,True,True,True,False,True,True,True,True,True,True,8.7331721,77.710255,Village/Town Center
412,MA,H_18243,"Peace Health Centre,Tirunelveli TN.","48H/5- South Bye Pass Road, Near New Bustand, Tiruenlevli",Tirunelveli,Private,Multi,PVT HOSPITAL,Pvt,5,19-04-2017,2017,A6,False,False,False,False,False,False,True,False,True,True,True,False,False,False,True,False,False,False,False,True,False,False,False,True,True,False,False,False,True,False,False,True,False,False,False,False,True,False,False,True,8.6995388,77.7264438,Exact Hospital
414,MA,H_22665,"Ponra Multispeciality Hospital, Tirunelveli TN.","No:66G/3, Vasantham Nagar,New Bus stand, Tirunelveli-  627005",Tirunelveli,Private,Multi,PVT HOSPITAL,Pvt,21,16-07-2018,2018,A5,False,False,False,False,False,False,False,False,False,False,True,False,False,False,False,False,False,False,False,True,False,False,False,False,False,False,False,False,False,False,False,True,False,False,False,True,True,False,False,False,8.7331721,77.710255,Village/Town Center
415,MA,H_26101,"Porunai Hosp unit of Aravnd krshna,Tirunelveli TN.","No-6, Thiruvananthapuram Salai, East part, Opposite to new bus stand, perumalpuram, palayamkottai Ta ",Tirunelveli,Private,Multiple,PVT HOSPITAL,Pvt,81,04-12-2024,2024,A4,False,True,False,False,False,False,False,True,True,True,False,True,False,False,False,True,False,True,False,True,False,False,False,False,True,False,False,False,False,False,False,False,True,False,False,True,True,False,False,False,8.7033427,77.7359414,Village/Town Center
441,MA,H_23520,"Royal Hospital,NGO colony,Tirunelveli TN.","NO:2, SHARON STREET, BHARATHY NAGAR, NGO A COLONY, TIRUNELVELI - 627 007.",Tirunelveli,Private,Multi,PVT HOSPITAL,Pvt,55,12-11-2021,2021,A6,False,True,True,False,False,False,False,False,True,False,False,False,False,False,False,True,False,False,True,False,False,False,False,False,False,False,False,False,False,False,False,False,False,False,False,False,False,False,False,False,8.5495014,77.5805178,District Center
443,MA,H_19614,"RSP Nursing Home, Tirunelveli TN.","No:10,Sivapuram Street,Meenakshipuram,Tirunelveli Jn,Tirunelveli",Tirunelveli,Private,Multi,PVT HOSPITAL,Pvt,7,23-05-2017,2017,A6,False,False,True,False,False,False,False,False,False,True,False,False,False,False,False,False,False,False,False,False,False,False,False,False,False,False,False,False,False,False,False,True,False,False,False,False,False,False,False,False,8.5495014,77.5805178,District Center
456,MA,H_24415,"Santhosh Hospital, Tirunelveli TN.","261 B/2, Madurai Road, Karaiyiruppu",Tirunelveli,Private,Multi,PVT HOSPITAL,Pvt,50,30-07-2021,2021,A6,False,False,False,False,False,False,False,False,False,True,False,False,False,False,False,False,False,False,False,False,False,False,False,False,False,False,False,False,False,False,False,False,False,False,False,False,False,False,False,False,8.7622984,77.7096196,Exact Hospital
470,MA,H_23567,"Shifa Health Care,Tirunelveli,TN.","1&2 Seikul akbar street, Melapalayam, tirunelveli",Tirunelveli,Private,Single,PVT HOSPITAL,Pvt,41,05-11-2020,2020,S2,False,False,False,False,False,False,False,False,False,False,False,False,False,False,False,False,False,False,False,True,False,False,False,False,False,False,False,False,False,False,False,False,False,False,False,False,False,False,False,False,8.700881,77.7159547,Village/Town Center
471,MA,H_18427,"Shifa Hospital, Tirunelveli TN.","No.82, Kailasapuram Middle Street, Tirunelveli Junction.",Tirunelveli,Private,Multi,PVT HOSPITAL,Pvt,4,12-04-2017,2017,A1,False,True,True,True,True,False,True,True,True,True,True,False,False,False,True,True,False,True,False,True,True,True,False,False,True,False,False,False,True,False,False,True,False,False,True,True,True,False,True,True,8.7284606,77.7101795,Exact Hospital
495,MA,H_25747,"Sri Kauvery Medical Care India,LTD,Tirunelveli TN.","NO-110E/20/1, NORTH BYE PASS ROAD , VANNARPET , TIRUNELVELI",Tirunelveli,Private,Multi,PVT HOSPITAL,Pvt,63,30-09-2022,2022,A3,False,True,True,False,False,False,False,True,False,True,True,True,False,False,False,True,True,True,False,True,False,True,False,False,True,False,False,False,True,False,False,False,False,False,True,True,True,False,True,False,8.726199,77.7220716,Village/Town Center
511,MA,H_24016,"Sri Sakthi Hospital,Tirunelveli TN.
","48 F, St Xaviers Colony South Bypass Road,Palayamkottai",Tirunelveli,Private,Multi,PVT HOSPITAL,Pvt,53,18-09-2021,2021,A6,False,False,False,False,False,False,False,False,False,False,False,False,False,False,False,False,False,False,False,False,False,False,False,False,False,False,False,False,False,True,False,False,False,False,False,False,False,False,False,False,8.6998588,77.7247886,Exact Hospital
524,MA,H_19064,"Subramanian Nursing Home, Tirunelveli TN.","9, D, Madurai road Tirunelveli",Tirunelveli,Private,Single,PVT HOSPITAL,Pvt,5,19-04-2017,2017,S2,False,False,False,False,False,False,True,False,False,False,True,False,False,False,False,False,False,False,False,True,False,False,False,False,False,False,False,False,False,False,False,False,False,False,False,False,False,False,False,False,8.1641822,77.6364505,Village/Town Center
526,MA,H_19063,"Sudharson Platinum Hospital,Tirunelveli TN.","No:4,Salai street,Vannarapettai,Tirunelveli",Tirunelveli,Private,Multi,PVT HOSPITAL,Pvt,5,19-04-2017,2017,A1,False,True,True,False,False,False,True,False,False,True,True,True,False,False,False,True,False,True,False,False,False,True,False,False,True,False,False,False,False,False,False,True,False,False,False,True,False,False,False,False,8.729866,77.71944,Exact Hospital
2080,MA,H_22485,"Tirunelveli MC. DEIC, Tirunelveli TN.",,TIRUNELVELI,DEIC,DEIC,DEIC,Govt,0,14-02-2018,2018,,False,False,False,False,False,False,False,False,False,False,False,False,False,False,False,False,False,False,False,False,False,False,False,False,False,False,False,False,False,False,False,False,False,False,False,False,False,False,False,False,8.5495014,77.5805178,District Center
59,MA,H_18717,"Tirunelveli Medical College Hosp,Tirunelveli TN.","Tirunelveli Medical College Hospital,High Ground,Tirunelveli",Tirunelveli,Medical College Hospital ,Multi,Govt-DME,Govt,1,20-03-2017,2017,A1,False,True,True,True,True,True,True,True,True,True,True,True,True,True,True,True,True,True,True,True,True,True,True,True,True,True,True,True,True,False,True,True,True,False,True,True,True,True,True,True,8.7183727,77.7452092,Village/Town Center
2114,MA,H_24463,"Vallioor CT Scan,Tirunelveli DC.",,Tirunelveli,Private,PVT-STANDALONE,DC PVT-STANDALONE,Pvt,51,19-08-2021,2021,,False,False,False,False,False,False,False,False,False,False,False,False,False,False,False,False,False,False,False,False,False,False,False,False,False,False,False,False,False,False,False,False,False,False,False,False,False,False,False,False,8.5495014,77.5805178,District Center
2205,MDI,H_25594 ,"Alpha Diagnostics, Thirupathur DC.",,Tirupattur,Private,Multi,DC PVT-STANDALONE,Pvt,57,23-03-2022,2022,,False,False,False,False,False,False,False,False,False,False,False,False,False,False,False,False,False,False,False,False,False,False,False,False,False,False,False,False,False,False,False,False,False,False,False,False,False,False,False,False,12.4983561,78.5618167,District Center
1119,MDI,H_26032,"Anaikar Rafeeq Ahmed Hospital, Tirupattur, TN.",No. 89 Omar Road AMBUR,Tirupattur,PVT HOSPITAL,Single,PVT,PVT,78,01-08-2024,2024,S2,False,False,False,False,False,False,False,False,False,False,False,False,False,False,False,False,False,False,False,True,False,False,False,False,False,False,False,False,False,False,False,False,False,False,False,False,False,False,False,False,12.4983561,78.5618167,District Center
1120,MDI,H_25589 ,"David Multispeciality Hospital, Thirupathur TN.","NO:277/1,JAMATH ROAD,NOORULAHPET,VANITAMBADI,THIRUPATHUR DISTRICT-635751",Tirupattur,PVT HOSPITAL,Multi,PVT,PVT,57,23-03-2022,2022,A6,False,False,False,False,False,False,False,False,True,False,False,False,False,False,False,False,False,False,False,False,False,False,False,False,True,False,False,False,False,False,False,False,False,False,False,True,False,False,False,False,12.4983561,78.5618167,District Center
2202,MDI,H_24904,"District Diff. abled welfare office,Tirupathur TN.",,Tirupattur,DDWO,DDWO,DDWO,Govt,54,22-10-2021,2021,,False,False,False,False,False,False,False,False,False,False,False,False,False,False,False,False,False,False,False,False,False,False,False,False,False,False,False,False,False,False,False,False,False,False,False,False,False,False,False,False,12.4983561,78.5618167,District Center
1121,MDI,H_23176,"DrThangammal Nurs ParaMed Col Hos,Tirupathur TN.","656,kovil street,vallalar nagar,Tirupattur,635601,vellore(D.t)",Tirupattur,PVT HOSPITAL,Multi,PVT,PVT,35,17-02-2020,2020,A6,False,False,False,False,False,False,False,False,False,False,True,False,False,False,False,False,False,False,False,False,False,False,False,False,False,False,False,False,False,False,False,False,False,False,False,False,False,False,False,False,12.4968298,78.5664507,Village/Town Center
1122,MDI,H_22676,"Eye Care clinic Nursing Home, Tirupathur TN.",8/1 SAMANAGAR TIRUPATTUR (NEAR TIRUPATTUR RAILWAY STATION),Tirupattur,PVT HOSPITAL,Single,PVT,PVT,21,16-07-2018,2018,S2,False,False,False,False,False,False,False,False,False,False,False,False,False,False,False,False,False,False,False,False,False,False,False,True,False,False,False,False,False,False,False,False,False,False,False,False,False,False,False,False,12.4983981,78.5633003,Exact Hospital
1847,MDI,H_24686,"Gov Madhanur CHC, Thirupathur TN.","Government Community Health Centre,Odugathur Road,Madhanur",Tirupattur,Govt- MTM,Multi,Govt,Govt,51,19-08-2021,2021,A1,False,False,False,False,False,False,False,False,False,True,False,False,False,False,False,False,False,False,False,False,True,False,False,False,False,False,False,False,False,False,False,False,False,False,True,False,False,False,False,False,12.4983561,78.5618167,District Center
1844,MDI,H_24684,"Govt Alangayam CHC, Thirupathur TN.","Community Health Centre,Alangayam, Vaniyambadi",Tirupattur,Govt- MTM,Multi,Govt,Govt,51,19-08-2021,2021,A1,False,False,False,False,False,False,False,False,False,True,False,False,False,False,False,False,False,False,False,False,True,False,False,False,False,False,False,False,False,False,False,False,False,False,True,False,False,False,False,False,12.6226672,78.7525044,Village/Town Center
1852,MDI,H_24688,"Govt Andiyappanur CHC, Thirupathur TN.","Block Medical Officer,Government Community Health Centre ,Andiyappanur",Tirupattur,Govt- MTM,Multi,Govt,Govt,51,19-08-2021,2021,A1,False,False,False,False,False,False,False,False,False,True,False,False,False,False,False,False,False,False,False,False,True,False,False,False,False,False,False,False,False,False,False,False,False,False,True,False,False,False,False,False,12.4983561,78.5618167,District Center
1144,MDI,H_20073,"Govt Hospital Ambur, Tirupathur TN.","Nethaji Road, Ambur, Vellore. Dt. 635802",Tirupattur,GOVT-DMS,Multi,GOVT,GOVT,1,20-03-2017,2017,A1,False,True,True,True,True,True,True,True,True,True,True,True,True,True,True,True,True,True,True,True,True,True,True,True,True,True,True,True,True,False,True,True,True,False,True,True,True,True,True,True,12.4983561,78.5618167,District Center
2115,MA,H_24689,"Govt Kallapadi  UPHC, Gudiyatham, Thirupathur TN.",,Tirupattur,UPHC,Multi,Govt-MTM,Govt,51,19-08-2021,2021,,False,False,False,False,False,False,False,False,False,False,False,False,False,False,False,False,False,False,False,False,False,False,False,False,False,False,False,False,False,False,False,False,False,False,False,False,False,False,False,False,12.4983561,78.5618167,District Center
1846,MDI,H_24685,"Govt Kandili UPHC, Thirupathur TN.","Government Community Health Centre,Kunichi,Tirupattur",Tirupattur,Govt- MTM,Multi,Govt,Govt,51,19-08-2021,2021,A1,False,False,False,False,False,False,False,False,False,True,False,False,False,False,False,False,False,False,False,False,True,False,False,False,False,False,False,False,False,False,False,False,False,False,True,False,False,False,False,False,12.45546,78.515161,Village/Town Center
2118,MA,H_24692,"Govt Melpatti UPHC, Pernambut, Thirupathur TN.",,Tirupattur,UPHC,Multi,Govt-MTM,Govt,51,19-08-2021,2021,,False,False,False,False,False,False,False,False,False,False,False,False,False,False,False,False,False,False,False,False,False,False,False,False,False,False,False,False,False,False,False,False,False,False,False,False,False,False,False,False,12.4983561,78.5618167,District Center
1848,MDI,H_24687,Govt Natrampalli Thirupathur TN.,"Block Medical Officer,Government Community Health Centre ,Patchur",Tirupattur,Govt- MTM,Multi,Govt,Govt,51,19-08-2021,2021,A1,False,False,False,False,False,False,False,False,False,True,False,False,False,False,False,False,False,False,False,False,True,False,False,False,False,False,False,False,False,False,False,False,False,False,True,False,False,False,False,False,12.4983561,78.5618167,District Center
1845,MDI,H_24683,"Govt Pudupettai UPHC, Jolarpet, Thirupathur TN.","Government Community Health Centre,Pudupettai",Tirupattur,Govt- MTM,Multi,Govt,Govt,51,19-08-2021,2021,A1,False,False,False,False,False,False,False,False,False,True,False,False,False,False,False,False,False,False,False,False,True,False,False,False,False,False,False,False,False,False,False,False,False,False,True,False,False,False,False,False,12.4983561,78.5618167,District Center
2117,MA,H_24691,"Govt Thiruvalam CHC, Katpadi, Thirupathur TN.",,Tirupattur,CHC,Multi,Govt-MTM,Govt,51,19-08-2021,2021,,False,False,False,False,False,False,False,False,False,False,False,False,False,False,False,False,False,False,False,False,False,False,False,False,False,False,False,False,False,False,False,False,False,False,False,False,False,False,False,False,12.4983561,78.5618167,District Center
2116,MA,H_24690,"Govt Vaduganthangal UPHC,Thirupathur TN.",,Tirupattur,UPHC,Multi,Govt-MTM,Govt,51,19-08-2021,2021,,False,False,False,False,False,False,False,False,False,False,False,False,False,False,False,False,False,False,False,False,False,False,False,False,False,False,False,False,False,False,False,False,False,False,False,False,False,False,False,False,12.4983561,78.5618167,District Center
1147,MDI,H_22748,"Govt. Hospital, Natrampalli, Tirupathur TN.",KARUNANITHI STREET PANANTHOPPU NATRAMPALLI TALUKA VELLORE DIST,Tirupattur,GOVT-DMS,Multi,GOVT,GOVT,26,06-12-2018,2018,A1,False,True,True,True,True,True,True,True,True,True,True,True,True,True,True,True,True,True,True,True,True,True,True,True,True,True,True,True,True,False,True,True,True,False,True,True,True,True,True,True,12.5932764,78.5205618,Exact Hospital
1146,MDI,H_18873,"Govt. Vaniyambadi Hospital, Tirupathur TN.","MALANG ROAD, NOORULLAH PET, VANIYAMBADI, VELLORE DISTRICT.",Tirupattur,GOVT-DMS,Multi,GOVT,GOVT,1,20-03-2017,2017,A1,False,True,True,True,True,True,True,True,True,True,True,True,True,True,True,True,True,True,True,True,True,True,True,True,True,True,True,True,True,False,True,True,True,False,True,True,True,True,True,True,12.6787174,78.6199879,Village/Town Center
1145,MDI,H_18872,"Govt.Head Qrtrs Hosp,Thirupathur TN.","Government Hospital,Railway station road,Tirupattur,635601.",Tirupattur,GOVT-DMS,Multi,GOVT,GOVT,1,20-03-2017,2017,A1,False,True,True,True,True,True,True,True,True,True,True,True,True,True,True,True,True,True,True,True,True,True,True,True,True,True,True,True,True,False,True,True,True,False,True,True,True,True,True,True,12.4968298,78.5664507,Village/Town Center
1123,MDI,H_26120,"GR Hospital, Tirupattur, TN.","KRISHNAGIRI MAIN ROAD,OPP TO PATTUPOOCHI OFFICE,PERIYAKASINAYAKAMPATTI",Tirupattur,PVT HOSPITAL,Single,PVT,PVT,82,06-01-2025,2025,S2,False,False,False,False,False,False,False,False,False,False,False,False,False,False,False,False,False,False,False,True,False,False,False,False,False,False,False,False,False,False,False,False,False,False,False,False,False,False,False,False,12.4983561,78.5618167,District Center
2203,MDI,H_25005,"Kalyani Scans and Lab, Tirupattur DC.",,Tirupattur,Private,Multi,DC PVT-STANDALONE,Pvt,55,12-11-2021,2021,,False,False,False,False,False,False,False,False,False,False,False,False,False,False,False,False,False,False,False,False,False,False,False,False,False,False,False,False,False,False,False,False,False,False,False,False,False,False,False,False,12.4983561,78.5618167,District Center
1124,MDI,H_26034,"Kavin Hospital, Tirupattur, TN.","#119, VANIYAMBADI SUB-POST OFFICE, NEWTOWN, BYPASS ROAD, VANIYAMBADI-635751.",Tirupattur,PVT HOSPITAL,Single,PVT,PVT,78,01-08-2024,2024,S2,False,False,False,False,False,False,False,False,False,False,False,False,False,False,False,False,False,False,False,True,False,False,False,False,False,False,False,False,False,False,False,False,False,False,False,False,False,False,False,False,12.4983561,78.5618167,District Center
1125,MDI,H_25641,"Krishna Neuro and Multisplty Hosp,Tirupathur, TN.","93/41A,BYE PASS ROAD,AMBUR",Tirupattur,PVT HOSPITAL,Multi,PVT,PVT,58,28-04-2022,2022,A5,False,False,False,False,False,False,False,False,True,True,False,False,False,False,False,False,False,False,False,True,True,False,False,False,False,False,False,False,False,False,False,False,False,False,False,False,False,False,False,False,12.4983561,78.5618167,District Center
2192,MDI,H_22447,"Murthy Hitech CT scan,Tiruppattur,Tirupattur DC.",,Tirupattur,Private,Multi,DC PVT-STANDALONE,Pvt,14,19-12-2017,2017,,False,False,False,False,False,False,False,False,False,False,False,False,False,False,False,False,False,False,False,False,False,False,False,False,False,False,False,False,False,False,False,False,False,False,False,False,False,False,False,False,12.4983561,78.5618167,District Center
2207,MDI,H_26105,"Noble CT Scan Centre, Vaniyambadi, Tirupattur, DC.",,Tirupattur,Private,Multi,DC PVT-STANDALONE,Pvt,81,04-12-2024,2024,,False,False,False,False,False,False,False,False,False,False,False,False,False,False,False,False,False,False,False,False,False,False,False,False,False,False,False,False,False,False,False,False,False,False,False,False,False,False,False,False,12.4983561,78.5618167,District Center
2204,MDI,H_25006,"Sara Scans and LABS, Tirupattur DC.",,Tirupattur,Private,Multi,DC PVT-STANDALONE,Pvt,55,12-11-2021,2021,,False,False,False,False,False,False,False,False,False,False,False,False,False,False,False,False,False,False,False,False,False,False,False,False,False,False,False,False,False,False,False,False,False,False,False,False,False,False,False,False,12.4983561,78.5618167,District Center
1361,HITPA,H_22699,"AMC Super Speciality Hospital, Tirupur TN.","141, KAMARAJ ROAD, PALLADAM MAIN ROAD , NEAR OLD BUS STAND , TIRUPUR - 641604.",Tiruppur,PVT,Multi,PVT HOSPITAL,PVT,22,06-08-2018,2018,A2,False,False,False,True,False,False,True,False,True,True,True,True,False,True,True,False,False,False,True,True,True,True,False,False,True,True,True,True,True,False,False,True,False,False,False,True,True,False,True,True,11.1671878,77.3472673,Village/Town Center
2210,HITPA,H_20013,"Annai X Ray and Clinical Lab, Tirupur DC.",,Tiruppur,Private,Multi,DC PVT-STANDALONE,Pvt,5,19-04-2017,2017,,False,False,False,False,False,False,False,False,False,False,False,False,False,False,False,False,False,False,False,False,False,False,False,False,False,False,False,False,False,False,False,False,False,False,False,False,False,False,False,False,10.7915267,77.5325466,District Center
1362,HITPA,H_18349,"ARS Hospital,Tirupur TN.","6/53,6TH STREET, THENNAMPALAYAM EXTENSION, PALLADAM ROAD, TIRUPUR",Tiruppur,PVT,Single,PVT HOSPITAL,PVT,5,19-04-2017,2017,S1,False,False,False,False,False,False,True,False,False,False,False,False,False,False,False,False,False,False,False,False,False,False,False,False,True,False,False,False,False,False,False,False,False,False,False,True,False,False,False,True,11.0314606,77.2510163,Village/Town Center
1363,HITPA,H_25590 ,"B.M Orthopaedic Centre, Tiruppur TN.","NO.63A,KARUPARAYAN KOVIL STREET,PERIYAR COLONY,AVINASHI ROAD,TIRUPUR.",Tiruppur,PVT,Single,PVT HOSPITAL,PVT,57,23-03-2022,2022,S1,False,False,False,False,False,False,False,False,False,False,False,False,False,False,False,False,False,False,False,False,False,False,False,False,True,False,False,False,False,False,False,False,False,False,False,False,False,False,False,False,11.2311419,77.4714625,Village/Town Center
1364,HITPA,H_20021,"Bala Ortho Hospital, Tirupur TN.","704, pkmr nagar , opposite to goverment hospital , near bharat petrol punk , tirupur",Tiruppur,PVT,Single,PVT HOSPITAL,PVT,5,19-04-2017,2017,S1,False,False,False,False,False,False,True,False,False,False,False,False,False,False,False,False,False,False,False,False,False,False,False,False,True,False,False,False,False,False,False,False,False,False,False,True,False,False,False,True,10.7915267,77.5325466,District Center
1365,HITPA,H_24135,"Care Ortho Hospital, Odakkadu, Tiruppur TN.","4th St Stanes Rd, KNP Puram, Odakkadu, Tiruppur, Tamil Nadu 641687",Tiruppur,PVT,Single,PVT HOSPITAL,PVT,54,22-10-2021,2021,S2,False,False,False,False,False,False,False,False,False,False,False,False,False,False,False,False,False,False,False,False,False,False,False,False,True,False,False,False,False,False,False,False,False,False,False,False,False,False,False,False,10.7915267,77.5325466,District Center
1400,HITPA,H_26404,"CNS Hospital, Tiruppur, TN.","NO 5/649, AVINASHI MAIN ROAD, ANAIPUDUR PALANGARAI POST, ANAIPUDUR, TIRUPPUR.",Tiruppur,PVT,Multi,PVT HOSPITAL,PVT,95,06-03-2026,2026,A4,False,False,False,False,False,False,False,False,False,True,False,False,False,False,False,False,False,False,False,True,False,True,False,False,True,False,False,False,False,False,False,False,False,False,False,True,False,False,False,True,10.7915267,77.5325466,District Center
1366,HITPA,H_18571,"Deepa Hospital,Tirupur TN.","55,STANES 2ND STREET AVINASI ROAD TIRUPUR",Tiruppur,PVT,Multi,PVT HOSPITAL,PVT,4,12-04-2017,2017,A3,False,True,False,False,True,False,True,False,True,True,True,True,False,False,False,False,False,True,False,False,False,True,False,False,True,False,False,True,True,False,False,False,False,False,False,True,True,True,True,True,11.1017815,77.345192,Village/Town Center
2217,HITPA,H_22661,"District Diff. abled welfare office,Tirupur TN.",,Tiruppur,DDWO,DDWO,DDWO,Govt,20,03-07-2018,2018,,False,False,False,False,False,False,False,False,False,False,False,False,False,False,False,False,False,False,False,False,False,False,False,False,False,False,False,False,False,False,False,False,False,False,False,False,False,False,False,False,10.7915267,77.5325466,District Center
1367,HITPA,H_22395,"Dr.Sivakani Hospital, Udumalpet, Tirupur TN.","NO-14/49, NEHRU STREET, UDUMALPET, TIRUPUR",Tiruppur,PVT,Multi,PVT HOSPITAL,PVT,12,25-09-2017,2017,A5,False,True,False,False,False,False,True,False,True,True,False,True,False,False,False,True,False,False,False,False,False,False,False,False,False,False,False,False,False,False,False,False,False,False,False,False,False,False,False,False,10.5839,77.25,Village/Town Center
1450,HITPA,H_24799,"Govt Cheyur UPHC,Avanashi, Tirupur TN.","MURIYANDAMPALAYAM ROAD,CHEYUR,AVINASHI TALUK,TIRUPPUR DISTRICT-64165",Tiruppur,UPHC,Multi,Govt-MTM,Govt,52,06-09-2021,2021,A1,False,False,False,False,False,False,False,False,True,False,False,False,False,False,False,False,False,False,False,True,False,False,False,False,False,False,False,False,False,False,False,False,False,True,False,False,False,False,False,False,10.7915267,77.5325466,District Center
1446,HITPA,H_24654,"Govt Erisinampatti UPHC, Tiruppur TN.","Upgraded Primary Health Centre, Erisanampatti, Aanaimalai road, Udumalapet, Tirupur - 642207",Tiruppur,UPHC,Multi,Govt-MTM,Govt,51,19-08-2021,2021,A1,False,False,False,False,False,False,False,False,True,False,False,False,False,False,False,False,False,False,False,True,False,False,False,False,False,False,False,False,False,False,False,False,False,True,False,False,False,False,False,False,11.1671878,77.3472673,Village/Town Center
1444,HITPA,H_24652,"Govt Gudimangalam UPHC, Tiruppur TN.","Upgraded Primary Health Centre, 4 Roads, Gudimangalam, Udumalapet, Tirupur - 642201",Tiruppur,UPHC,Multi,Govt-MTM,Govt,51,19-08-2021,2021,A1,False,False,False,False,False,False,False,False,False,False,False,False,False,False,False,False,False,False,False,True,False,False,False,False,False,False,False,False,False,False,False,False,False,True,False,False,False,False,False,False,11.1671878,77.3472673,Village/Town Center
1194,HITPA,H_24651,"Govt Hospital Avinashi, Tiruppur TN.","Government Hospital, Avinashi,tiruppur ",Tiruppur,GOVT-DMS,Multi,GOVT-DMS,Govt,51,19-08-2021,2021,A1,False,True,True,True,True,True,True,True,True,True,True,True,True,True,True,True,True,True,True,True,True,True,True,True,True,True,True,True,True,True,True,True,True,True,True,True,True,True,True,True,11.1150948,77.3344919,Exact Hospital
1195,HITPA,H_25868,"Govt Hospital, Jallipatti, Tiruppur TN.","Jallipatti Govt.Hospital, Dhali post, Udumalpet Taluk, Tiruppur District",Tiruppur,GOVT-DMS,Multi,GOVT-DMS,Govt,69,12-05-2023,2023,A1,False,True,True,True,True,True,True,True,True,True,True,True,True,True,True,True,True,True,True,True,True,True,True,True,True,True,True,True,True,True,True,True,True,True,True,True,True,True,True,True,10.5074374,77.203841,Exact Hospital
1196,HITPA,H_25867,"Govt Hospital, Karadivavi, Tiruppur TN.","KGL Trust Govt.Hospital, Karadivavi, Palladam Taluk, Tiruppur District",Tiruppur,GOVT-DMS,Multi,GOVT-DMS,Govt,69,12-05-2023,2023,A1,False,True,True,True,True,True,True,True,True,True,True,True,True,True,True,True,True,True,True,True,True,True,True,True,True,True,True,True,True,True,True,True,True,True,True,True,True,True,True,True,10.961828,77.1943977,Exact Hospital
1197,HITPA,H_24447,"Govt Hospital, Madathukulam, Tiruppur TN.","H957+J42, Madathukulam, Tirupur - 642113",Tiruppur,GOVT-DMS,Multi,GOVT-DMS,Govt,50,30-07-2021,2021,A1,False,True,True,True,True,True,True,True,True,True,True,True,True,True,True,True,True,True,True,True,True,True,True,True,True,True,True,True,True,True,True,True,True,True,True,True,True,True,True,True,10.48788,77.349253,Exact Hospital
1198,HITPA,H_20047,"Govt Hospital, Palladam, Tirupur TN.","Trichy Road, Palladam",Tiruppur,GOVT-DMS,Multi,GOVT-DMS,Govt,1,20-03-2017,2017,A1,False,True,True,True,True,True,True,True,True,True,True,True,True,True,True,True,True,True,True,True,True,True,True,True,True,True,True,True,True,True,True,True,True,True,True,True,True,True,True,True,11.1150948,77.3344919,Exact Hospital
1199,HITPA,H_24446,"Govt Hospital, Uthukuli, Tiruppur TN.","Kaithamalai Road, Thenmugam Kangayapalayam, Uthukuli, Tirupur - 638751",Tiruppur,GOVT-DMS,Multi,GOVT-DMS,Govt,50,30-07-2021,2021,A1,False,True,True,True,True,True,True,True,True,True,True,True,True,True,True,True,True,True,True,True,True,True,True,True,True,True,True,True,True,True,True,True,True,True,True,True,True,True,True,True,11.1766489,77.4532784,Exact Hospital
1200,HITPA,H_18897,"Govt Hospital,Dharapuram,Tirupur TN.","park road, dharapuram",Tiruppur,GOVT-DMS,Multi,GOVT-DMS,Govt,1,20-03-2017,2017,A1,False,True,True,True,True,True,True,True,True,True,True,True,True,True,True,True,True,True,True,True,True,True,True,True,True,True,True,True,True,True,True,True,True,True,True,True,True,True,True,True,10.7326791,77.5304679,Exact Hospital
1201,HITPA,H_18917,"Govt Hospital,Udumalapet,Tirupur TN.","GOVERNEMNT HOSPITAL, VOC STREET, UDUMALPET",Tiruppur,GOVT-DMS,Multi,GOVT-DMS,Govt,1,20-03-2017,2017,A1,False,True,True,True,True,True,True,True,True,True,True,True,True,True,True,True,True,True,True,True,True,True,True,True,True,True,True,True,True,True,True,True,True,True,True,True,True,True,True,True,10.7915267,77.5325466,District Center
1457,HITPA,H_24908,"Govt Kangayam UPHC, Tiruppur TN.","UPHC Kangayam, Kangayam, Tiruppur District",Tiruppur,UPHC,Multi,Govt-MTM,Govt,54,22-10-2021,2021,A1,False,False,False,False,False,False,False,False,False,False,False,False,False,False,False,False,False,False,False,True,False,False,False,False,False,False,False,False,False,False,False,False,False,True,False,False,False,False,False,False,11.0905453,77.4198997,Village/Town Center
1447,HITPA,H_24655,"Govt Kunnathur UPHC, Uthukuli, Tiruppur TN.","Upgraded Primary Health Centre, Kunnathur, Uthukuli, Tirupur - 638103",Tiruppur,UPHC,Multi,Govt-MTM,Govt,51,19-08-2021,2021,A1,False,False,False,False,False,False,False,False,True,False,False,False,False,False,False,False,False,False,False,True,False,False,False,False,False,False,False,False,False,False,False,False,False,True,False,False,False,False,False,False,11.1671878,77.3472673,Village/Town Center
1461,HITPA,H_25026,"Govt Madathukulam UPHC,Komaralingam Tiruppur TN.","Komaralingam Government Primary Health Center, Udumalai - Kozhumam Road, Komaralingam, Madathukulam Block, Tirupur DT.",Tiruppur,UPHC,Multi,Govt-MTM,Govt,55,12-11-2021,2021,A1,False,False,False,False,False,False,False,False,True,False,False,False,False,False,False,False,False,False,False,True,False,False,False,False,False,False,False,False,False,False,False,False,False,True,False,False,False,False,False,False,10.7915267,77.5325466,District Center
1458,HITPA,H_25017,"Govt Mettupalayam Zone-1 UPHC, Tiruppur TN.","Mettupalayam Urban Primary Health Centre, PN Road, Mettupalatyam, Tiruppur",Tiruppur,UPHC,Multi,Govt-MTM,Govt,55,12-11-2021,2021,A1,False,False,False,False,False,False,False,False,True,False,False,False,False,False,False,False,False,False,False,True,False,False,False,False,False,False,False,False,False,False,False,False,False,True,False,False,False,False,False,False,10.7915267,77.5325466,District Center
1456,HITPA,H_24851,"Govt Mulanur UPHC, Tiruppur TN.","KARUR MAIN ROAD , MULANUR, MULANUR PO,DHARAPURAM TK, TIRUPPUR DT",Tiruppur,UPHC,Multi,Govt-MTM,Govt,53,18-09-2021,2021,A1,False,False,False,False,False,False,False,False,True,False,False,False,False,False,False,False,False,False,False,True,False,False,False,False,False,False,False,False,False,False,False,False,False,True,False,False,False,False,False,False,10.7915267,77.5325466,District Center
1448,HITPA,H_24805,"Govt Nallur UPHC,Tiruppur TN.","URBAN PRIMARY HEALTH CENTRE,NALLUR,KANGAYAM ROAD,TIRUPPUR 641606",Tiruppur,UPHC,Multi,Govt-MTM,Govt,52,06-09-2021,2021,A1,False,False,False,False,False,False,False,False,False,False,False,False,False,False,False,False,False,False,False,True,False,False,False,False,False,False,False,False,False,False,False,False,False,True,False,False,False,False,False,False,11.1017815,77.345192,Village/Town Center
1459,HITPA,H_25018,"Govt Nesavalar Colony Zone-2 UPHC, Tiruppur TN.","Nesavalar Colony Urban Primary Health Centre, Door No-2 First Street, Nesavalar Colony, PN Road, Tiruppur",Tiruppur,UPHC,Multi,Govt-MTM,Govt,55,12-11-2021,2021,A1,False,False,False,False,False,False,False,False,True,False,False,False,False,False,False,False,False,False,False,True,False,False,False,False,False,False,False,False,False,False,False,False,False,True,False,False,False,False,False,False,11.112381,77.3383389,Village/Town Center
1454,HITPA,H_24803,"Govt Perumanallur UPHC, Tirupur TN.","Near Kondathukaliyamman Koil Street, Perumanallur, Tirupur - 641666",Tiruppur,UPHC,Multi,Govt-MTM,Govt,52,06-09-2021,2021,A1,False,False,False,False,False,False,False,False,True,False,False,False,False,False,False,False,False,False,False,True,False,False,False,False,False,False,False,False,False,False,False,False,False,True,False,False,False,False,False,False,11.1671878,77.3472673,Village/Town Center
1445,HITPA,H_24653,"Govt Pongalur UPHC, Tiruppur TN.","Upgraded Primary Health Centre, Shakthi nagar, Trichy road, Pongalur, Palladam, Tirupur - 641667",Tiruppur,UPHC,Multi,Govt-MTM,Govt,51,19-08-2021,2021,A1,False,False,False,False,False,False,False,False,False,False,False,False,False,False,False,False,False,False,False,True,False,False,False,False,False,False,False,False,False,False,False,False,False,True,False,False,False,False,False,False,11.1671878,77.3472673,Village/Town Center
1451,HITPA,H_24800,"Govt Ponnapuram UPHC,Dharapuram Tirupur TN.","Dharapuram to Pillachi road ,Dharapuram Tk,Tiruppur Dt",Tiruppur,UPHC,Multi,Govt-MTM,Govt,52,06-09-2021,2021,A1,False,False,False,False,False,False,False,False,True,False,False,False,False,False,False,False,False,False,False,True,False,False,False,False,False,False,False,False,False,False,False,False,False,True,False,False,False,False,False,False,10.7915267,77.5325466,District Center
1453,HITPA,H_24802,"Govt Semmipalayam UPHC,Palladam,Tirupur TN.","UPHC, Palladam",Tiruppur,UPHC,Multi,Govt-MTM,Govt,52,06-09-2021,2021,A1,False,False,False,False,False,False,False,False,False,False,False,False,False,False,False,False,False,False,False,True,False,False,False,False,False,False,False,False,False,False,False,False,False,True,False,False,False,False,False,False,11.084683,77.3360963,Village/Town Center
1460,HITPA,H_25019,"Govt Sundamedu Zone-4 UPHC, Tiruppur TN.","Sundamedu Urban Primary Health Centre, Makaliyamman Kovil Opposite, Kuppandam Palayam",Tiruppur,UPHC,Multi,Govt-MTM,Govt,55,12-11-2021,2021,A1,False,False,False,False,False,False,False,False,True,False,False,False,False,False,False,False,False,False,False,True,False,False,False,False,False,False,False,False,False,False,False,False,False,True,False,False,False,False,False,False,10.7915267,77.5325466,District Center
1452,HITPA,H_24801,"Govt Thayampalayam UPHC,Kundadam Tirupur TN.","THAYAMPALAYAM UTHIYUR VIA ,DHARAPURAM TK, TIRUPPUR DT",Tiruppur,UPHC,Multi,Govt-MTM,Govt,52,06-09-2021,2021,A1,False,False,False,False,False,False,False,False,False,False,False,False,False,False,False,False,False,False,False,True,False,False,False,False,False,False,False,False,False,False,False,False,False,True,False,False,False,False,False,False,10.7915267,77.5325466,District Center
1455,HITPA,H_24811,"Govt TSK UPHC,  ZONE-3,Tiruppur TN.","TSK URBAN UPHC,BANGLOW STOP,AVINASI ROAD,TIRUPUR,641603",Tiruppur,UPHC,Multi,Govt-MTM,Govt,52,06-09-2021,2021,A1,False,False,False,False,False,False,False,False,False,False,False,False,False,False,False,False,False,False,False,False,False,False,False,False,False,False,False,False,False,False,False,False,False,False,False,False,False,False,False,False,11.1035566,77.427155,Village/Town Center
1449,HITPA,H_24785 ,"Govt Vellakovil UPHC, Tirupur TN.","COMMUNITY HEALTH CENTRE,DHARAPURAM ROAD, VELLAKOVIL,KANGAYAM TALUK",Tiruppur,UPHC,Multi,Govt-MTM,Govt,52,06-09-2021,2021,A1,False,False,False,False,False,False,False,False,False,False,False,False,False,False,False,False,False,False,False,True,False,False,False,False,False,False,False,False,False,False,False,False,False,True,False,False,False,False,False,False,10.9478718,77.7072004,Village/Town Center
1193,HITPA,H_18496,"Govt. Medical College and Hosp, Tiruppur TN.","perichipalayam, dharapuram road,tiruppur",Tiruppur,GOVT-DME,Multi,GOVT-DME,Govt,1,20-03-2017,2017,A1,False,True,True,True,True,True,True,True,True,True,True,True,True,True,True,True,True,True,True,True,True,True,True,True,True,True,True,True,True,True,True,True,True,True,True,True,True,True,True,True,10.9650402,77.3137376,Village/Town Center
1202,HITPA,H_24445,"Govt.Head Qrtrs Hosp Kangeyam,Tiruppur TN.","614, Tiruppur Rd, Kangeyam, Tirupur - 638701",Tiruppur,GOVT-DMS,Multi,GOVT-DMS,Govt,50,30-07-2021,2021,A1,False,True,True,True,True,True,True,True,True,True,True,True,True,True,True,True,True,True,True,True,True,True,True,True,True,True,True,True,True,True,True,True,True,True,True,True,True,True,True,True,11.1671878,77.3472673,Village/Town Center
1399,HITPA,H_26383,"Govt.Hospital,15 Velampalayam, Tiruppur, TN",Government hospital Nehru street 15.Velampalayam.,Tiruppur,GOVT-DMS,Multi,GOVT-DMS,Govt,94,18-02-2026,2026,A1,False,True,True,True,True,True,True,True,True,True,True,True,True,True,True,True,True,True,True,True,True,True,True,True,True,True,True,True,True,True,True,True,True,True,True,True,True,True,True,True,10.7915267,77.5325466,District Center
2218,HITPA,H_22496,"Govt.Tirupur Medical College, DEIC, Tiruppur TN.",,Tiruppur,DEIC,DEIC,DEIC,Govt,0,08-05-2018,2018,,False,False,False,False,False,False,False,False,False,False,False,False,False,False,False,False,False,False,False,False,False,False,False,False,False,False,False,False,False,False,False,False,False,False,False,False,False,False,False,False,10.7915267,77.5325466,District Center
1390,HITPA,H_26193 ,"KC HOSPITAL, TIRUPPUR TN.","33,RAILWAY FEEDER ROAD ",TIRUPPUR ,Private,Single,PVT HOSPITAL,Pvt,86,30-04-2025,2025,S1,False,False,False,False,False,False,False,False,False,False,False,False,False,False,False,False,False,False,False,False,False,False,False,False,True,False,False,False,False,False,False,False,False,False,False,False,False,False,False,False,11.1017815,77.345192,Village/Town Center
1368,HITPA,H_18932,"L.G Medical Centre,Kangeyam Road,Tirupur TN.","185/10, kangayam road , nallur, Tirupur.",Tiruppur,PVT,Multi,PVT HOSPITAL,PVT,4,12-04-2017,2017,A3,False,False,False,False,True,False,True,False,False,True,True,True,False,False,False,False,False,True,False,False,True,True,False,False,True,False,False,False,True,False,False,False,False,False,False,True,True,True,True,True,11.0983876,77.3913596,Village/Town Center
1369,HITPA,H_18921,"Lavanya Hospital,Udumalpet,Tirupur TN.","Lavanya Hospital, 2 Ramasamy Street, Udumalpet, Thirupur Dt",Tiruppur,PVT,Multi,PVT HOSPITAL,PVT,5,19-04-2017,2017,A5,False,False,False,False,False,False,True,False,True,True,True,True,False,False,False,False,False,False,False,True,False,False,False,False,False,False,True,False,False,False,False,False,False,False,False,False,True,False,False,False,10.5839,77.25,Village/Town Center
1370,HITPA,H_19489,"Malar Priya Medical Center, PN Nagar,Tirupur TN.","#8/1946-M, PONNAMMAL NAGAR, PANDIAN NAGAR, P.N.ROAD, TIRUPUR.",Tiruppur,PVT,Multi,PVT HOSPITAL,PVT,5,19-04-2017,2017,A3,False,True,False,True,True,False,True,False,True,True,True,True,False,False,False,False,False,False,False,False,True,True,False,False,True,False,True,False,True,False,False,True,False,False,False,True,False,False,True,True,10.7915267,77.5325466,District Center
1394,HITPA,H_26361,"MATHESWARI MEDICAL CENTER ANDHOSPITAL,TIRUPPUR, TN","NO 23, MUTHUCHETTIPALAYAM MAIN ROAD, AVINIASHI, TIRUPPUR, TAMILNADI - 641654",TIRUPPUR,PVT,Multi,PVT HOSPITAL,PVT,93,02-01-2026,2026,A5,False,False,False,False,False,False,False,False,False,True,False,False,False,False,False,False,False,False,False,True,False,False,False,False,True,False,False,False,True,False,False,False,False,False,False,False,False,False,False,False,10.7915267,77.5325466,District Center
1371,HITPA,H_18904,"Nivetha Hospital,Dharapuram,Tirupur TN.","130/114 ,UDUMALAI ROAD, DHARAPURAM",Tiruppur,PVT,Multi,PVT HOSPITAL,PVT,26,06-12-2018,2018,A6,False,False,False,False,False,False,True,False,True,False,False,True,False,False,False,False,False,False,True,False,True,False,False,False,False,False,False,True,False,False,False,False,False,False,False,False,False,False,False,False,10.5392458,77.2229171,Village/Town Center
1372,HITPA,H_22160,"OMS Hospital, Bharathi Nagar, Tirupur TN.","490, Bharathi Nagar.Palladam Road,",Tiruppur,PVT,Multi,PVT HOSPITAL,PVT,6,15-05-2017,2017,A5,False,False,False,False,False,False,True,False,False,False,False,False,False,False,False,False,False,False,False,False,False,False,False,False,True,False,False,False,True,False,False,False,False,False,False,True,False,False,False,True,10.7915267,77.5325466,District Center
1373,HITPA,H_18910,"Ponni Hospital,Palladum,Tirupur TN.","ponni hospital #42, Trichy Main road,Palladam Tiruppur",Tiruppur,PVT,Multi,PVT HOSPITAL,PVT,5,19-04-2017,2017,A6,False,False,False,False,False,False,True,False,True,False,False,False,False,False,False,False,False,False,False,False,False,False,False,False,False,False,False,False,False,False,False,False,False,False,False,False,False,False,False,False,10.7915267,77.5325466,District Center
1374,HITPA,H_20920,"Rams Multispeciality Centre, Tirupur TN.","No:82 murungapalayam main road, Opp.Bharath petrol bunk , Avinashi road",Tiruppur,PVT,Multi,PVT HOSPITAL,PVT,4,12-04-2017,2017,A4,False,True,True,False,True,True,True,True,True,True,True,True,False,False,False,False,False,False,True,True,True,True,False,False,True,True,True,False,True,False,False,False,False,False,False,True,True,False,True,True,10.7915267,77.5325466,District Center
1375,HITPA,H_18389,"Revathi Medical Centre, Tirupur TN.","NO.10,VALAYANKADU MAIN ROAD,KUMAR NAGAR,AVINASHI ROAD,TIRUPPUR",Tiruppur,PVT,Multi,PVT HOSPITAL,PVT,4,12-04-2017,2017,A1,False,True,True,True,True,False,True,True,True,True,True,True,False,True,False,True,True,True,True,True,True,True,False,False,True,True,True,True,True,False,False,True,False,False,True,True,True,False,True,True,11.2311419,77.4714625,Village/Town Center
1376,HITPA,H_25640,"Saravana Medical Centre, Tiruppur TN.","204, PALAYAKOTTAI ROAD,",Tiruppur,PVT,Multi,PVT HOSPITAL,PVT,58,28-04-2022,2022,A6,False,False,False,False,False,False,False,False,True,True,False,False,False,False,False,False,False,False,False,True,False,False,False,False,False,False,False,False,False,False,False,False,False,False,False,False,False,False,False,False,11.0995124,77.6680179,Village/Town Center
2231,HITPA,H_25742,"SBC Scans, Udumalaipet, Tiruppur, DC. ",,Tiruppur,Private,Multi,DC PVT-STANDALONE,Pvt,63,30-09-2022,2022,,False,False,False,False,False,False,False,False,False,False,False,False,False,False,False,False,False,False,False,False,False,False,False,False,False,False,False,False,False,False,False,False,False,False,False,False,False,False,False,False,10.7915267,77.5325466,District Center
1377,HITPA,H_24433,"Shetty Hospital, Tiruppur TN.",SARAVANA PILLAI STREET,Tiruppur,PVT,Multi,PVT HOSPITAL,PVT,50,30-07-2021,2021,,False,False,False,False,False,False,False,False,False,False,False,False,False,False,False,False,False,False,False,False,False,False,False,False,False,False,False,False,False,False,False,False,False,False,False,False,False,False,False,False,10.5816191,77.2485965,Exact Hospital
1378,HITPA,H_22306,"SK Hospital, Samalapuram, Somanur, Tirupur TN.","No.26 anuur road,samalapuram,somanur, Tirupur District - 641663",Tiruppur,PVT,Multi,PVT HOSPITAL,PVT,8,24-06-2017,2017,A6,False,False,False,False,True,False,True,False,True,True,True,True,False,False,False,False,False,False,False,False,False,False,False,False,False,False,True,False,True,False,False,False,False,False,False,False,False,False,True,False,11.1671878,77.3472673,Village/Town Center
1379,HITPA,H_18325,"Sri Kumaran Hospital, Tirupur TN.","774, P.N ROAD, NEAR NEW BUS STAND",Tiruppur,PVT,Multi,PVT HOSPITAL,PVT,4,12-04-2017,2017,A2,False,True,True,True,False,False,True,True,True,True,True,True,False,False,False,True,False,True,True,True,True,True,False,False,True,True,True,True,True,False,False,False,False,False,False,True,True,True,True,True,11.1307528,77.3412468,Exact Hospital
1380,HITPA,H_18271,"Sri Saran Hospital, Tirupur TN.","SF 259, POYAMPALAYAM PIRIVU, P.N.ROAD, TIRUPUR.",Tiruppur,PVT,Multi,PVT HOSPITAL,PVT,5,19-04-2017,2017,A2,False,False,False,False,True,False,True,True,True,True,True,True,False,False,True,False,False,True,True,False,True,True,False,False,True,True,True,True,True,False,False,False,False,False,False,True,True,True,False,True,10.7915267,77.5325466,District Center
1381,HITPA,H_22087,"Sugan Sugaa Medical Centre, Tirupur TN.","#6/1,THIRUNEELAKANDAR STREET, PERIYAYIPALAYAM ROAD",Tiruppur,PVT,Multi,PVT HOSPITAL,PVT,5,19-04-2017,2017,A5,False,False,False,True,False,False,True,False,True,True,False,True,False,False,False,False,False,False,False,False,True,True,False,False,True,False,False,False,True,False,False,False,False,False,False,True,False,False,False,True,10.7915267,77.5325466,District Center
1382,HITPA,H_24046,"T.M.F Hospital, Sabapathipuram, Tiruppur TN.","1, TELC Church Compound, Sabapathi Puram, Kannipiran Colony, Valipalayam, Tiruppur, Tamil Nadu 641601",Tiruppur,PVT,Multi,PVT HOSPITAL,PVT,53,18-09-2021,2021,A6,False,False,False,True,False,False,False,False,True,True,False,True,False,False,False,False,False,False,False,False,False,False,False,False,True,False,False,False,False,False,False,False,False,False,False,False,False,False,False,False,10.7915267,77.5325466,District Center
1383,HITPA,H_23607,"TANKER Foundation Dialysis unit, Tiruppur TN.","C/O Tirupur North Rotary Dialysis Center No 136/1,Eswaramoorthy Maternity Hopital, Uthukuli Road,",Tiruppur,PVT,Single,PVT HOSPITAL,PVT,45,24-02-2021,2021,S2,False,False,False,False,False,False,False,False,False,False,False,False,False,False,False,False,False,False,False,True,False,False,False,False,False,False,False,False,False,False,False,False,False,False,False,False,False,False,False,False,11.146558,77.4189871,Village/Town Center
1384,HITPA,H_18925,"The Eye Foundation,RV road,Tirupur TN.","14/22,HARVEY ROAD TIRUPUR",Tiruppur,PVT,Single,PVT HOSPITAL,PVT,5,19-04-2017,2017,S1,False,False,False,False,False,False,True,False,False,False,False,False,False,False,False,False,False,False,False,False,False,False,False,True,False,False,False,False,False,False,False,False,False,False,False,False,False,False,False,False,11.1017815,77.345192,Village/Town Center
1385,HITPA,H_24137,"Tirupur Aadhar Medical Center, Tiruppur TN.","541, 543/338-34, Opp. To Pushpa theatre Bus stop, Tirupur",Tiruppur,PVT,Multi,PVT HOSPITAL,PVT,51,19-08-2021,2021,A2,False,False,False,True,True,False,False,False,True,True,True,True,False,False,False,False,False,False,False,True,False,True,False,False,True,False,False,True,True,False,True,False,False,False,False,True,True,True,True,False,10.7915267,77.5325466,District Center
1386,HITPA,H_23589,"Tirupur Kidney centre, Tirupur TN.","1/1, JG NAGAR 3RD STREET,60FT ROAD, KUMARANDHAPURAM, TIRUPUR-",Tiruppur,PVT,Single,PVT HOSPITAL,PVT,43,30-12-2020,2020,S2,False,False,False,False,False,False,False,False,False,False,True,False,False,False,False,False,False,False,False,False,False,False,False,False,False,False,False,False,False,False,False,False,False,False,False,False,False,False,False,False,10.7915267,77.5325466,District Center
1387,HITPA,H_26273,"Tirupur west rotary medical trust, Tiruppur TN. ","8/98/J8, J9j10, Agraharaputhur, Mangalam, Tirupur,",tiruppur,PVT,Single,PVT HOSPITAL,Pvt,89,30-07-2025,2025,S2,False,False,False,False,False,False,False,False,False,False,False,False,False,False,False,False,False,False,False,True,False,False,False,False,False,False,False,False,False,False,False,False,False,False,False,False,False,False,False,False,11.1671878,77.3472673,Village/Town Center
1388,HITPA,H_22031,"Vel Hospital,Dharapuram,Tirupur TN.","99, UDUMALAI ROAD, CTC TIPPO NEAR,DHARAPURAM.",Tiruppur,PVT,Multi,PVT HOSPITAL,PVT,2,27-03-2017,2017,A6,False,False,False,False,True,False,True,False,True,True,False,True,False,False,False,False,False,False,False,True,True,False,False,False,True,False,False,False,False,False,False,False,False,False,False,True,False,False,False,True,10.7915267,77.5325466,District Center
1389,HITPA,H_23778 ,"Vel Hospital,Udumalpet, Tiruppur TN.","No 24 Neru street Udumalaipettai, Tamil Nadu",tiruppur,PVT,Single,PVT HOSPITAL,Pvt,89,30-07-2025,2025,S2,False,False,False,False,False,False,False,False,False,False,False,False,False,False,False,False,False,False,False,True,False,False,False,False,False,False,False,False,False,False,False,False,False,False,False,False,False,False,False,False,10.7915267,77.5325466,District Center
2219,HITPA,H_22746,"Vishwa Scans, P.N.Road, Tirupur DC.",,Tiruppur,Private,Multi,DC PVT-STANDALONE,Pvt,26,06-12-2018,2018,,False,False,False,False,False,False,False,False,False,False,False,False,False,False,False,False,False,False,False,False,False,False,False,False,False,False,False,False,False,False,False,False,False,False,False,False,False,False,False,False,10.7915267,77.5325466,District Center
162,MA,H_22090,"Aakash Hospital, Thiruvallur TN.","AAKASH HOSPITAL, THIRUVALLUR TN.",Tiruvallur,Private,Multi,PVT HOSPITAL,Pvt,5,19-04-2017,2017,A2,False,True,True,False,True,False,False,False,True,False,False,False,False,False,False,True,False,False,False,False,True,False,False,True,False,False,False,False,True,False,False,True,False,False,False,False,True,False,False,False,13.1694824,80.304324,Exact Hospital
163,MA,H_18840,"ACS MEDICAL COLLEGE, THIRUVALLUR TN.","POONAMALLE HIGH ROAD, VELAPPANCHAVADI,TIRUVALLUR",Tiruvallur,Private,Multi,PVT HOSPITAL,Pvt,4,12-04-2017,2017,A4,False,False,False,False,False,False,True,False,True,True,True,False,False,False,False,True,False,False,False,True,False,False,True,False,True,False,False,False,False,False,False,True,False,False,False,False,True,False,True,True,13.0596014,80.127579,Hospital in TN
171,MA,H_25946,"Anand Hospital, Tiruvallur TN.
","NO: 199-201, KAMARAJAR SALAI MANALI CHENNAI",Tiruvallur,Private,Multi,PVT HOSPITAL,Pvt,72,17-11-2023,2023,A5,False,True,False,False,False,False,False,False,False,False,False,False,False,False,False,True,False,False,False,True,False,False,False,False,False,False,False,False,False,False,False,False,False,False,False,False,False,False,False,False,13.1638346,80.2581659,Exact Hospital
2022,MA,H_22376,"Anbalaya Rural Spl School,Autism, Tiruvallur TN.",,Tiruvallur,Private,Autism ,PVT AUTISM,Pvt,10,21-08-2017,2017,,False,False,False,False,False,False,False,False,False,False,False,False,False,False,False,False,False,False,False,False,False,False,False,False,False,False,False,False,False,False,False,False,False,False,False,False,False,False,False,False,13.1394221,79.9070839,District Center
2023,MA,H_22375,"Anbalaya Special School,Autism, Tiruvallur TN.",,Tiruvallur,Private,Autism ,PVT AUTISM,Pvt,10,21-08-2017,2017,,False,False,False,False,False,False,False,False,False,False,False,False,False,False,False,False,False,False,False,False,False,False,False,False,False,False,False,False,False,False,False,False,False,False,False,False,False,False,False,False,13.1394221,79.9070839,District Center
184,MA,H_20074,"Apollo Hospitals Ayyanambakkam,Thiruvallur TN.","NO. 64, VANAGARAM TO AMBATTUR MAIN ROAD, VANAGARAM, KIL AYANAMBAKKAM",Tiruvallur,Private,Multi,PVT HOSPITAL,Pvt,2,27-03-2017,2017,A1,False,True,True,False,False,False,True,False,False,False,False,False,False,False,False,True,False,False,False,False,False,False,False,False,False,False,False,False,False,False,False,False,False,False,False,False,False,False,False,False,13.1394221,79.9070839,District Center
2175,MA,H_26141,"Apple Scans and Labs LLP, Tiruvallur, DC.",,Tiruvallur,Private,PVT-STANDALONE,DC PVT-STANDALONE,Pvt,84,26-02-2025,2025,,False,False,False,False,False,False,False,False,False,False,False,False,False,False,False,False,False,False,False,False,False,False,False,False,False,False,False,False,False,False,False,False,False,False,False,False,False,False,False,False,13.1394221,79.9070839,District Center
191,MA,H_22801,"Aravind Eye Hospital,Noombal, Thiruvallur TN.
","Aravind Eye Hospital,Noombal, Thiruvallur TN.",Tiruvallur,Private,Single,PVT HOSPITAL,Pvt,29,12-02-2019,2019,S1,False,False,False,False,False,False,True,False,False,False,False,False,False,False,False,False,False,False,False,False,False,False,False,True,False,False,False,False,False,False,False,False,False,False,False,False,False,False,False,False,13.1394221,79.9070839,District Center
2024,MA,H_22411,"Ayur Sukham Intgrt trng ctr,Autism, Tiruvallur TN.",,Tiruvallur,Private,Autism ,PVT AUTISM,Pvt,12,25-09-2017,2017,,False,False,False,False,False,False,False,False,False,False,False,False,False,False,False,False,False,False,False,False,False,False,False,False,False,False,False,False,False,False,False,False,False,False,False,False,False,False,False,False,13.1394221,79.9070839,District Center
210,MA,H_24363,"Be Well Hospital, Anna Nagar, Thiruvallur TN.
","NO.106 JAWHARLAL NEHRU SALAI, THIRUMANGALAM, ANNA NAGAR, CHENNAI - 600 040 TAMILNADU",Tiruvallur,Private,Multi,PVT HOSPITAL,Pvt,56,13-01-2022,2022,A3,False,False,False,False,False,False,False,False,False,True,False,False,False,False,False,False,False,False,False,True,False,False,False,False,True,False,False,False,False,False,False,False,False,False,False,False,False,False,False,True,13.1394221,79.9070839,District Center
2088,MA,H_22587,"CCH, Ambattur, Tiruvallur TN.",,Tiruvallur,CCH,CCH,CCH,Govt,16,14-03-2018,2018,,False,False,False,False,False,False,False,False,False,False,False,False,False,False,False,False,False,False,False,False,False,False,False,False,False,False,False,False,False,False,False,False,False,False,False,False,False,False,False,False,13.1394221,79.9070839,District Center
2089,MA,H_22710,"CCH, Gangaiamman St, Madhavaram, Thiruvallur TN.",,Tiruvallur,CCH,CCH,CCH,Govt,23,05-09-2018,2018,,False,False,False,False,False,False,False,False,False,False,False,False,False,False,False,False,False,False,False,False,False,False,False,False,False,False,False,False,False,False,False,False,False,False,False,False,False,False,False,False,13.1394221,79.9070839,District Center
2087,MA,H_22584,"CCH, Madhavaram, Tiruvallur TN.",,Tiruvallur,CCH,CCH,CCH,Govt,16,14-03-2018,2018,,False,False,False,False,False,False,False,False,False,False,False,False,False,False,False,False,False,False,False,False,False,False,False,False,False,False,False,False,False,False,False,False,False,False,False,False,False,False,False,False,13.1394221,79.9070839,District Center
2086,MA,H_22583,"CCH, Manali, Tiruvallur TN.",,Tiruvallur,CCH,CCH,CCH,Govt,16,14-03-2018,2018,,False,False,False,False,False,False,False,False,False,False,False,False,False,False,False,False,False,False,False,False,False,False,False,False,False,False,False,False,False,False,False,False,False,False,False,False,False,False,False,False,13.1394221,79.9070839,District Center
2085,MA,H_22615,"CCH, Thiruvottiyur, Tiruvallur TN.",,Tiruvallur,CCH,CCH,CCH,Govt,16,14-03-2018,2018,,False,False,False,False,False,False,False,False,False,False,False,False,False,False,False,False,False,False,False,False,False,False,False,False,False,False,False,False,False,False,False,False,False,False,False,False,False,False,False,False,13.1394221,79.9070839,District Center
2119,MA,H_24407,"CCH,Chinna Porur,Tanker foundation,ThiruvallurTN. ",,Tiruvallur,CCH,CCH,CCH,Govt,49,07-07-2021,2021,,False,False,False,False,False,False,False,False,False,False,False,False,False,False,False,False,False,False,False,False,False,False,False,False,False,False,False,False,False,False,False,False,False,False,False,False,False,False,False,False,13.1394221,79.9070839,District Center
2147,MA,H_25650,"CCH,Thiruvottiyur,TankerFoundation,Thiruvallur TN.",,Tiruvallur,CCH,CCH,CCH,Govt,58,28-04-2022,2022,,False,False,False,False,False,False,False,False,False,False,False,False,False,False,False,False,False,False,False,False,False,False,False,False,False,False,False,False,False,False,False,False,False,False,False,False,False,False,False,False,13.1394221,79.9070839,District Center
2083,MA,H_22549,"Cias Learning Centre, Autism, Tiruvallur TN.",,Tiruvallur,Private,Autism ,PVT AUTISM,Pvt,16,14-03-2018,2018,,False,False,False,False,False,False,False,False,False,False,False,False,False,False,False,False,False,False,False,False,False,False,False,False,False,False,False,False,False,False,False,False,False,False,False,False,False,False,False,False,13.1394221,79.9070839,District Center
2169,MA,H_26012,"Cias Learning ctr, Autism, TNR, Tiruvallur, TN.",,Tiruvallur,Private,Autism ,PVT AUTISM,Pvt,75,25-04-2024,2024,,False,False,False,False,False,False,False,False,False,False,False,False,False,False,False,False,False,False,False,False,False,False,False,False,False,False,False,False,False,False,False,False,False,False,False,False,False,False,False,False,13.1394221,79.9070839,District Center
2081,MA,H_22475,"DEIC, Thiruvallur TN.",,Tiruvallur,DEIC,DEIC,DEIC,Govt,0,05-02-2018,2018,,False,False,False,False,False,False,False,False,False,False,False,False,False,False,False,False,False,False,False,False,False,False,False,False,False,False,False,False,False,False,False,False,False,False,False,False,False,False,False,False,13.1394221,79.9070839,District Center
2082,MA,H_22514,"District Diff.abled welfare office,Tiruvallur TN.",,Tiruvallur,DDWO,DDWO,DDWO,Govt,15,02-05-2018,2018,,False,False,False,False,False,False,False,False,False,False,False,False,False,False,False,False,False,False,False,False,False,False,False,False,False,False,False,False,False,False,False,False,False,False,False,False,False,False,False,False,13.1394221,79.9070839,District Center
251,MA,H_22362,"Dr Arvind Vision Care, Thiruvallur TN.
","DR ARVIND VISION CARE, THIRUVALLUR TN.",Tiruvallur,Private,Single,PVT HOSPITAL,Pvt,10,21-08-2017,2017,S2,False,False,False,False,False,False,False,False,False,False,False,False,False,False,False,False,False,False,False,False,False,False,False,True,False,False,False,False,False,False,False,False,False,False,False,False,False,False,False,False,13.0840124,80.1691809,Exact Hospital
261,MA,H_23581,"Dr. Rela Institute and MS Hospital,Thiruvallur TN.","No 4/283, GNT Road, Padianallur, Chennai - 600052, Near Revathy Stores, Redhills",Tiruvallur,Private,Multi,PVT HOSPITAL,Pvt,42,09-12-2020,2020,A6,False,False,False,False,False,False,True,False,False,False,False,False,False,False,False,True,False,False,False,True,False,False,False,False,False,False,False,False,False,False,False,False,False,False,False,True,False,False,False,False,13.1638346,80.2581659,Village/Town Center
264,MA,H_23463,"Dr.Mehta Multi Speciality Hospital Tiruvallur TN.
","NO.50,POONAMALLE HIGH ROAD,VELAPPANCHAVADI,CHENNAI 600 077",Tiruvallur,Private,Multi,PVT HOSPITAL,Pvt,50,30-07-2021,2021,A1,False,True,False,False,False,False,True,False,True,True,True,True,False,False,False,True,False,False,True,True,True,True,False,False,True,True,True,True,True,False,False,False,False,False,False,True,False,False,False,True,13.1394221,79.9070839,District Center
265,MA,H_22029,"DRR Eye Care Oculoplasty Hospital,Thiruvallur TN.","DRR Eye Care Oculoplasty Hospital,Thiruvallur TN.",Tiruvallur,Private,Single,PVT HOSPITAL,Pvt,30,20-03-2019,2019,S2,False,False,False,False,False,False,True,False,True,False,False,False,False,False,False,False,False,False,False,False,False,False,False,True,False,False,False,False,False,False,False,True,False,False,False,False,False,False,False,False,13.1394221,79.9070839,District Center
275,MA,H_18620,"Frontier Life Line Pvt. Ltd, Thiruvallur TN.","R 30 C, AMBATTUR INDUSTRIAL ESTATE ROAD, MOGAPPAIR",Tiruvallur,Private,Multi,PVT HOSPITAL,Pvt,2,27-03-2017,2017,A2,False,True,True,False,False,False,True,False,True,False,False,False,False,False,False,True,False,False,False,False,False,False,False,False,False,False,False,False,False,False,False,True,False,False,False,False,False,False,False,False,13.1394221,79.9070839,District Center
278,MA,H_25827,"Gayathri Hospital, Thiruvallur TN.
","NO:163/1G THIRUVERKADU MAIN ROAD,NEAR MGR NAGAR BUS STOP,THIRUVERKADU.CHENNAI-600077",Tiruvallur,Private,Multi,PVT HOSPITAL,Pvt,67,28-03-2023,2023,A6,False,False,False,False,False,False,False,False,True,True,False,True,False,False,False,False,False,False,False,True,False,False,False,False,False,False,False,False,False,False,False,False,False,False,False,False,False,False,False,False,13.1394221,79.9070839,District Center
281,MA,H_26332,"Gjs Multispeciality Hospital, Thiruvallur TN.
","NO 12 KARUMARIAMMAM KOIL STREET,NEHRU COLONY,KAMARARAJ NAGAR,AVADI,CH-600071",Tiruvallur,Private,Multi,PVT HOSPITAL,Pvt,92,26-11-2025,2025,A6,False,False,False,False,False,False,False,False,True,False,False,False,False,False,False,False,False,False,False,True,False,False,False,False,False,False,False,False,False,False,False,False,False,False,False,False,False,False,False,False,13.1394221,79.9070839,District Center
284,MA,H_23442,"GLB Hospitals, Tiruvallur TN.
","New No: Ah 15, Old No: Ah 81, Shanthi Colony, Anna Nagar, Chennai, Tamil Nadu 600040, India",Tiruvallur,Private,Multi,PVT HOSPITAL,Pvt,53,18-09-2021,2021,A3,False,False,False,False,False,False,False,False,True,True,False,False,False,False,False,False,False,False,False,False,False,False,False,False,True,False,False,False,True,False,False,True,False,False,True,True,False,False,False,False,13.1573135,79.8512932,Village/Town Center
2021,MA,H_19825,"GLOBAL CT SCAN CENTRE,THIRUVALLUR DC",,Tiruvallur,Private,PVT-STANDALONE,DC PVT-STANDALONE,Pvt,5,19-04-2017,2017,,False,False,False,False,False,False,False,False,False,False,False,False,False,False,False,False,False,False,False,False,False,False,False,False,False,False,False,False,False,False,False,False,False,False,False,False,False,False,False,False,13.1394221,79.9070839,District Center
71,MA,H_18522,"Government Medical College, Tiruvallur TN.","JN RD, HARIRAM NAGAR, POONGA NAGAR, TIRUVALLUR, TAMIL NADU 602001",Tiruvallur,Medical College Hospital ,Multi,Govt-DME,Govt,1,20-03-2017,2017,A1,False,True,True,True,True,True,True,True,True,True,True,True,True,True,True,True,True,True,True,True,True,True,True,True,True,True,True,True,True,False,True,True,True,False,True,True,True,True,True,True,13.1573135,79.8512932,Village/Town Center
76,MA,H_22151,"Govt Hospital Thiruvotriyur, Thiruvallur TN.","Government Hospital Thiruvottiyur , Ellaman Kovil Bus Stop Near Thiruvottiyur Chennai ",Tiruvallur,Sub-district Hospital,Multi,Govt-DMS,Govt,6,15-05-2017,2017,A1,False,True,True,True,True,True,True,True,True,True,True,True,True,True,True,True,True,True,True,True,True,True,True,True,True,True,True,True,True,False,True,True,True,False,True,True,True,True,True,True,13.1394221,79.9070839,District Center
133,MA,H_24421,"Govt Hospital, Gummudipundi, Tiruvallur TN.","Govt.Hospital Anna Nagar, Kottakarai , Gummidipoondi",Tiruvallur,Sub-district Hospital,Multi,Govt-DMS,Govt,50,30-07-2021,2021,A1,False,True,True,True,True,True,True,True,True,True,True,True,True,True,True,True,True,True,True,True,True,True,True,True,True,True,True,True,True,False,True,True,True,False,True,True,True,True,True,True,13.1394221,79.9070839,District Center
134,MA,H_24422,"Govt Hospital, Pallipattu, Tiruvallur TN.","Govt. Taluk Hospital, Pallipattu, Thiruvallur",Tiruvallur,Sub-district Hospital,Multi,Govt-DMS,Govt,50,30-07-2021,2021,A1,False,True,True,True,True,True,True,True,True,True,True,True,True,True,True,True,True,True,True,True,True,True,True,True,True,True,True,True,True,False,True,True,True,False,True,True,True,True,True,True,13.1394221,79.9070839,District Center
70,MA,H_19734,"Govt Hospital, Ponneri, Thiruvallur, TN.","NGO NAGAR EXTENSION, PONNERI, TAMIL NADU 601204",Tiruvallur,Sub-district Hospital,Multi,Govt-DMS,Govt,1,20-03-2017,2017,A1,False,True,True,True,True,True,True,True,True,True,True,True,True,True,True,True,True,True,True,True,True,True,True,True,True,True,True,True,True,False,True,True,True,False,True,True,True,True,True,True,13.2097678,80.1121208,Hospital in TN
108,MA,H_22581,"Govt Hospital, Uthukottai, Tiruvallur TN.","Chetti Street,Govt Hospital, Uthukottai, Thiruvallur",Tiruvallur,Sub-district Hospital,Multi,Govt-DMS,Govt,15,02-02-2018,2018,A1,False,True,True,True,True,True,True,True,True,True,True,True,True,True,True,True,True,True,True,True,True,True,True,True,True,True,True,True,True,False,True,True,True,False,True,True,True,True,True,True,13.127107,79.9110934,Exact Hospital
137,MA,H_24939,"Govt Hospital,Madhavaram UCHC,Thiruvallur TN.","5644+3HV METTUPALAIYAM, GNT ROAD PUZHAL, MADHAVARAM ",Tiruvallur,Sub-district Hospital,Multi,Govt-DMS,Govt,55,12-11-2021,2021,A1,False,True,True,True,True,True,True,True,True,True,True,True,True,True,True,True,True,True,True,True,True,True,True,True,True,True,True,True,True,False,True,True,True,False,True,True,True,True,True,True,13.1394221,79.9070839,District Center
135,MA,H_24424,"Govt Hospital,Pazhaverkadu, Tiruvallur TN.","Govt.Hospital, Kottai st, Pulicut",Tiruvallur,Sub-district Hospital,Multi,Govt-DMS,Govt,50,30-07-2021,2021,A1,False,True,True,True,True,True,True,True,True,True,True,True,True,True,True,True,True,True,True,True,True,True,True,True,True,True,True,True,True,False,True,True,True,False,True,True,True,True,True,True,13.1394221,79.9070839,District Center
136,MA,H_24425,"Govt Hospital,Podadurpet,Tiruvallur TN.","GOVERNMENT HOSPITAL,                       Nallathanneerkulam street, Podaturpet, Pincode_631208",Tiruvallur,Sub-district Hospital,Multi,Govt-DMS,Govt,50,30-07-2021,2021,A1,False,True,True,True,True,True,True,True,True,True,True,True,True,True,True,True,True,True,True,True,True,True,True,True,True,True,True,True,True,False,True,True,True,False,True,True,True,True,True,True,13.1394221,79.9070839,District Center
2163,MA,H_25817,"Govt Medical College DEIC, Tiruvallur TN.",,Tiruvallur,DEIC,DEIC,DEIC,Govt,0,27-03-2023,2023,,False,False,False,False,False,False,False,False,False,False,False,False,False,False,False,False,False,False,False,False,False,False,False,False,False,False,False,False,False,False,False,False,False,False,False,False,False,False,False,False,13.1394221,79.9070839,District Center
69,MA,H_18728,"Govt Peripheral Hospital, Anna Nagar,Tiruvallur TN.","3RD AVE, ANNAI SATHYA NAGAR, ANNA NAGAR, CHENNAI, TAMIL NADU 600102",Tiruvallur,Sub-district Hospital,Multi,Govt-DMS,Govt,1,20-03-2017,2017,A1,False,True,True,True,True,True,True,True,True,True,True,True,True,True,True,True,True,True,True,True,True,True,True,True,True,True,True,True,True,False,True,True,True,False,True,True,True,True,True,True,13.1573135,79.8512932,Village/Town Center
72,MA,H_19733,"Govt. Head Qrtrs Hosp, Tiruthani,Thiruvallur, TN.","PERIYA THERU, MURUGAPPA NAGAR, THIRUTHANI, TAMIL NADU 631209",Tiruvallur,District Hospital,Multi,Govt-DMS,Govt,1,20-03-2017,2017,A1,False,True,True,True,True,True,True,True,True,True,True,True,True,True,True,True,True,True,True,True,True,True,True,True,True,True,True,True,True,False,True,True,True,False,True,True,True,True,True,True,13.1573135,79.8512932,Village/Town Center
74,MA,H_22093,"Govt. Hospital, Avadi, Tiruvallur TN.","Military Road, Govt. Hospital Avadi, Ch- 54 (Opp.Indian Bank)",Tiruvallur,Sub-district Hospital,Multi,Govt-DMS,Govt,5,19-04-2017,2017,A1,False,True,True,True,True,True,True,True,True,True,True,True,True,True,True,True,True,True,True,True,True,True,True,True,True,True,True,True,True,False,True,True,True,False,True,True,True,True,True,True,13.1394221,79.9070839,District Center
75,MA,H_22094,"Govt. Hospital, Madhavaram, Tiruvallur TN.",Madhavaram Govt Hospital Mmc Chennai-600051,Tiruvallur,Sub-district Hospital,Multi,Govt-DMS,Govt,5,19-04-2017,2017,A1,False,True,True,True,True,True,True,True,True,True,True,True,True,True,True,True,True,True,True,True,True,True,True,True,True,True,True,True,True,False,True,True,True,False,True,True,True,True,True,True,13.1394221,79.9070839,District Center
73,MA,H_22045,"Govt. Hospital, Poonamallee, Tiruvallur TN.","Mulla Thottam, Trank Road, Poonamallee, Chennai-600056.",Tiruvallur,Sub-district Hospital,Multi,Govt-DMS,Govt,3,04-04-2017,2017,A1,False,True,True,True,True,True,True,True,True,True,True,True,True,True,True,True,True,True,True,True,True,True,True,True,True,True,True,True,True,False,True,True,True,False,True,True,True,True,True,True,13.1394221,79.9070839,District Center
2122,MA,H_24936,"Govt.MC,DEIC,Virudhunagar TN.",,Tiruvallur,DEIC,DEIC,DEIC,Govt,0,23-11-2021,2021,,False,False,False,False,False,False,False,False,False,False,False,False,False,False,False,False,False,False,False,False,False,False,False,False,False,False,False,False,False,False,False,False,False,False,False,False,False,False,False,False,13.1394221,79.9070839,District Center
1495,MA,H_24537,"Govt.Naravarikuppam UGPHC,Thiruvallur TN.","Dr, Vaitheeswaran St, Red Hills, Naravarikuppam, Tamil Nadu 600052",Tiruvallur,PHC,Multi,Govt-MTM,Govt,51,23-08-2021,2021,A1,False,False,False,False,False,False,False,False,False,True,False,False,False,False,False,False,False,False,False,False,True,False,False,False,False,False,False,False,False,False,False,False,False,False,True,False,False,False,False,False,13.1573135,79.8512932,Village/Town Center
1606,MA,H_24900,"Govt.PHC Poondi,Thiruvallur TN.","6V5G+6FC, Poondi, Tamil Nadu 602023",Tiruvallur,PHC,Multi,Govt-MTM,Govt,54,22-10-2021,2021,A1,False,False,False,False,False,False,False,False,False,False,False,False,False,False,False,False,False,False,False,False,True,False,False,False,False,False,False,False,False,False,False,False,False,False,True,False,False,False,False,False,13.1573135,79.8512932,Village/Town Center
1641,MA,H_25050,"Govt.PHC,G.poondi,eguvarpalayam,Tiruvallu TN.","C3P5+FWR, Siruvapuri, Eguvarpalayam, Tamil Nadu 601201",Tiruvallur,PHC,Multi,Govt-MTM,Govt,55,12-11-2021,2021,A1,False,False,False,False,False,False,False,False,False,True,False,False,False,False,False,False,False,False,False,False,True,False,False,False,False,False,False,False,False,False,False,False,False,False,True,False,False,False,False,False,13.1573135,79.8512932,Village/Town Center
1497,MA,H_24539,"Govt.UGPHC Thiruvelangadu,Thiruvallur TN.","Primary Health Centre, Main Raod,, THIRUVELANGADU, NEAR BDO OFFICE, Tiruvallur, Tamil Nadu, India - 631210",Tiruvallur,PHC,Multi,Govt-MTM,Govt,51,23-08-2021,2021,A1,False,False,False,False,False,False,False,False,False,True,False,False,False,False,False,False,False,False,False,False,True,False,False,False,False,False,False,False,False,False,False,False,False,False,True,False,False,False,False,False,13.1354377,79.9089289,Village/Town Center
1561,MA,H_24730,"Govt.UPHC Beerakuppam,Thiruvallur TN.","5GF2+5R6, SH 54, Beerakuppam, Tamil Nadu 631205",Tiruvallur,PHC,Multi,Govt-MTM,Govt,52,09-08-2021,2021,A1,False,False,False,False,False,False,False,False,False,True,False,False,False,False,False,False,False,False,False,False,True,False,False,False,False,False,False,False,False,False,False,False,False,False,True,False,False,False,False,False,13.1573135,79.8512932,Village/Town Center
1496,MA,H_24538,Govt.UPHC Budur.Thiruvallur TN.,"66M4+FWQ, Cholavaram Rd, Kandigai, Tamil Nadu 600067",Tiruvallur,PHC,Multi,Govt-MTM,Govt,51,23-08-2021,2021,A1,False,False,False,False,False,False,False,False,False,True,False,False,False,False,False,False,False,False,False,False,True,False,False,False,False,False,False,False,False,False,False,False,False,False,True,False,False,False,False,False,13.1573135,79.8512932,Village/Town Center
1498,MA,H_24540,"Govt.UPHC Katchur,Thiruvallur TN. ","Katchur, Uthukottai, Thiruvallur, SH-50, Thirumazhisai Uthukottai Road, Thiruvallur, Thiruvallur, 602026",Tiruvallur,PHC,Multi,Govt-MTM,Govt,51,23-08-2021,2021,A1,False,False,False,False,False,False,False,False,False,True,False,False,False,False,False,False,False,False,False,False,True,False,False,False,False,False,False,False,False,False,False,False,False,False,True,False,False,False,False,False,13.1394221,79.9070839,District Center
1562,MA,H_24732,"Govt.UPHC Kollumedu,Thiruvallur TN.","Kollumedu Upgraded Phc, Main Road, Kollumedu, Chennai, Tamil Nadu, 600062.",Tiruvallur,PHC,Multi,Govt-MTM,Govt,52,09-08-2021,2021,A1,False,False,False,False,False,False,False,False,False,True,False,False,False,False,False,False,False,False,False,False,True,False,False,False,False,False,False,False,False,False,False,False,False,False,True,False,False,False,False,False,13.1394221,79.9070839,District Center
1559,MA,H_24728,"Govt.UPHC Minjur,Thiruvallur TN.","77G5+QJ9, Bakthavatchalam St, Minjur, Tamil Nadu 601203",Tiruvallur,PHC,Multi,Govt-MTM,Govt,52,09-08-2021,2021,A1,False,False,False,False,False,False,False,False,False,True,False,False,False,False,False,False,False,False,False,False,True,False,False,False,False,False,False,False,False,False,False,False,False,False,True,False,False,False,False,False,13.1573135,79.8512932,Village/Town Center
1594,MA,H_24840,"Govt.UPHC Nemam,Poonamallee,Thiruvallur TN.","32F9+RXH, Nemam, Tamil Nadu 600124",Tiruvallur,PHC,Multi,Govt-MTM,Govt,52,09-08-2021,2021,A1,False,False,False,False,False,False,False,False,False,True,False,False,False,False,False,False,False,False,False,False,True,False,False,False,False,False,False,False,False,False,False,False,False,False,True,False,False,False,False,False,13.1573135,79.8512932,Village/Town Center
1494,MA,H_24536,"Govt.UPHC Perambakkam,Thiruvallur TN.","2RP6+3JW, Perambakkam, Tamil Nadu 631402",Tiruvallur,PHC,Multi,Govt-MTM,Govt,51,23-08-2021,2021,A1,False,False,False,False,False,False,False,False,False,True,False,False,False,False,False,False,False,False,False,False,True,False,False,False,False,False,False,False,False,False,False,False,False,False,True,False,False,False,False,False,13.1573135,79.8512932,Village/Town Center
1558,MA,H_24727,"Govt.UPHC Periyapalayam,Ellapuram,Thiruvallur TN. ","600102, Periyapalayam, Tamil Nadu 600102",Tiruvallur,PHC,Multi,Govt-MTM,Govt,52,09-08-2021,2021,A1,False,False,False,False,False,False,False,False,False,True,False,False,False,False,False,False,False,False,False,False,True,False,False,False,False,False,False,False,False,False,False,False,False,False,True,False,False,False,False,False,13.1573135,79.8512932,Village/Town Center
1564,MA,H_24736,"Govt.UPHC R.K Pet Ammaiyarkuppam,Thiruvallur TN.","5CFF+J87, Ammavarikuppam, Tamil Nadu 631301",Tiruvallur,PHC,Multi,Govt-MTM,Govt,52,09-08-2021,2021,A1,False,False,False,False,False,False,False,False,False,True,False,False,False,False,False,False,False,False,False,False,True,False,False,False,False,False,False,False,False,False,False,False,False,False,True,False,False,False,False,False,13.1573135,79.8512932,Village/Town Center
1563,MA,H_24734,"Govt.UPHC Velliyur,Ikaddu,Thiruvallur TN.","Velliyur, Thiruvallur, SH-114, Chennai Ennore Road, Thiruvallur, Thiruvallur, 602027",Tiruvallur,PHC,Multi,Govt-MTM,Govt,52,09-08-2021,2021,A1,False,False,False,False,False,False,False,False,False,True,False,False,False,False,False,False,False,False,False,False,True,False,False,False,False,False,False,False,False,False,False,False,False,False,True,False,False,False,False,False,13.1394221,79.9070839,District Center
1560,MA,H_24729,"Govt.UPHCathimanjeripet,pallipatu,Thiruvallur TN.","Primary Health Centre Athimanjeripet, Streetate Highway 54, Athimanjeripet, District Thiruvallur, Pallipattu, Tiruvallur District, Tamil Nadu, 631202.",Tiruvallur,PHC,Multi,Govt-MTM,Govt,52,09-08-2021,2021,A1,False,False,False,False,False,False,False,False,False,True,False,False,False,False,False,False,False,False,False,False,True,False,False,False,False,False,False,False,False,False,False,False,False,False,True,False,False,False,False,False,13.1394221,79.9070839,District Center
290,MA,H_26265,"Grand Care Multi spl Hospital, Tiruvallur TN.
","NO.10, THANTHAI PERIYAR SALAI, RAJAJIPURAM",Tiruvallur,Private,Multi,PVT HOSPITAL,Pvt,89,30-07-2025,2025,A6,False,False,False,False,False,False,False,False,True,True,False,True,False,False,False,False,False,False,False,False,False,False,False,True,True,False,False,False,False,False,False,False,False,False,False,False,False,False,False,False,13.1225011,79.9141648,Village/Town Center
297,MA,H_25897,"Holistic Medical Center Hospital, Thiruvallur TN.
","No1 RM Health Avenue, Ayyanallur road, off GPD, Gummidipoondi, Tamil Nadu 601201",Tiruvallur,Private,Multi,PVT HOSPITAL,Pvt,71,08-08-2023,2023,A4,False,False,False,True,False,False,False,False,True,True,False,True,False,False,False,False,False,False,False,False,False,False,False,False,True,False,False,False,False,False,False,False,False,False,False,False,False,False,False,False,13.1573135,79.8512932,Village/Town Center
2157,MA, H_25897,"Holistic Medical Center Hospital, Thiruvallur TN.",,Tiruvallur,Private,Multi,PVT HOSPITAL,Pvt,71,08-08-2023,2023,,False,False,False,False,False,False,False,False,False,False,False,False,False,False,False,False,False,False,False,False,False,False,False,False,False,False,False,False,False,False,False,False,False,False,False,False,False,False,False,False,13.1394221,79.9070839,District Center
311,MA,H_22702,"K.M Multi speciality Hospital, Thiruvallur TN.","no.8 & 9, annai velankanni nagar, madhavaram milk colony road,chennai - 51	",Tiruvallur,Private,Multi,PVT HOSPITAL,Pvt,22,06-08-2018,2018,A5,False,False,False,False,False,False,False,True,True,True,False,False,False,False,False,False,False,False,False,True,False,False,False,False,True,False,False,False,False,False,False,False,False,False,False,True,False,False,False,False,13.1450072,80.2398249,Hospital in TN
326,MA,H_20112,"KHM Hospital, Thiruvallur TN.","NO. 2/1, REDHILLS ROAD, KOLATHUR, RED HILLS RD, UNITED COLONY, VILLIVAKKAM",Tiruvallur,Private,Multi,PVT HOSPITAL,Pvt,5,19-04-2017,2017,A5,False,False,False,False,False,False,False,False,True,True,False,False,False,False,False,False,False,False,False,True,False,False,False,False,False,False,False,False,False,False,False,False,False,False,False,False,False,False,False,False,13.1394221,79.9070839,District Center
340,MA,H_20064,"KVT Multi Speciality Hospitals LLP, Tiruvallur TN.","PLOT NO. 1,2,3, ETHIRAJSAMY SALAI, ERUKKANCHERY, ",Tiruvallur,Private,Multi,PVT HOSPITAL,Pvt,5,19-04-2017,2017,A2,False,True,False,False,False,False,True,True,True,True,False,True,False,False,False,True,False,True,False,True,False,True,False,False,True,False,False,False,False,False,False,True,False,False,False,False,False,False,False,False,13.1394221,79.9070839,District Center
346,MA,H_26135,"Levo Healthcare, Tiruvallur, TN.","No.182, Poonamalle high road, JB Estate, Avadi, Chennai - 600054.",Tiruvallur,Private,Single,PVT HOSPITAL,Pvt,83,30-01-2025,2025,S2,False,False,False,False,False,False,False,False,False,False,False,False,False,False,False,False,False,False,False,True,False,False,False,False,False,False,False,False,False,False,False,False,False,False,False,False,False,False,False,False,13.1261812,80.0155122,Village/Town Center
386,MA,H_23592,"MMRV Hospital, Tiruvallur TN.","No.5/PC 2, Bharathi Salai, Mogappair West, Chennai",Tiruvallur,Private,Multi,PVT HOSPITAL,Pvt,43,30-12-2020,2020,A6,False,False,False,False,False,False,False,False,True,True,False,False,False,False,False,False,False,False,False,False,False,False,False,False,False,False,False,False,True,False,False,True,False,False,False,False,False,False,False,False,13.1394221,79.9070839,District Center
409,MA,H_23601,"Panimalar MC and Research Institute,Tiruvallur TN.","Varadharajapuram, Poonamallee, Chennai",Tiruvallur,Private,Multi,PVT HOSPITAL,Pvt,44,15-02-2021,2021,A4,False,False,False,False,True,False,False,False,True,True,False,True,False,False,False,False,False,False,True,True,False,False,False,True,True,True,True,True,True,False,False,True,False,False,True,True,False,False,False,False,13.1394221,79.9070839,District Center
416,MA,H_26011,"Praja Hospital, Thiruvallur, TN.
",1 B RAGAVAN NAGAR KADAPPA ROAD PUTHAGARAM KOLATHUR CHENNAI,Tiruvallur,Private,Multi,PVT HOSPITAL,Pvt,75,25-04-2024,2024,A2,False,False,False,False,False,False,False,False,True,True,False,True,False,False,False,False,False,False,False,False,False,False,False,False,True,False,False,False,False,False,False,False,False,False,False,False,False,False,False,False,13.1394221,79.9070839,District Center
434,MA,H_23461,"Ravina Health Care Pvt Ltd, Tiruvallur TN.","NO. 99, POONAMALLEE HIGH ROAD, MADURAVOYAL CHENNAI TN 600095 ",Tiruvallur,Private,Multi,PVT HOSPITAL,Pvt,53,18-09-2021,2021,A2,False,False,False,False,False,False,True,False,True,True,True,True,False,False,False,False,False,False,True,True,False,True,False,True,True,True,True,True,True,False,False,True,False,False,True,True,False,False,False,False,13.1394221,79.9070839,District Center
436,MA,H_18843,"RETTERI SRI KUMARAN HOSPITAL, THIRUVALLUR TN.
","NO.1419-A, 200 FEET ROAD, RETTERI JUNCTION, BEHIND PETROL PUMP, KOLATHUR,",Tiruvallur,Private,Multi,PVT HOSPITAL,Pvt,5,19-04-2017,2017,A4,False,False,True,False,True,False,False,False,True,True,False,True,False,False,False,False,False,False,False,True,True,False,False,True,False,False,False,False,True,False,False,True,False,False,False,False,True,False,False,False,13.1394221,79.9070839,District Center
442,MA,H_22867,"RPS Hospital, Korattur North, Thiruvallur TN.
","65/2, Water Canal Rd, TVS Nagar, Korattur, Chennai",Tiruvallur,Private,Multi,PVT HOSPITAL,Pvt,31,13-05-2019,2019,A6,False,True,False,True,True,False,True,True,True,True,True,False,False,True,False,False,False,False,False,True,True,False,False,False,True,False,False,True,False,False,False,True,False,False,False,False,False,False,False,False,13.1909962,80.0296244,Village/Town Center
459,MA,H_22684,"Saveetha Dental Coll and Hospital, Thiruvallur TN.
","162, P.H Road, VelappanChavadi",Tiruvallur,Private,Multi,PVT HOSPITAL,Pvt,21,16-07-2018,2018,A6,False,False,False,False,False,False,False,False,False,False,False,False,False,False,False,False,False,False,False,False,False,False,True,False,False,False,False,False,True,False,False,False,True,False,False,False,False,False,False,False,13.1394221,79.9070839,District Center
479,MA,H_23546,"Sir Ivan Stedeford Hospital, Thiruvallur TN.
","C.T.H. ROAD, AMBATTUR",Tiruvallur,Private,Multi,PVT HOSPITAL,Pvt,66,24-02-2023,2023,A5,False,False,False,False,False,False,True,False,False,True,False,True,False,False,False,True,False,False,False,True,False,False,False,False,False,False,False,False,False,False,False,False,False,False,False,False,False,False,False,False,13.1394221,79.9070839,District Center
2156,MA,H_23546 ,"Sir Ivan Stedeford Hospital, Thiruvallur TN.",,Tiruvallur,Private,Multi,PVT HOSPITAL,Pvt,66,24-02-2023,2023,,False,False,False,False,False,False,False,False,False,False,False,False,False,False,False,False,False,False,False,False,False,False,False,False,False,False,False,False,False,False,False,False,False,False,False,False,False,False,False,False,13.1394221,79.9070839,District Center
2084,MA,H_22550,"Smart Sensory Kids Tng Ctr, Autism, Tiruvallur TN.",,Tiruvallur,Private,Autism ,PVT AUTISM,Pvt,16,14-03-2018,2018,,False,False,False,False,False,False,False,False,False,False,False,False,False,False,False,False,False,False,False,False,False,False,False,False,False,False,False,False,False,False,False,False,False,False,False,False,False,False,False,False,13.1394221,79.9070839,District Center
500,MA,H_24224,"Sri Lalithambigai Medical College,Tiruvallur TN.
","Adayalampattu, Maduravoyal service road,",Tiruvallur,Private,Multi,PVT HOSPITAL,Pvt,56,13-01-2022,2022,A4,False,True,False,True,True,False,False,False,True,True,True,True,False,False,False,False,False,False,False,True,False,False,False,True,True,True,True,True,True,False,True,True,False,False,False,True,False,True,True,True,13.1394221,79.9070839,District Center
514,MA,H_25751,"Sri Venkateshwaraa Medcity Med Col,Thiruvallur TN.
","NO: 51 , G.N.T Road, Nallur ,Near Redhills Toll Plaza Chennai 600067",Tiruvallur,Private,Multi,PVT HOSPITAL,Pvt,64,06-12-2022,2022,A4,False,False,False,False,False,False,False,False,True,True,False,True,False,False,False,False,False,False,False,True,False,False,False,False,True,False,False,True,False,False,False,False,False,False,False,False,False,False,False,False,13.1394221,79.9070839,District Center
2146,MA,H_25751 ,"Sri Venkateshwaraa Medcity Med Col,Thiruvallur TN.",,Tiruvallur,Private,Multi,PVT HOSPITAL,Pvt,64,06-12-2022,2022,,False,False,False,False,False,False,False,False,False,False,False,False,False,False,False,False,False,False,False,False,False,False,False,False,False,False,False,False,False,False,False,False,False,False,False,False,False,False,False,False,13.1394221,79.9070839,District Center
529,MA,H_18297,"Sugam Hospital, Thiruvallur TN.","NO. 349,THIRUVOTRIYUR HIGH ROAD, THIRUVOTRIYUR, ",Tiruvallur,Private,Multi,PVT HOSPITAL,Pvt,4,12-04-2017,2017,A1,False,True,True,False,True,False,True,False,True,True,False,True,False,False,False,True,False,False,False,True,True,True,False,True,True,False,False,False,True,False,False,True,False,False,False,True,True,False,True,True,13.414053,80.12703,Exact Hospital
541,MA,H_22439,"Tanker Foudn Dialysis,Tiruverkadu, Thiruvallur TN.","TANKER FOUDN DIALYSIS,TIRUVERKADU, THIRUVALLUR TN.",Tiruvallur,Private,Single,PVT HOSPITAL,Pvt,14,19-12-2017,2017,S2,False,False,False,False,False,False,False,False,False,False,False,False,False,False,False,False,False,False,False,True,False,False,False,False,False,False,False,False,False,False,False,False,False,False,False,False,False,False,False,False,13.1394221,79.9070839,District Center
542,MA,H_20053,"TANKER FOUNDATION DIALYSIS CENTRE ,THIRUVALLUR TN.","AMBATTUR ESTATE RD, GAINGAIAMMAANNAGAR, NATARAJAN NAGAR, ANNA NAGAR WEST",Tiruvallur,Private,Single,PVT HOSPITAL,Pvt,2,27-03-2017,2017,S2,False,False,False,False,False,False,False,False,False,False,False,False,False,False,False,False,False,False,False,True,False,False,False,False,False,False,False,False,False,False,False,False,False,False,False,False,False,False,False,False,13.1394221,79.9070839,District Center
543,MA,H_25795,"Tanker Foundation, Porur, Thiruvallur TN.","2/1, Chettiyar Agaram Main Road, Porur Chennai",Tiruvallur,Private,Single,PVT HOSPITAL,Pvt,66,24-02-2023,2023,S2,False,False,False,False,False,False,False,False,False,False,False,False,False,False,False,False,False,False,False,True,False,False,False,False,False,False,False,False,False,False,False,False,False,False,False,False,False,False,False,False,13.1394221,79.9070839,District Center
550,MA,H_18619,"The Madras Medical Mission, Thiruvallur TN.","4-A, DR. J. JAYALALITHA NAGAR, MOGAPPAIR,",Tiruvallur,Private,Multi,PVT HOSPITAL,Pvt,2,27-03-2017,2017,A1 + 20%,False,True,True,True,True,True,True,True,True,True,True,True,True,True,True,True,False,True,True,True,True,True,True,True,True,True,True,True,True,False,True,True,True,True,True,True,True,True,True,True,13.1394221,79.9070839,District Center
563,MA,H_24069,"Vels MC Hospital, Manjankaranai, Tiruvallur TN.
","Under VISTAS(Deemed to be University) 12/123, Velan Nagar, Periyapalayam Road, Manjankaranai Village",Tiruvallur,Private,Multi,PVT HOSPITAL,Pvt,58,28-04-2022,2022,A4,False,True,True,True,True,False,False,False,True,True,True,True,False,False,False,False,False,False,False,True,False,False,False,True,True,True,True,True,False,False,False,False,False,False,False,False,False,False,False,False,13.1909962,80.0296244,Village/Town Center
170,MA,H_26250,"Amudham Hospital, Tiruvannamalai, TN.","1/1A, TS No: 1826/48, THANDARAMPET MAIN ROAD",Tiruvannamalai,Multi,Multi,PVT HOSPITAL,Pvt,88,25-06-2025,2025,A5,False,False,False,False,False,False,False,False,True,True,False,True,False,False,False,False,False,False,False,True,False,False,False,False,True,False,False,False,False,False,False,False,False,False,False,False,False,False,False,False,12.4289282,78.99915,District Center
200,MA,H_23715,"Arunai hospital,Tiruvannamalai TN.","VELUNAGAR, THENMATHUR, TIRUVANNAMALAI",Tiruvannamalai,Private,Multi,PVT HOSPITAL,Pvt,53,18-09-2021,2021,A2,False,True,True,False,False,False,True,False,True,True,True,True,False,False,False,True,False,False,False,True,False,False,False,True,True,False,True,True,True,False,False,True,False,False,True,False,True,False,False,False,12.4289282,78.99915,District Center
2090,MA,H_22476,"DEIC, Tiruvannamalai TN.",,Tiruvannamalai,DEIC,DEIC,DEIC,Govt,15,02-05-2018,2018,,False,False,False,False,False,False,False,False,False,False,False,False,False,False,False,False,False,False,False,False,False,False,False,False,False,False,False,False,False,False,False,False,False,False,False,False,False,False,False,False,12.4289282,78.99915,District Center
2091,MA,H_22515,"District Diff.abled welfare off,Tiruvannamalai TN.",,Tiruvannamalai,DDWO,DDWO,DDWO,Govt,15,02-05-2018,2018,,False,False,False,False,False,False,False,False,False,False,False,False,False,False,False,False,False,False,False,False,False,False,False,False,False,False,False,False,False,False,False,False,False,False,False,False,False,False,False,False,12.4289282,78.99915,District Center
109,MA,H_22582,"Govt Hospital, Chengam, Tiruvannamalai TN.","NEAR ALC CHURCH, MAIN ROAD, CHENGAM ,THIRUVANNAMALAI  - 606701",Tiruvannamalai,Sub-district Hospital,Multi,Govt-DMS,Govt,15,05-02-2018,2018,A1,False,True,True,True,True,True,True,True,True,True,True,True,True,True,True,True,True,True,True,True,True,True,True,True,True,True,True,True,True,False,True,True,True,False,True,True,True,True,True,True,12.2014278,78.8977477,Exact Hospital
110,MA,H_22703,"Govt Hospital, Chetpet, Tiruvannamalai TN.","Polur Road, Chetpet, Tiruvannamalai - 606801",Tiruvannamalai,Sub-district Hospital,Multi,Govt-DMS,Govt,22,06-08-2018,2018,A1,False,True,True,True,True,True,True,True,True,True,True,True,True,True,True,True,True,True,True,True,True,True,True,True,True,True,True,True,True,False,True,True,True,False,True,True,True,True,True,True,12.4663281,79.3495034,Exact Hospital
140,MA,H_25711,"Govt Hospital, Thandarampet,Thiruvannamalai TN.","2cbtdn, Tiruvannamalai Road, Kambattu, Thandrampet, Tiruvannamalai District, Tamil Nadu, 606753",Tiruvannamalai,Sub-district Hospital,Multi,Govt-DMS,Govt,61,25-07-2022,2022,A1,False,True,True,True,True,True,True,True,True,True,True,True,True,True,True,True,True,True,True,True,True,True,True,True,True,True,True,True,True,False,True,True,True,False,True,True,True,True,True,True,12.1183646,79.0065968,Village/Town Center
138,MA,H_24423,"Govt Hospital,Polur,Tiruvannamalai TN.","govt hospital polur,tiruvannamalai",Tiruvannamalai,Sub-district Hospital,multi,Govt-DMS,Govt,50,30-07-2021,2021,A1,False,True,True,True,True,True,True,True,True,True,True,True,True,True,True,True,True,True,True,True,True,True,True,True,True,True,True,True,True,False,True,True,True,False,True,True,True,True,True,True,12.5049972,79.6134707,Exact Hospital
77,MA,H_18870,"Govt. Arani Hospital, Tiruvannmalai TN.","Periyar Nagar , Arani.Thiruvannamalai Dt, 632301",Tiruvannamalai,Sub-district Hospital,Multi,Govt-DMS,Govt,1,20-03-2017,2017,A1,False,True,True,True,True,True,True,True,True,True,True,True,True,True,True,True,True,True,True,True,True,True,True,True,True,True,True,True,True,False,True,True,True,False,True,True,True,True,True,True,12.669222,79.2859986,Village/Town Center
78,MA,H_18871,"Govt. Head Qrtrs Hosp, Cheyyar, Tiruvannmalai TN.","Arcort road,near State Bank,Cheyyar,Thiruvannamalai Dt,604407",Tiruvannamalai,District Hospital,Multi,Govt-DMS,Govt,1,20-03-2017,2017,A1,False,True,True,True,True,True,True,True,True,True,True,True,True,True,True,True,True,True,True,True,True,True,True,True,True,True,True,True,True,False,True,True,True,False,True,True,True,True,True,True,12.665952,79.5238126,Village/Town Center
79,MA,H_19493,"Govt. Hospital Vandavasi Thiruvannamalai,TN.","Melmaruvathur Road,Vanthavasi,Thiruvannamalai Dt,604408",Tiruvannamalai,Sub-district Hospital,Multi,Govt-DMS,Govt,1,20-03-2017,2017,A1,False,True,True,True,True,True,True,True,True,True,True,True,True,True,True,True,True,True,True,True,True,True,True,True,True,True,True,True,True,False,True,True,True,False,True,True,True,True,True,True,12.5204058,79.6194778,Village/Town Center
150,MA,H_25825,"Govt. Hospital, Thanipadi, Thiruvannamalai TN.","THANIPADI,THANDRAMPET TALUK,TIRUVANNAMALAI DISTRICT",Tiruvannamalai,Sub-district Hospital,Multi,Govt-DMS,Govt,67,28-03-2023,2023,A1,False,True,True,True,True,True,True,True,True,True,True,True,True,True,True,True,True,True,True,True,True,True,True,True,True,True,True,True,True,False,True,True,True,False,True,True,True,True,True,True,12.4289282,78.99915,District Center
149,MA,H_25824,"Govt. Hospital, Vembakkam, Thiruvannamalai TN.",GOVT HOSPITAL ARNI PETTAL STREET VEMBAKKAM VEMBAKKAM TK,Tiruvannamalai,Sub-district Hospital,Multi,Govt-DMS,Govt,67,28-03-2023,2023,A1,False,True,True,True,True,True,True,True,True,True,True,True,True,True,True,True,True,True,True,True,True,True,True,True,True,True,True,True,True,False,True,True,True,False,True,True,True,True,True,True,12.4289282,78.99915,District Center
80,MA,H_18504,"Govt. Medical Coll and Hosp, Tiruvannamalai TN.","venkikal,Thiruvannamalai ,606601",Tiruvannamalai,Medical College Hospital ,Multi,Govt-DME,Govt,1,20-03-2017,2017,A1,False,True,True,True,True,True,True,True,True,True,True,True,True,True,True,True,True,True,True,True,True,True,True,True,True,True,True,True,True,False,True,True,True,False,True,True,True,True,True,True,12.2495758,79.0771784,Village/Town Center
151,MA,H_25854,"Govt.Hospital, Kalasapakkam,Thiruvannamalai TN.","Govt Hospital, Kalasapakkam ,Thiruvannamalai",Tiruvannamalai,Sub-district Hospital,Multi,Govt-DMS,Govt,69,12-05-2023,2023,A1,False,True,True,True,True,True,True,True,True,True,True,True,True,True,True,True,True,True,True,True,True,True,True,True,True,True,True,True,True,False,True,True,True,False,True,True,True,True,True,True,12.4955349,78.9522193,Village/Town Center
1465,MA,H_24464,"Govt.Upgraded CHC,Keelpennathur,Tiruvannamalai TN. ","54/1 , Kilpennathur , Tiruvannamalai - 604601
Near Government Matriculation School
Hospital, Tiruvannamalai, Kilpennathur",Tiruvannamalai,CHC,Multi,Govt-MTM,Govt,51,19-08-2021,2021,A1,False,False,False,False,False,False,False,False,False,False,False,False,False,False,False,False,False,False,False,False,True,False,False,False,False,False,False,False,False,False,False,False,False,False,True,False,False,False,False,False,12.4289282,78.99915,District Center
287,MA,H_18636,"Grace And Compassion Hosp,Tiruvannamalai TN.",57 Anna Salai Tiruvannamalai,Tiruvannamalai,Private,Multi,PVT HOSPITAL,Pvt,4,12-04-2017,2017,A6,False,False,False,False,False,False,False,False,True,False,False,False,False,False,False,False,False,False,False,True,False,False,False,False,False,False,False,False,False,False,False,False,False,False,False,False,False,False,False,False,12.2360625,79.0811013,Exact Hospital
1565,MA,H_24748,"GUPHC, Cheyyar, Navalpakkam, Thiruvannamalai TN.","Govt. Primary Health Centre Navalpakkam, Tiruvannamalai District",Tiruvannamalai,PHC,Multi,Govt-MTM,Govt,52,06-09-2021,2021,A1,False,False,False,False,False,False,False,False,False,False,False,False,False,False,False,False,False,False,False,False,True,False,False,False,False,False,False,False,False,False,False,False,False,False,True,False,False,False,False,False,12.4289282,78.99915,District Center
1522,MA,H_24628,"GUPHC, Cheyyar, Thellar, Tiruvannamalai TN.","Govt.Upgraded PHC,Thellar to Desur Road,Thellar vill & post,vandavasi Tk,Tiruvannamalai Dist",Tiruvannamalai,PHC,Multi,Govt-MTM,Govt,51,19-08-2021,2021,A1,False,False,False,False,False,False,False,False,False,True,False,False,False,False,False,False,False,False,False,False,True,False,False,False,False,False,False,False,False,False,False,False,False,False,True,False,False,False,False,False,12.4289282,78.99915,District Center
1567,MA,H_24750,"GUPHC, Jamunamarathur, Thiruvannamalai TN. ","UGGPHC, JAMUNAMARATHUR, JAMUNAMARTHUR POST & TALUK, TIRUVANNAMALAI DIST.",Tiruvannamalai,PHC,Multi,Govt-MTM,Govt,52,06-09-2021,2021,A1,False,False,False,False,False,False,False,False,False,True,False,False,False,False,False,False,False,False,False,False,True,False,False,False,False,False,False,False,False,False,False,False,False,False,True,False,False,False,False,False,12.4289282,78.99915,District Center
1566,MA,H_24749,"GUPHC, Peramanallur, Kolapalur,Thiruvannamalai TN.","Govt. Upgraded PHC, Dharmaraja Koil Street, Peranamallur, Thiruvanamalai Dr.604 503",Tiruvannamalai,PHC,Multi,Govt-MTM,Govt,52,06-09-2021,2021,A1,False,False,False,False,False,False,False,False,False,False,False,False,False,False,False,False,False,False,False,False,True,False,False,False,False,False,False,False,False,False,False,False,False,False,True,False,False,False,False,False,12.56506,79.435111,Village/Town Center
1523,MA,H_24630,"GUPHC, Vandavasi, Tiruvannamalai TN.","Govt.Upgraded PHC,Road street,Vazhur Vill & Post,Vandavasi TK,Tiruvannamalai Dist",Tiruvannamalai,PHC,Multi,Govt-MTM,Govt,51,19-08-2021,2021,A1,False,False,False,False,False,False,False,False,False,True,False,False,False,False,False,False,False,False,False,False,True,False,False,False,False,False,False,False,False,False,False,False,False,False,True,False,False,False,False,False,12.4289282,78.99915,District Center
1612,MA,H_24958,"GUPHC,Akkur,Anakavur,Cheyyar,Tiruvannamalai,TN.","Govt.Upgraded CHC,Road street,Akkur Vill & Post,Cheyyar TK,Tiruvannamalai Dist",Tiruvannamalai,PHC,Multi,Govt-MTM,Govt,55,12-11-2021,2021,A1,False,False,False,False,False,False,False,False,False,True,False,False,False,False,False,False,False,False,False,False,True,False,False,False,False,False,False,False,False,False,False,False,False,False,True,False,False,False,False,False,12.4289282,78.99915,District Center
1619,MA,H_24967,"GUPHC,Arani-west,Thatchur,Cheyyar,Tvm,TN.","Arni Road, Thatchur Village,NEAR ANNA ENGINEERING COLLEGE,West Arni,Arni Tk,Tiruvannamalai Dt",Tiruvannamalai,PHC,Multi,Govt-MTM,Govt,55,12-11-2021,2021,A1,False,False,False,False,False,False,False,False,False,True,False,False,False,False,False,False,False,False,False,False,True,False,False,False,False,False,False,False,False,False,False,False,False,False,True,False,False,False,False,False,12.4289282,78.99915,District Center
1627,MA,H_24998,"GUPHC,Kadaladi,Kalasapakkam,Tvm,TN.","Main Road,Kadaladi Village, Kalasapakkam Taluk, Tiruvannamalai",Tiruvannamalai,PHC,Multi,Govt-MTM,Govt,55,12-11-2021,2021,A1,False,False,False,False,False,False,False,False,False,True,False,False,False,False,False,False,False,False,False,False,True,False,False,False,False,False,False,False,False,False,False,False,False,False,True,False,False,False,False,False,12.4289282,78.99915,District Center
1629,MA,H_25000,"GUPHC,Karapattu,Pudupalayam,Tvm,TN.","Banu Nagar Rice Mill Opp UGPHC, Karapattu Chengam Tk, Tiruvannamalai DT.",Tiruvannamalai,PHC,Multi,Govt-MTM,Govt,55,12-11-2021,2021,A1,False,False,False,False,False,False,False,False,False,True,False,False,False,False,False,False,False,False,False,False,True,False,False,False,False,False,False,False,False,False,False,False,False,False,True,False,False,False,False,False,12.4289282,78.99915,District Center
1620,MA,H_24972,"GUPHC,Kattampoondi,Tiruvanamalai,TN","Manalurpet Main Road,Kattampoondi Village,Tiruvannamalai Tk,Tiruvannamalai Dt",Tiruvannamalai,PHC,Multi,Govt-MTM,Govt,55,12-11-2021,2021,A1,False,False,False,False,False,False,False,False,False,True,False,False,False,False,False,False,False,False,False,False,True,False,False,False,False,False,False,False,False,False,False,False,False,False,True,False,False,False,False,False,12.4289282,78.99915,District Center
1617,MA,H_24964,"GUPHC,Kommanandhal,Chetpet,Tiruvanamalai,TN","Chetpet To Polur Main Road, Kommanandhal Village,Pulivanandhal Post, Polur Tk",Tiruvannamalai,PHC,Multi,Govt-MTM,Govt,55,12-11-2021,2021,A1,False,False,False,False,False,False,False,False,False,True,False,False,False,False,False,False,False,False,False,False,True,False,False,False,False,False,False,False,False,False,False,False,False,False,True,False,False,False,False,False,12.4289282,78.99915,District Center
1616,MA,H_24962,"GUPHC,Mangalam,Thurinjapuram,Tiruvanamalai,TN","Avalurpet Main road, UPHC,Mangalam, Thiruvannamalai TK & DT",Tiruvannamalai,PHC,Multi,Govt-MTM,Govt,55,12-11-2021,2021,A1,False,False,False,False,False,False,False,False,False,True,False,False,False,False,False,False,False,False,False,False,True,False,False,False,False,False,False,False,False,False,False,False,False,False,True,False,False,False,False,False,12.3289428,79.177718,Village/Town Center
1615,MA,H_24961,"GUPHC,Melpallipattu,Chengam,Tiruvanamalai,TN","Neepathurai Main road, UGGPHC Melpallipattu",Tiruvannamalai,PHC,Multi,Govt-MTM,Govt,55,12-11-2021,2021,A1,False,False,False,False,False,False,False,False,False,True,False,False,False,False,False,False,False,False,False,False,True,False,False,False,False,False,False,False,False,False,False,False,False,False,True,False,False,False,False,False,12.4289282,78.99915,District Center
1613,MA,H_24959,"GUPHC,Nammiyampattu,Jamnamarathur,Tiruvanamalai,TN","UGGPHC, NAMMIYAMPATTU, JAMUNAMARTHUR POST & TALUK, TIRUVANNAMALAI DIST.",Tiruvannamalai,PHC,Multi,Govt-MTM,Govt,55,12-11-2021,2021,A1,False,False,False,False,False,False,False,False,False,True,False,False,False,False,False,False,False,False,False,False,True,False,False,False,False,False,False,False,False,False,False,False,False,False,True,False,False,False,False,False,12.4289282,78.99915,District Center
1614,MA,H_24960,"GUPHC,Peramanallur,Cheyyar,Tiruvannamalai,TN."," Govt. Primary Health Centre Peranamallur, Tiruvannamalai District",Tiruvannamalai,PHC,Multi,Govt-MTM,Govt,55,12-11-2021,2021,A1,False,False,False,False,False,False,False,False,False,True,False,False,False,False,False,False,False,False,False,False,True,False,False,False,False,False,False,False,False,False,False,False,False,False,True,False,False,False,False,False,12.4289282,78.99915,District Center
1628,MA,H_24999,"GUPHC,Polur,Kalambur,Tvm,TN.","Railway Station Road,Kalambur, Polur Tk,Tiruvannamalai Dt",Tiruvannamalai,PHC,Multi,Govt-MTM,Govt,55,12-11-2021,2021,A1,False,False,False,False,False,False,False,False,False,True,False,False,False,False,False,False,False,False,False,False,True,False,False,False,False,False,False,False,False,False,False,False,False,False,True,False,False,False,False,False,12.4289282,78.99915,District Center
1618,MA,H_24966,"GUPHC,S.V.Nagaram,Arani-East,Cheyyar,Tvm TN.","Hospital Street, S.V.Nagaram, Arni Taluk, Thiruvannamalai District",Tiruvannamalai,PHC,Multi,Govt-MTM,Govt,55,12-11-2021,2021,A1,False,False,False,False,False,False,False,False,False,True,False,False,False,False,False,False,False,False,False,False,True,False,False,False,False,False,False,False,False,False,False,False,False,False,True,False,False,False,False,False,12.4289282,78.99915,District Center
1611,MA,H_24957,"GUPHC,SE.Gudalore,Thandarampet,tiruvanamalai,TN","Radhapuram main road,se - Gudalore village, serapapattu post, thandrampatu thalu, Thiruvannamalai dt.",Tiruvannamalai,PHC,Multi,Govt-MTM,Govt,55,12-11-2021,2021,A1,False,False,False,False,False,False,False,False,False,True,False,False,False,False,False,False,False,False,False,False,True,False,False,False,False,False,False,False,False,False,False,False,False,False,True,False,False,False,False,False,12.4289282,78.99915,District Center
1636,MA,H_25034,"GUPHC,Vembakkam,Perungattur,Cheyyar,Tvm,TN.","Main Road, Near Govt. Boys HSC School.Perungattur Village,Vembakkam Taluk,Tiruvannamalai Dt.",Tiruvannamalai,PHC,Multi,Govt-MTM,Govt,55,12-11-2021,2021,A1,False,False,False,False,False,False,False,False,False,False,False,False,False,False,False,False,False,False,False,False,True,False,False,False,False,False,False,False,False,False,False,False,False,False,True,False,False,False,False,False,12.4289282,78.99915,District Center
1610,MA,H_24956,"GUPHC,vettavalam,keelpennathur,tiruvanamalai,TN","Tirukovilur road, vettavalam post, kilpennathur taluk, Tiruvannamalai..",Tiruvannamalai,PHC,Multi,Govt-MTM,Govt,55,12-11-2021,2021,A1,False,False,False,False,False,False,False,False,False,True,False,False,False,False,False,False,False,False,False,False,True,False,False,False,False,False,False,False,False,False,False,False,False,False,True,False,False,False,False,False,12.4289282,78.99915,District Center
2120,MA,H_24461,"Krishna MRI and CT, Tiruvannamalai DC.",,Tiruvannamalai,Private,PVT-STANDALONE,DC PVT-STANDALONE,Pvt,51,19-08-2021,2021,,False,False,False,False,False,False,False,False,False,False,False,False,False,False,False,False,False,False,False,False,False,False,False,False,False,False,False,False,False,False,False,False,False,False,False,False,False,False,False,False,12.4289282,78.99915,District Center
427,MA,H_21988,"Raj Hospital, Tiruvannamalai TN.","NO.10/7C MANNU PILLAI NAGAR,PEY GOPURAM FIRST STREET",Tiruvannamalai,Private,Multi,PVT HOSPITAL,Pvt,1,20-03-2017,2017,A6,False,False,True,False,True,False,False,False,False,True,True,True,False,False,False,False,False,False,False,False,True,False,False,True,False,False,False,False,True,False,False,False,False,False,False,False,True,False,False,False,12.4289282,78.99915,District Center
428,MA,H_24414,"Rajam Nursing Home,Tiruvannamalai TN.","NO:24,SANNATHI STREET, TIRUVANNAMALAI",Tiruvannamalai ,Private,Multi,PVT HOSPITAL,Pvt,50,30-07-2021,2021,,False,False,False,False,False,False,False,False,False,False,False,False,False,False,False,False,False,False,False,False,False,False,False,False,False,False,False,False,False,False,False,False,False,False,False,False,False,False,False,False,12.2308583,79.0726344,Exact Hospital
430,MA,H_18453,"Ramana Maharishi Hospital, Thiruvannamalai TN.","SHIVA NAGAR ATHIYANDAL VILLAGE, AYYAMPALAYAM POST",Tiruvannamalai,Private,Multi,PVT HOSPITAL,Pvt,1,20-03-2017,2017,A3,False,False,True,False,True,False,False,False,True,True,True,True,False,False,False,False,False,False,False,True,True,False,False,True,True,False,False,False,True,False,False,False,False,False,False,True,True,False,False,True,12.2260242,79.0262166,Exact Hospital
440,MA,H_25828,"Rotary Dialysis Centre, Thiruvannamalai TN.","OLD GOVERNMENT HOSPITAL CHENGAM ROAD, TIRUVANNAMALAI",Tiruvannamalai,Private,Single,PVT HOSPITAL,Pvt,67,28-03-2023,2023,S2,False,False,False,False,False,False,False,False,False,False,False,False,False,False,False,False,False,False,False,True,False,False,False,False,False,False,False,False,False,False,False,False,False,False,False,False,False,False,False,False,12.4289282,78.99915,District Center
2025,MA,H_22426,"Royal Scans, Thiruvannamalai DC.",,Tiruvannamalai,Private,PVT-STANDALONE,DC PVT-STANDALONE,Pvt,13,07-11-2017,2017,,False,False,False,False,False,False,False,False,False,False,False,False,False,False,False,False,False,False,False,False,False,False,False,False,False,False,False,False,False,False,False,False,False,False,False,False,False,False,False,False,12.4289282,78.99915,District Center
445,MA,H_24411,"S.S Hospital,Tiruvannamalai TN.","No. 19, Mathalangulam street, Tiruvannamalai 606 601",Tiruvannamalai,Private,Multi,PVT HOSPITAL,Pvt,50,30-07-2021,2021,A5,False,False,False,False,False,False,False,False,False,True,True,True,False,False,False,False,False,False,False,False,False,False,False,False,True,False,False,False,False,False,False,False,False,False,False,False,False,False,False,True,12.4289282,78.99915,District Center
2121,MA,H_25059,"Shivaa Scans,Tiruvannamalai,DC.",,Tiruvannamalai,Private,PVT-STANDALONE,DC PVT-STANDALONE,Pvt,55,12-11-2021,2021,,False,False,False,False,False,False,False,False,False,False,False,False,False,False,False,False,False,False,False,False,False,False,False,False,False,False,False,False,False,False,False,False,False,False,False,False,False,False,False,False,12.4289282,78.99915,District Center
523,MA,H_20717,StThomas Hosp and Leprosy Centre ThiruvanamalaiTN.,NIRMALA NAGAR POLUR ROAD CHETPET,Tiruvannamalai,Private,Multi,PVT HOSPITAL,Pvt,1,20-03-2017,2017,A3,False,False,True,True,True,False,True,False,True,True,True,False,False,False,False,False,False,False,False,True,True,False,False,True,True,False,False,False,True,False,False,False,False,False,False,False,True,False,False,True,12.4289282,78.99915,District Center
2176,MA,H_26140,"Sugam Scans, Tiruvannamalai, DC.",,Tiruvannamalai,Private,PVT-STANDALONE,DC PVT-STANDALONE,Pvt,84,26-02-2025,2025,,False,False,False,False,False,False,False,False,False,False,False,False,False,False,False,False,False,False,False,False,False,False,False,False,False,False,False,False,False,False,False,False,False,False,False,False,False,False,False,False,12.4289282,78.99915,District Center
536,MA,H_26108,"Suriyan Hospital LLP, Tirvannamalai, TN.","9-B,5th STREET,GANDHI NAGAR",Tiruvannamalai,Private,Multiple,PVT HOSPITAL,Pvt,81,04-12-2024,2024,A6,False,False,False,False,True,False,False,False,True,True,False,False,False,False,False,False,False,False,False,True,False,False,False,False,True,False,False,False,False,False,False,False,False,False,False,True,False,False,False,False,12.2304058,79.0686393,Village/Town Center
573,MA,H_18641,"Vivekananda Eye Hospital,Tiruvannamalai TN.","#34F/10, Vanatharaya Paalaya Street, Vettavalam Road, TIRUVANNAMALAI Post, Tk. & Dt.",Tiruvannamalai,Private,Single,PVT HOSPITAL,Pvt,5,19-04-2017,2017,S2,False,False,False,False,False,False,True,False,False,False,False,False,False,False,False,False,False,False,False,False,False,False,False,True,False,False,False,False,False,False,False,False,False,False,False,False,False,False,False,False,12.2252823,79.0812448,Exact Hospital
1126,MDI,H_18367,"Arun Medical Centre,Thiruvarur TN.","84, North Main Street,  Thiruavrur",Tiruvarur,PVT HOSPITAL,Multi,PVT,PVT,1,20-03-2017,2017,A4,False,False,False,False,False,False,True,False,True,True,True,True,False,False,True,False,False,False,False,False,False,False,False,False,True,False,False,False,False,False,False,False,False,False,False,True,False,False,False,True,10.77695,79.636706,Hospital in TN
2193,MDI,H_22386,"Bharathamatha Special School,Autism,Tiruvarur TN.",,Tiruvarur,Private,Multi,PVT AUTISM,Pvt,10,21-08-2017,2017,,False,False,False,False,False,False,False,False,False,False,False,False,False,False,False,False,False,False,False,False,False,False,False,False,False,False,False,False,False,False,False,False,False,False,False,False,False,False,False,False,10.9075755,79.4490857,District Center
1857,MDI,H_24700,"Govt Adiyakkamangalam UPHC, Tiruvarur TN.","Adiyakkamangalam,Thiruvarur",Tiruvarur,Govt- MTM,Multi,Govt,Govt,51,19-08-2021,2021,A1,False,False,False,False,False,False,False,False,False,True,False,False,False,False,False,False,False,False,False,False,True,False,False,False,False,False,False,False,False,False,False,False,False,False,True,False,False,False,False,False,10.9075755,79.4490857,District Center
1858,MDI,H_24701,"Govt Alangudi UPHC, Valangaiman, Tiruvarur TN.","Alangudi,Valangaiman,Thiruvarur",Tiruvarur,Govt- MTM,Multi,Govt,Govt,51,19-08-2021,2021,A1,False,False,False,False,False,False,False,False,False,True,False,False,False,False,False,False,False,False,False,False,True,False,False,False,False,False,False,False,False,False,False,False,False,False,True,False,False,False,False,False,10.9075755,79.4490857,District Center
1856,MDI,H_24699,"Govt Alathambadi UPHC,Tiruvarur TN.","Alathambadi,Thiruthuraipoondi,Thiruvarur",Tiruvarur,Govt- MTM,Multi,Govt,Govt,51,19-08-2021,2021,A1,False,False,False,False,False,False,False,False,False,True,False,False,False,False,False,False,False,False,False,False,True,False,False,False,False,False,False,False,False,False,False,False,False,False,True,False,False,False,False,False,10.9075755,79.4490857,District Center
1149,MDI,H_23005,"Govt hospital Kodavasal,Tiruvarur TN.","Govt Hospital Kodavasal Atthikadai, Kudavasal, Thiruvarur District,Tamil Nadu,Pin  612601 
",Tiruvarur,GOVT-DMS,Multi,GOVT,GOVT,33,07-11-2019,2019,A1,False,True,True,True,True,True,True,True,True,True,True,True,True,True,True,True,True,True,True,True,True,True,True,True,True,True,True,True,True,False,True,True,True,False,True,True,True,True,True,True,10.86329,79.478602,Exact Hospital
1152,MDI,H_23008,"Govt hospital Koothannallur,Tiruvarur TN.","Hospital Lane, Koothanallur, Thiruvarur District ,Tamil Nadu 
Pin 614102
",Tiruvarur,GOVT-DMS,Multi,GOVT,GOVT,33,07-11-2019,2019,A1,False,True,True,True,True,True,True,True,True,True,True,True,True,True,True,True,True,True,True,True,True,True,True,True,True,True,True,True,True,False,True,True,True,False,True,True,True,True,True,True,10.9075755,79.4490857,District Center
1150,MDI,H_23006,"Govt hospital Needamangalam,Tiruvarur TN.","Hospital Road , Needamangalm , Thiruvarur District , Tamil Nadu 
Pin, 614404,
",Tiruvarur,GOVT-DMS,Multi,GOVT,GOVT,33,07-11-2019,2019,A1,False,True,True,True,True,True,True,True,True,True,True,True,True,True,True,True,True,True,True,True,True,True,True,True,True,True,True,True,True,False,True,True,True,False,True,True,True,True,True,True,10.7114932,79.5108311,Exact Hospital
1151,MDI,H_23007,"Govt hospital Valangiman,Tiruvarur TN.","Govt Hospital, Aalangudi Road, Valangaiman, Thiruvarur District , Tamil Nadu,Pin:612804
",Tiruvarur,GOVT-DMS,Multi,GOVT,GOVT,33,07-11-2019,2019,A1,False,True,True,True,True,True,True,True,True,True,True,True,True,True,True,True,True,True,True,True,True,True,True,True,True,True,True,True,True,False,True,True,True,False,True,True,True,True,True,True,10.9075755,79.4490857,District Center
1148,MDI,H_23004,"Govt hospital Vijayapuram,Tiruvarur TN.","Govt Hospital Vijayapuram,thiruvarur",Tiruvarur,GOVT-DMS,Multi,GOVT,GOVT,33,07-11-2019,2019,A1,False,True,True,True,True,True,True,True,True,True,True,True,True,True,True,True,True,True,True,True,True,True,True,True,True,True,True,True,True,False,True,True,True,False,True,True,True,True,True,True,10.7639635,79.6423297,Exact Hospital
1136,MDI,H_19096,"Govt hospital,Nanillam,Tiruvarur TN","Nannilam Tiruvarur Rd, Nannilam, Tamil Nadu ",Tiruvarur,GOVT-DMS,Multi,GOVT,GOVT,1,20-03-2017,2017,A1,False,True,True,True,True,True,True,True,True,True,True,True,True,True,True,True,True,True,True,True,True,True,True,True,True,True,True,True,True,False,True,True,True,False,True,True,True,True,True,True,10.9075755,79.4490857,District Center
1137,MDI,H_19095,"Govt hospital,Thiruthuraipoondi,Tiruvarur TN","Vedaranyam Road, Santhai Pettai, Thiruthuraipoondi-
",Tiruvarur,GOVT-DMS,Multi,GOVT,GOVT,1,20-03-2017,2017,A1,False,True,True,True,True,True,True,True,True,True,True,True,True,True,True,True,True,True,True,True,True,True,True,True,True,True,True,True,True,False,True,True,True,False,True,True,True,True,True,True,10.6035449,79.5642488,Exact Hospital
1878,MDI,H_25035,"Govt Koradacheri UPHC,Perumpannaiyur Tiruvarur TN.","Main Road,Arasavangadu,Thiruvarur",Tiruvarur,Govt- MTM,Multi,Govt,Govt,55,12-11-2021,2021,A1,False,False,False,False,False,False,False,False,False,True,False,False,False,False,False,False,False,False,False,False,True,False,False,False,False,False,False,False,False,False,False,False,False,False,True,False,False,False,False,False,10.9075755,79.4490857,District Center
1879,MDI,H_25036,"Govt Kottur UPHC,Thirumakottai Tiruvarur TN.","Near Pallivasal,Thirumakottai,Thiruvarur",Tiruvarur,Govt- MTM,Multi,Govt,Govt,55,12-11-2021,2021,A1,False,False,False,False,False,False,False,False,False,True,False,False,False,False,False,False,False,False,False,False,True,False,False,False,False,False,False,False,False,False,False,False,False,False,True,False,False,False,False,False,10.9075755,79.4490857,District Center
1849,MDI,H_24695,"Govt Muthupet UPHC, Tiruvarur TN.","Muthupettai  ,Thiruvarur",Tiruvarur,Govt- MTM,Multi,Govt,Govt,51,19-08-2021,2021,A1,False,False,False,False,False,False,False,False,False,True,False,False,False,False,False,False,False,False,False,False,True,False,False,False,False,False,False,False,False,False,False,False,False,False,True,False,False,False,False,False,10.9075755,79.4490857,District Center
1855,MDI,H_24698,"Govt Poonthottam UPHC, Nannilam, Tiruvarur TN.","Poonthottam, Nannilam, Thiruvarur",Tiruvarur,Govt- MTM,Multi,Govt,Govt,51,19-08-2021,2021,A1,False,False,False,False,False,False,False,False,False,True,False,False,False,False,False,False,False,False,False,False,True,False,False,False,False,False,False,False,False,False,False,False,False,False,True,False,False,False,False,False,10.9075755,79.4490857,District Center
1871,MDI,H_24906,"Govt Rayapuram UPHC, Needamangalam, Tiruvarur TN.","EB ROAD,VADUVUR, Thiruvarur- 614019",Tiruvarur,Govt- MTM,Multi,Govt,Govt,54,22-10-2021,2021,A1,False,False,False,False,False,False,False,False,False,True,False,False,False,False,False,False,False,False,False,False,True,False,False,False,False,False,False,False,False,False,False,False,False,False,True,False,False,False,False,False,10.77596,79.6024328,Village/Town Center
1853,MDI,H_24696,"Govt Thiruvizhimizhalai UPHC,Tiruvarur TN.","Thiruvizhimizhalai ,Kodavasal,Thiruvarur",Tiruvarur,Govt- MTM,Multi,Govt,Govt,51,19-08-2021,2021,A1,False,False,False,False,False,False,False,False,False,True,False,False,False,False,False,False,False,False,False,False,True,False,False,False,False,False,False,False,False,False,False,False,False,False,True,False,False,False,False,False,10.9075755,79.4490857,District Center
1854,MDI,H_24697,"Govt Ullikottai UPHC, Mannargudi, Tiruvarur TN.","Ullikottai,Mannargudi,Thiruvarur",Tiruvarur,Govt- MTM,Multi,Govt,Govt,51,19-08-2021,2021,A1,False,False,False,False,False,False,False,False,False,True,False,False,False,False,False,False,False,False,False,False,True,False,False,False,False,False,False,False,False,False,False,False,False,False,True,False,False,False,False,False,10.9075755,79.4490857,District Center
2200,MDI,H_22530,"Govt.DDWO,Tiruvarur TN.",,Tiruvarur,DDWO,DDWO,DDWO,Govt,0,22-02-2018,2018,,False,False,False,False,False,False,False,False,False,False,False,False,False,False,False,False,False,False,False,False,False,False,False,False,False,False,False,False,False,False,False,False,False,False,False,False,False,False,False,False,10.9075755,79.4490857,District Center
1138,MDI,H_18505,"Govt.Head Qrtrs Hosp Mannargudi,Tiruvarur TN."," Opposite Municipality Office, Mannargudi .",Tiruvarur,GOVT-DMS,Multi,GOVT,GOVT,1,20-03-2017,2017,A1,False,True,True,True,True,True,True,True,True,True,True,True,True,True,True,True,True,True,True,True,True,True,True,True,True,True,True,True,True,False,True,True,True,False,True,True,True,True,True,True,10.9075755,79.4490857,District Center
1127,MDI,H_18299,"Lakshana Hospital,Thiruvarur TN.","19, Kamalayalayam West Bank, Thiruvarur",Tiruvarur,PVT HOSPITAL,Multi,PVT,PVT,1,20-03-2017,2017,A5,False,False,False,False,False,False,True,False,False,True,True,True,False,False,False,False,False,False,False,False,False,False,False,False,True,False,False,False,True,False,False,False,False,False,False,True,False,True,False,False,10.9075755,79.4490857,District Center
1128,MDI,H_22297,"Navajeevan MedicalFoundation PVT LTD,Tiruvarur TN."," Thanjai-Nagai Main Road, Near Collector Office, Vilamal, Thiruvarur,",Tiruvarur,PVT HOSPITAL,Multi,PVT,PVT,8,24-06-2017,2017,A6,False,False,False,False,False,False,True,False,False,True,False,True,False,False,False,False,False,False,False,True,False,False,False,False,True,False,True,False,False,False,False,False,False,False,False,True,False,False,False,False,10.77596,79.6024328,Village/Town Center
1129,MDI,H_19083,"Raaj Hospital, Tiruvarur TN.","No: 10, Balakrishna Nagar, Near Thangamani Building, Mannargudi,",Tiruvarur,PVT HOSPITAL,Multi,PVT,PVT,4,12-04-2017,2017,A6,False,False,False,False,True,False,True,False,False,True,False,False,False,False,False,False,False,False,False,True,False,False,False,False,True,False,False,False,True,False,False,False,False,False,False,True,False,False,False,False,10.9075755,79.4490857,District Center
1130,MDI,H_18333,"Thiruvarur Medical Centre, Thiruvarur TN.","Near temple tank, Javulikkara Street, Thiruvarur, Tamil Nadu",Tiruvarur,PVT HOSPITAL,Multi,PVT,PVT,4,12-04-2017,2017,A3,False,True,False,False,True,False,True,False,False,True,True,True,False,False,False,True,False,True,False,True,True,True,False,False,True,False,True,True,True,False,False,False,True,False,False,True,False,True,False,True,10.77596,79.6024328,Village/Town Center
2201,MDI,H_22489,"Tiruvarur MC. DEIC, Tiruvarur TN.",,Tiruvarur,DEIC,DEIC,DEIC,Govt,0,14-02-2018,2018,,False,False,False,False,False,False,False,False,False,False,False,False,False,False,False,False,False,False,False,False,False,False,False,False,False,False,False,False,False,False,False,False,False,False,False,False,False,False,False,False,10.9075755,79.4490857,District Center
1139,MDI,H_18711,"Tiruvarur Medical College,Tiruvarur TN.","Tiruvarur Medical College, Collector office Master Plan Complex, Collector Office Road, Thiruvarur, Tamil Nadu",Tiruvarur,GOVT-DME,Multi,GOVT,GOVT,1,20-03-2017,2017,A1,False,True,True,True,True,True,True,True,True,True,True,True,True,True,True,True,True,True,True,True,True,True,True,True,True,True,True,True,True,False,True,True,True,False,True,True,True,True,True,True,10.77596,79.6024328,Village/Town Center
1047,Vidal,H_18240,"Aarthi Hospital,Tuticorin TN.","NO:60,Santhaipettai Street,Kovilpatti",Tuticorin,Private,Multi,PVT HOSPITAL,Pvt,2,27-03-2017,2017,A5,False,False,False,False,True,False,True,False,False,True,False,True,False,False,False,False,False,False,False,True,False,False,False,False,True,False,False,False,False,False,False,False,False,False,False,True,False,False,False,False,9.1745333,77.8662443,Exact Hospital
1917,Vidal,H_22050,"Aarthi Scan,Kovilpatti Tuticorin DC.",,Tuticorin,Private,PVT-STANDALONE,DC PVT-STANDALONE,Pvt,2,27-03-2017,2017,,False,False,False,False,False,False,False,False,False,False,False,False,False,False,False,False,False,False,False,False,False,False,False,False,False,False,False,False,False,False,False,False,False,False,False,False,False,False,False,False,8.8052602,78.1452745,District Center
1918,Vidal,H_21209,"Aarthi Scans, Tuticorin Dc.",,Tuticorin,Private,PVT-STANDALONE,DC PVT-STANDALONE,Pvt,2,27-03-2017,2017,,False,False,False,False,False,False,False,False,False,False,False,False,False,False,False,False,False,False,False,False,False,False,False,False,False,False,False,False,False,False,False,False,False,False,False,False,False,False,False,False,8.8052602,78.1452745,District Center
1951,Vidal,H_22609,"Child Development Centre,Autism,Tuticorin TN.",,Tuticorin,Private,Autism ,PVT AUTISM,Pvt,16,14-03-2018,2018,,False,False,False,False,False,False,False,False,False,False,False,False,False,False,False,False,False,False,False,False,False,False,False,False,False,False,False,False,False,False,False,False,False,False,False,False,False,False,False,False,8.8052602,78.1452745,District Center
1949,Vidal,H_22679,"Gengaa Scans ,Tuticorin DC.",,Tuticorin,Private,PVT-STANDALONE,DC PVT-STANDALONE,Pvt,21,16-07-2018,2018,,False,False,False,False,False,False,False,False,False,False,False,False,False,False,False,False,False,False,False,False,False,False,False,False,False,False,False,False,False,False,False,False,False,False,False,False,False,False,False,False,8.8052602,78.1452745,District Center
661,Vidal,H_22369,"Govt Hospital Ettayapuram, Tuticorin TN.","Government Hospital, Naduvirpatti,Ettayapuram,Tutucorin-628902",Tuticorin,Sub-district Hospital,Multi,Govt-DMS,Govt,10,21-08-2017,2017,A1,False,True,True,True,True,True,True,True,True,True,True,True,True,True,True,True,True,True,True,True,True,True,True,True,True,True,True,True,True,False,True,True,True,False,True,True,True,True,True,True,8.8052602,78.1452745,District Center
656,Vidal,H_22143,"Govt Hospital Kalankudiyirrupu,Tuticorin TN.",NADUKKADAI STREET   . UDANKUDI  . THOOTHUKUDI  DIST  -628203,Tuticorin,Sub-district Hospital,Multi,Govt-DMS,Govt,6,15-05-2017,2017,A1,False,True,True,True,True,True,True,True,True,True,True,True,True,True,True,True,True,True,True,True,True,True,True,True,True,True,True,True,True,False,True,True,True,False,True,True,True,True,True,True,8.8052602,78.1452745,District Center
657,Vidal,H_22146,"Govt Hospital Kayalpattanam,Tuticorin TN.","Govt.Hospital,kayalpatnam",Tuticorin,Sub-district Hospital,Multi,Govt-DMS,Govt,6,15-05-2017,2017,A1,False,True,True,True,True,True,True,True,True,True,True,True,True,True,True,True,True,True,True,True,True,True,True,True,True,True,True,True,True,False,True,True,True,False,True,True,True,True,True,True,8.787249,78.123156,Village/Town Center
658,Vidal,H_22145,"Govt Hospital Ottapidaram,Tuticorin TN.","govt hospital ottapidaram ,Near Taluk Office , Ottapidaram",Tuticorin,Sub-district Hospital,Multi,Govt-DMS,Govt,6,15-05-2017,2017,A1,False,True,True,True,True,True,True,True,True,True,True,True,True,True,True,True,True,True,True,True,True,True,True,True,True,True,True,True,True,False,True,True,True,False,True,True,True,True,True,True,8.9707417,78.1853066,Exact Hospital
659,Vidal,H_22144,"Govt Hospital Sathankulam,Tuticorin TN.","38 south car st,
Sathankulam",Tuticorin,Sub-district Hospital,Multi,Govt-DMS,Govt,6,15-05-2017,2017,A1,False,True,True,True,True,True,True,True,True,True,True,True,True,True,True,True,True,True,True,True,True,True,True,True,True,True,True,True,True,False,True,True,True,False,True,True,True,True,True,True,8.8052602,78.1452745,District Center
662,Vidal,H_22370,"Govt Hospital Srivaikundam, Tuticorin TN.","Srivaikundam government Hospital,Tuticorin",Tuticorin,Sub-district Hospital,Multi,Govt-DMS,Govt,10,21-08-2017,2017,A1,False,True,True,True,True,True,True,True,True,True,True,True,True,True,True,True,True,True,True,True,True,True,True,True,True,True,True,True,True,False,True,True,True,False,True,True,True,True,True,True,8.8052602,78.1452745,District Center
660,Vidal,H_22142,"Govt Hospital Vilathikulam,Tuticorin TN.","Government Hospital,Hospital Road, Vilathikulam,Tutucorin-628907",Tuticorin,Sub-district Hospital,Multi,Govt-DMS,Govt,6,15-05-2017,2017,A1,False,True,True,True,True,True,True,True,True,True,True,True,True,True,True,True,True,True,True,True,True,True,True,True,True,True,True,True,True,False,True,True,True,False,True,True,True,True,True,True,9.1673279,78.4439116,Exact Hospital
654,Vidal,H_19093,"Govt Hospital,Thiruchendur,Thoothukudi TN","kamarajar salai,Kanyakumari Rd, Tiruchchendur, ",Tuticorin,Sub-district Hospital,Multi,Govt-DMS,Govt,1,20-03-2017,2017,A1,False,True,True,True,True,True,True,True,True,True,True,True,True,True,True,True,True,True,True,True,True,True,True,True,True,True,True,True,True,False,True,True,True,False,True,True,True,True,True,True,8.8052602,78.1452745,District Center
655,Vidal,H_18497,"Govt. Head Qrtrs Hosp Kovilpatti,Tuticorin TN.","NEW ROAD ,KOVILPATTI",Tuticorin,District Hospital,Multi,Govt-DMS,Govt,1,20-03-2017,2017,A1,False,True,True,True,True,True,True,True,True,True,True,True,True,True,True,True,True,True,True,True,True,True,True,True,True,True,True,True,True,False,True,True,True,False,True,True,True,True,True,True,8.7963942,78.1198123,Village/Town Center
1950,Vidal,H_22528,"Govt.DDWO,Tuticorin TN.",,Tuticorin,DDWO,DDWO,DDWO,Govt,0,22-02-2018,2018,,False,False,False,False,False,False,False,False,False,False,False,False,False,False,False,False,False,False,False,False,False,False,False,False,False,False,False,False,False,False,False,False,False,False,False,False,False,False,False,False,8.8052602,78.1452745,District Center
1781,Vidal,H_25623 ,"GUPHC, Karunkulam, Tuticorin TN.","Karungulam,  Tuticorin 628615",Tuticorin,PHC,Multi,Govt-MTM,Govt,57,13-01-2022,2022,A1,False,False,False,False,False,False,False,False,False,False,False,False,False,False,False,False,False,False,False,False,False,True,False,False,False,False,False,False,False,False,False,False,False,False,True,False,False,False,False,False,8.8059955,78.1553488,Village/Town Center
1769,Vidal,H_24735,"GUPHC, Koilpatti, Pudur, Tuticorin TN.","Nagalapuram,  Tuticorin 628905",Tuticorin,UPHC,Multi,Govt-MTM,Govt,52,06-09-2021,2021,A1,False,False,False,False,False,False,False,False,False,False,False,False,False,False,False,False,False,False,False,False,False,True,False,False,False,False,False,False,False,False,False,False,False,False,True,False,False,False,False,False,8.8063204,78.1553312,Village/Town Center
1767,Vidal,H_24731,"GUPHC, Sathankulam, Mudalur, Tuticorin TN. ","Mudalur,  Tuticorin 628702",Tuticorin,CHC,Multi,Govt-MTM,Govt,52,06-09-2021,2021,A1,False,False,False,False,False,False,False,False,False,False,False,False,False,False,False,False,False,False,False,False,False,True,False,False,False,False,False,False,False,False,False,False,False,False,True,False,False,False,False,False,8.8059955,78.1553488,Village/Town Center
1768,Vidal,H_24733,"GUPHC, Udangudi, Meignanapuram, Tuticorin TN.","Meignanapuram,  Tuticorin 628210",Tuticorin,UPHC,Multi,Govt-MTM,Govt,52,06-09-2021,2021,A1,False,False,False,False,False,False,False,False,False,False,False,False,False,False,False,False,False,False,False,False,False,True,False,False,False,False,False,False,False,False,False,False,False,False,True,False,False,False,False,False,8.8059955,78.1553488,Village/Town Center
1779,Vidal,H_24952,"GUPHC,Alwarthirunagari,Tuticorin,TN","Alwarthirunagari,  Tuticorin  628704.",Tuticorin,CHC/ UGPHC,Multi,Govt-MTM,Govt,55,12-11-2021,2021,A1,False,False,False,False,False,False,False,False,False,False,False,False,False,False,False,False,False,False,False,False,False,True,False,False,False,False,False,False,False,False,False,False,False,False,True,False,False,False,False,False,8.8059955,78.1553488,Village/Town Center
1775,Vidal,H_24982,"GUPHC,Kayatharu,Kalugumalai,Koilpatti,TN.","kalugumalai,  Tuticorin 628552",Tuticorin,CHC/ UGPHC,Multi,Govt-MTM,Govt,55,12-11-2021,2021,A1,False,False,False,False,False,False,False,False,False,False,False,False,False,False,False,False,False,False,False,False,False,True,False,False,False,False,False,False,False,False,False,False,False,False,True,False,False,False,False,False,8.8063204,78.1553312,Village/Town Center
1776,Vidal,H_24983,"GUPHC,Keelaeral,Kovilpatti,TN.","Keelaeral,  Tuticorin 628908",Tuticorin,CHC/ UGPHC/ Main PHC,Multi,Govt-MTM,Govt,55,12-11-2021,2021,A1,False,False,False,False,False,False,False,False,False,False,False,False,False,False,False,False,False,False,False,False,False,True,False,False,False,False,False,False,False,False,False,False,False,False,True,False,False,False,False,False,8.8059955,78.1553488,Village/Town Center
1770,Vidal,H_24927,"GUPHC,Ottapidaram,Ottanatham,Tuticorin,TN.","Ottanatham,  Tuticorin 628302",Tuticorin,CHC,Multi,Govt-MTM,Govt,54,22-10-2021,2021,A1,False,False,False,False,False,False,False,False,False,False,False,False,False,False,False,False,False,False,False,False,False,True,False,False,False,False,False,False,False,False,False,False,False,False,True,False,False,False,False,False,8.8063204,78.1553312,Village/Town Center
1780,Vidal,H_24951,"GUPHC,Pudukottai,Tuticorin.TN.","Pudukottai,  Tuticorin 628103.",Tuticorin,CHC/ UGPHC/ Main PHC,Multi,Govt-MTM,Govt,55,12-11-2021,2021,A1,False,False,False,False,False,False,False,False,False,False,False,False,False,False,False,False,False,False,False,False,False,True,False,False,False,False,False,False,False,False,False,False,False,False,True,False,False,False,False,False,8.8061574,78.1552916,Village/Town Center
1778,Vidal,H_24985,"GUPHC,Pudur,Nagalapuram,Koilpatti TN.","Nagalapuram,  Tuticorin 628904",Tuticorin,CHC/ UGPHC/ Main PHC,Multi,Govt-MTM,Govt,55,12-11-2021,2021,A1,False,False,False,False,False,False,False,False,False,False,False,False,False,False,False,False,False,False,False,False,False,True,False,False,False,False,False,False,False,False,False,False,False,False,True,False,False,False,False,False,8.8063204,78.1553312,Village/Town Center
1772,Vidal,H_24929,"GUPHC,Srivaikuntam,Eral,Tuticorin,TN.","Eral,  Tuticorin 628801",Tuticorin,CHC,Multi,Govt-MTM,Govt,54,22-10-2021,2021,A1,False,False,False,False,False,False,False,False,False,False,False,False,False,False,False,False,False,False,False,False,False,True,False,False,False,False,False,False,False,False,False,False,False,False,True,False,False,False,False,False,8.8059955,78.1553488,Village/Town Center
1774,Vidal,H_24953,"GUPHC,Terasapuram,West Zone,Tuticorin,TN.",Thoothukudi - 628001,Tuticorin,UPHC,Multi,Govt-MTM,Govt,55,12-11-2021,2021,A1,False,False,False,False,False,False,False,False,False,False,False,False,False,False,False,False,False,False,False,False,False,True,False,False,False,False,False,False,False,False,False,False,False,False,True,False,False,False,False,False,8.7945119,78.1602386,Village/Town Center
1773,Vidal,H_24930,"GUPHC,Tiruchendur,Kyamozhi,Tuticorin,TN. ","Kayamozhi,  Tuticorin 628205",Tuticorin,CHC,Multi,Govt-MTM,Govt,54,22-10-2021,2021,A1,False,False,False,False,False,False,False,False,False,False,False,False,False,False,False,False,False,False,False,False,False,True,False,False,False,False,False,False,False,False,False,False,False,False,True,False,False,False,False,False,8.8059955,78.1553488,Village/Town Center
1777,Vidal,H_24984,"GUPHC,Vilathikulam,Kulathur,Koilpatti,TN.","Kulathur,  Tuticorin 628903",Tuticorin,UGPHC,Multi,Govt-MTM,Govt,55,12-11-2021,2021,A1,False,False,False,False,False,False,False,False,False,False,False,False,False,False,False,False,False,False,False,False,False,True,False,False,False,False,False,False,False,False,False,False,False,False,True,False,False,False,False,False,8.8063204,78.1553312,Village/Town Center
1771,Vidal,H_24928,"GUPHC,Vilathikulam,Perilovanpatti,Tuticorin,TN.","Periloanpatti,  Tuticorin  628902",Tuticorin,CHC,Multi,Govt-MTM,Govt,54,22-10-2021,2021,A1,False,False,False,False,False,False,False,False,False,False,False,False,False,False,False,False,False,False,False,False,False,True,False,False,False,False,False,False,False,False,False,False,False,False,True,False,False,False,False,False,8.8063204,78.1553312,Village/Town Center
1048,Vidal,H_21381,"Jeyanth Nallathambi Hospital, Tuticorin TN.","No.3/186,Periyanayagipuram Road,Korampallam,Tuticorin.",Tuticorin,Private,Multi,PVT HOSPITAL,Pvt,4,12-04-2017,2017,A5,False,False,False,False,False,False,True,False,True,True,False,True,False,False,True,False,False,False,False,True,False,False,False,False,False,False,False,False,False,False,False,False,False,False,False,False,False,False,False,False,8.7575302,78.1139636,Village/Town Center
1049,Vidal,H_23452,"Kamala Spclty Hosp Pvt Ltd,Kovilpatti,Tuticorin TN","46 & 48,SANTHAIPETTAI ST, KOVILPATTI-628502, TUTICORIN(DT)",Tuticorin,Private,Multi,PVT HOSPITAL,Pvt,75,25-04-2024,2020,A4,False,False,False,False,False,False,False,False,False,False,False,True,False,False,False,False,False,False,False,True,False,False,False,False,False,False,False,False,False,False,False,False,False,False,False,False,False,False,False,False,8.8052602,78.1452745,District Center
1050,Vidal,H_22037,"Kovilpatti Venkateswara Hospitals,Tuticorin,TN.","Tirunelveli NH, KR Nagar PO , Kovilpatti, Tamilnadu - 628 503.",Tuticorin,Private,Multi,PVT HOSPITAL,Pvt,1,20-03-2017,2017,A6,False,False,False,False,False,False,True,False,False,True,False,False,False,False,False,False,False,False,False,False,False,False,False,False,True,False,False,False,True,False,False,False,False,False,False,True,False,False,False,False,9.1657833,77.8512467,Exact Hospital
1919,Vidal,H_22052,"Malar Scans,Tuticorin DC.",,Tuticorin,Private,PVT-STANDALONE,DC PVT-STANDALONE,Pvt,1,20-03-2017,2017,,False,False,False,False,False,False,False,False,False,False,False,False,False,False,False,False,False,False,False,False,False,False,False,False,False,False,False,False,False,False,False,False,False,False,False,False,False,False,False,False,8.8052602,78.1452745,District Center
1051,Vidal,H_22296,"Public welfare Hospital,Tuticorin TN.","239B/30,ETTAYAPURAM ROAD,KOVILPATTI",Tuticorin,Private,Single,PVT HOSPITAL,Pvt,8,24-06-2017,2017,S2,False,False,False,False,False,False,False,False,False,False,False,False,False,False,False,False,False,False,False,True,False,False,False,False,False,False,False,False,False,False,False,True,False,False,False,False,False,False,False,False,8.8053035,78.1438693,Village/Town Center
1052,Vidal,H_24289,"Radhu hospital, Pattukottai, Tuticorin TN.","Ramson Nagar, Pudukottai,",Tuticorin,Private,Multi,PVT HOSPITAL,Pvt,58,28-04-2022,2020,A6,False,False,False,False,False,False,False,False,True,True,False,False,False,False,False,False,False,False,False,False,False,False,False,False,False,False,False,False,False,False,False,False,False,False,False,False,False,False,False,False,8.8052602,78.1452745,District Center
1053,Vidal,H_21141,"Rajesh Tilak Hospital,Tuticorin TN.","107J/79/53/1, 2, 3, P.C Road West,
Millerpuram,
Tuticorin",Tuticorin,Private,Multi,PVT HOSPITAL,Pvt,4,12-04-2017,2017,A6,False,False,False,False,False,False,True,False,False,True,False,True,False,False,False,True,False,False,False,True,False,False,False,False,False,True,False,True,False,False,False,False,False,False,False,False,False,False,False,False,8.7989201,78.1260305,Exact Hospital
1054,Vidal,H_21144,"Sacred Heart Hospital,Tuticorin TN.","Kandasamy Puram, Melur Tuticorin, Thoothukudi ",Tuticorin,Private,Multi,PVT HOSPITAL,Pvt,7,23-05-2017,2017,A6,False,False,False,False,False,False,True,False,True,True,False,True,False,False,False,False,False,False,False,True,False,False,False,False,False,False,False,False,False,False,False,True,False,False,False,False,False,False,False,False,8.8146048,78.1467699,Exact Hospital
1055,Vidal,H_22858,"Sankar Hospital, Authoor ,Tuticorin, TN.","MAIN ROAD AUTHOOR , TUTICORIN",Tuticorin,Private,Multi,PVT HOSPITAL,Pvt,31,13-05-2019,2019,,False,False,False,False,False,False,False,False,False,False,False,False,False,False,False,False,False,False,False,False,False,False,False,False,False,False,False,False,False,False,False,False,False,False,False,False,False,False,False,False,8.8052602,78.1452745,District Center
1056,Vidal,H_23725,"Sasi hospital,Tuticorin TN.","3/535D,NELLAI MAIN ROAD,INAMMANIACHI,KOVILPATTI-628502",Tuticorin,Private,Multi,PVT HOSPITAL,PVT,63,30-09-2022,2020,,False,False,False,False,False,False,False,False,False,False,False,False,False,False,False,False,False,False,False,False,False,False,False,False,False,False,False,False,False,False,False,False,False,False,False,False,False,False,False,False,8.8052602,78.1452745,District Center
1057,Vidal,H_22058,"Sri Hospital,Tuticorin,TN.","No-57,Ettayapuram Road, Kovilpatti. Tuticorin-District-628501",Tuticorin,Private,Multi,PVT HOSPITAL,Pvt,24,08-10-2018,2017,A6,False,False,False,False,False,False,True,False,True,True,False,True,False,False,True,False,False,False,False,False,False,False,False,False,True,False,True,False,False,False,False,False,False,False,False,False,False,False,False,False,9.1741944,77.8666735,Exact Hospital
1058,Vidal,H_23883,"Thanaraj Hospital, Tuticorin TN.","9 Chidambaranagar, East Street, TUTICORIN",Tuticorin,Private,Multi,PVT HOSPITAL,Pvt,71,08-08-2023,2020,A6,False,False,False,False,False,False,False,False,True,False,False,False,False,False,False,False,False,False,False,True,False,False,False,False,False,False,False,False,False,False,False,False,False,False,False,False,False,False,False,False,8.7948295,78.1335671,Exact Hospital
1059,Vidal,H_25643,"Theiva Nursing Home,Tuticorin, TN.","209A, V.E. ROAD DHAMODARA NAGAR MAIN ROAD, TUTICOR",Tuticorin,Private,Multi,PVT HOSPITAL,Pvt,58,28-04-2022,2024,,False,False,False,False,False,False,False,False,False,False,False,False,False,False,False,False,False,False,False,False,False,False,False,False,False,False,False,False,False,False,False,False,False,False,False,False,False,False,False,False,8.8013877,78.1435753,Exact Hospital
653,Vidal,H_18708,"Toothukudi Medical College,Tuticorin TN.","Thoothukudi Medical College Hospital, Tuticorin",Tuticorin,Medical College Hospital ,Multi,Govt-DME,Govt,1,20-03-2017,2017,A1,False,True,True,True,True,True,True,True,True,True,True,True,True,True,True,True,True,True,True,True,True,True,True,True,True,True,True,True,True,False,True,True,True,False,True,True,True,True,True,True,8.797975,78.1360526,Village/Town Center
1948,Vidal,H_22487,"Toothukudi. MC. DEIC, Tuticorin TN.",,Tuticorin,DEIC,DEIC,DEIC,Govt,0,14-02-2018,2018,,False,False,False,False,False,False,False,False,False,False,False,False,False,False,False,False,False,False,False,False,False,False,False,False,False,False,False,False,False,False,False,False,False,False,False,False,False,False,False,False,8.8052602,78.1452745,District Center
1963,Vidal,H_24262,"V.O.CHIDAMBARANAR PORT TRUST Hospital,Tuticorin TN",,Tuticorin,GOI,GOI,GOI,Govt,39,17-09-2020,2020,,False,False,False,False,False,False,False,False,False,False,False,False,False,False,False,False,False,False,False,False,False,False,False,False,False,False,False,False,False,False,False,False,False,False,False,False,False,False,False,False,8.8052602,78.1452745,District Center
2161,MA,H_25771,"Aathichudy Autism Special School, Vellore TN.",,Vellore,Private,Multi,PVT AUTISM,Pvt,65,06-01-2023,2023,,False,False,False,False,False,False,False,False,False,False,False,False,False,False,False,False,False,False,False,False,False,False,False,False,False,False,False,False,False,False,False,False,False,False,False,False,False,False,False,False,12.9021849,79.061104,District Center
194,MA,H_21369,"Arcot Dialysis Centre,Vellore TN.","Sree's Complex NO: 152, New Vellore Road, Arcot - 632503. Vellore (Dist).",Vellore,PVT,Single,PVT HOSPITAL,Pvt,5,19-04-2017,2017,S2,False,False,False,False,False,False,False,False,False,False,False,False,False,False,False,False,False,False,False,True,False,False,False,False,False,False,False,False,False,False,False,False,False,False,False,False,False,False,False,False,12.7906064,79.1980635,Village/Town Center
198,MA,H_18362,"Arun Hospital,Vellore TN.","No.15,Thiyagarajapuram,Vellore - 632001",Vellore,PVT,Multi,PVT HOSPITAL,Pvt,5,19-04-2017,2017,A6,False,False,False,False,True,False,True,False,True,True,True,True,False,False,False,False,False,False,False,True,False,True,False,False,True,False,False,True,True,False,False,False,False,False,False,False,False,False,True,True,12.9030309,79.1334705,Exact Hospital
207,MA,H_18199,"Baba Hospital,Vellore TN.",No.1311-A South Avenue Road Phase-II Sathuvacahri Vellore,Vellore,PVT,Multi,PVT HOSPITAL,Pvt,5,19-04-2017,2017,A5,False,False,False,False,True,False,True,False,False,True,True,True,False,False,False,False,False,False,False,False,False,False,False,False,True,False,False,False,False,False,False,False,False,False,True,False,False,False,False,True,12.93425,79.158739,Exact Hospital
230,MA,H_18650,"Christian Medical College And Hospital,Vellore TN.","IDA SCUDDER ROAD, VELLORE-632004",Vellore,PVT-MC,Multi,PVT HOSPITAL,Pvt,1,20-03-2017,2017,A1,False,True,True,True,True,True,True,True,True,True,True,True,True,True,False,True,True,True,True,True,True,True,True,True,True,True,True,True,True,False,False,True,True,True,True,True,True,False,True,True,12.9021849,79.061104,District Center
244,MA,H_25878,"Dhanya Medical Center, Vellore TN.","NO.19, PILLAIYAR KOIL STREET, VELAPADI, VELLORE",Vellore,PVT,Multi,PVT HOSPITAL,Pvt,69,12-05-2023,2023,A6,False,False,False,False,False,False,False,False,False,False,False,False,False,False,False,False,False,False,False,False,False,False,False,False,True,False,False,False,False,False,False,False,False,False,False,False,False,False,False,False,12.9021849,79.061104,District Center
245,MA,H_22032,"Dhinesh Nursing Home, Bagayam,Vellore TN.","NH:234 Bagayam,(Arni Road)",Vellore,PVT,Multi,PVT HOSPITAL,Pvt,2,27-03-2017,2017,A5,False,False,False,False,False,False,True,False,False,True,False,True,False,False,False,False,False,False,False,False,False,False,False,False,True,False,False,False,False,False,False,False,False,False,True,False,False,False,False,False,12.9021849,79.061104,District Center
2092,MA,H_22504,"District Differ. abled welfare office,vellore TN.",,Vellore,DDWO,DDWO,DDWO,Govt,15,05-02-2018,2018,,False,False,False,False,False,False,False,False,False,False,False,False,False,False,False,False,False,False,False,False,False,False,False,False,False,False,False,False,False,False,False,False,False,False,False,False,False,False,False,False,12.9021849,79.061104,District Center
259,MA,H_18615,"Dr. Agarwals Eye Hospital,Vellore TN.","18,TAJ TOWERS,OFFICERS LINE,VELLORE-632001",Vellore,PVT,Single,PVT HOSPITAL,Pvt,5,19-04-2017,2017,S2,False,False,False,False,False,False,True,False,False,False,False,False,False,False,False,False,False,False,False,False,False,False,False,True,False,False,False,False,False,False,False,False,False,False,False,False,False,False,False,False,12.9021849,79.061104,District Center
82,MA,H_21371,"Government Hospital,Pernambut,Vellore TN.","HIGH ROAD, PERNAMBUT.",Vellore,GOVT-DMS,Multi,GOVT-DMS,Govt,1,20-03-2017,2017,A1,False,True,True,True,True,True,True,True,True,True,True,True,True,True,True,True,True,True,True,True,True,True,True,True,True,True,True,True,True,False,True,True,True,False,True,True,True,True,True,True,12.9323821,78.7166738,Exact Hospital
152,MA,H_25857,"Govt Hospital, Anaikattu, Vellore TN.","ANAICUT MAIN ROAD, ANAICUTGH,VELLORE DT.",Vellore,GOVT-DMS,Multi,GOVT-DMS,Govt,69,12-05-2023,2023,A1,False,True,True,True,True,True,True,True,True,True,True,True,True,True,True,True,True,True,True,True,True,True,True,True,True,True,True,True,True,False,True,True,True,False,True,True,True,True,True,True,12.9021849,79.061104,District Center
83,MA,H_19732,"Govt Hospital, Pentland, Vellore, TN.",GPH ROAD KOSAPET VELLORE,Vellore,GOVT-DMS,Multi,GOVT-DMS,Govt,1,20-03-2017,2017,A1,False,True,True,True,True,True,True,True,True,True,True,True,True,True,True,True,True,True,True,True,True,True,True,True,True,True,True,True,True,False,True,True,True,False,True,True,True,True,True,True,12.9021849,79.061104,District Center
1542,MA,H_24704,"Govt Kaniyambadi UPHC, Kaniyambadi, Vellore TN.","Amirthi main road,Near BDO office,Kaniyambadi",Vellore,UPHC,Multi,Govt-MTM,Govt,51,19-08-2021,2021,A1,False,False,False,False,False,False,False,False,False,False,False,False,False,False,False,False,False,False,False,False,True,False,False,False,False,False,False,False,False,False,False,False,False,False,True,False,False,False,False,False,12.9021849,79.061104,District Center
1541,MA,H_24703,"Govt Odugathur UPHC, Anaicut, Vellore TN.","Block Primary Health Center,Odugathur.",Vellore,UPHC,Multi,Govt-MTM,Govt,51,19-08-2021,2021,A1,False,False,False,False,False,False,False,False,False,False,False,False,False,False,False,False,False,False,False,False,True,False,False,False,False,False,False,False,False,False,False,False,False,False,True,False,False,False,False,False,12.9021849,79.061104,District Center
1633,MA,H_25028,"Govt Pallikuppam Katpadi Zone UPHC, Vellore TN.","Kulakkarai Street, Vallimalai Road, Pallikuppam, Vellore",Vellore,UPHC,Multi,Govt-MTM,Govt,55,12-11-2021,2021,A1,False,False,False,False,False,False,False,False,False,True,False,False,False,False,False,False,False,False,False,False,True,False,False,False,False,False,False,False,False,False,False,False,False,False,True,False,False,False,False,False,12.9941288,79.1503473,Village/Town Center
1634,MA,H_25029,"Govt Saidapet Shenbakkam Zone UPHC, Vellore TN.","No.144, Suburama Iyer Street, Saidapet, Vellore.",Vellore,UPHC,Multi,Govt-MTM,Govt,55,12-11-2021,2021,A1,False,False,False,False,False,False,False,False,False,True,False,False,False,False,False,False,False,False,False,False,True,False,False,False,False,False,False,False,False,False,False,False,False,False,True,False,False,False,False,False,12.9021849,79.061104,District Center
1543,MA,H_24707,"Govt Ussoor UPHC, Vellore TN.","Upgraded Govt. Primary Health Center, Ussoor, Anaicut Taluk, Vellore District",Vellore,UPHC,Multi,Govt-MTM,Govt,51,19-08-2021,2021,A1,False,False,False,False,False,False,False,False,False,False,False,False,False,False,False,False,False,False,False,False,True,False,False,False,False,False,False,False,False,False,False,False,False,False,True,False,False,False,False,False,12.9021849,79.061104,District Center
81,MA,H_18874,"Govt. Gudiyatham Hospital, Vellore TN.","GOVERNMENT HOSPITAL ROAD, NEAR BUS ST, GUDIYATTAM, VELLORE DIST.",Vellore,GOVT-DMS,Multi,GOVT-DMS,Govt,1,20-03-2017,2017,A1,False,True,True,True,True,True,True,True,True,True,True,True,True,True,True,True,True,True,True,True,True,True,True,True,True,True,True,True,True,False,True,True,True,False,True,True,True,True,True,True,12.9451141,78.8703659,Exact Hospital
2093,MA,H_22500,"Govt. Medical College Hospital, DEIC, Vellore TN.",,Vellore,DEIC,DEIC,DEIC,Govt,0,08-05-2018,2018,,False,False,False,False,False,False,False,False,False,False,False,False,False,False,False,False,False,False,False,False,False,False,False,False,False,False,False,False,False,False,False,False,False,False,False,False,False,False,False,False,12.9021849,79.061104,District Center
84,MA,H_18703,"Govt. Medical College Hospital,Vellore TN.",Adukampari,Vellore,GOVT-DME,Multi,GOVT-DME,Govt,1,20-03-2017,2017,A1,False,True,True,True,True,True,True,True,True,True,True,True,True,True,True,True,True,True,True,True,True,True,True,True,True,True,True,True,True,False,True,True,True,False,True,True,True,True,True,True,12.8446555,79.1371165,Exact Hospital
2027,MA,H_22345,"Himalaya Scans,Thennamaram Street, Vellore DC.",,Vellore,Private,Multi,DC PVT-STANDALONE,Pvt,9,18-07-2017,2017,,False,False,False,False,False,False,False,False,False,False,False,False,False,False,False,False,False,False,False,False,False,False,False,False,False,False,False,False,False,False,False,False,False,False,False,False,False,False,False,False,12.9021849,79.061104,District Center
301,MA,H_23898,"Indira SuperSpeciality Hosp,Katpadi Vellore TN.","320/3A 1, Chittoor Main Road,Gandhi Nagar,Katpadi",Vellore,PVT,Multi,PVT HOSPITAL,Pvt,55,12-11-2021,2021,A3,False,False,False,False,False,False,False,False,True,True,True,True,False,False,False,False,False,False,False,True,False,False,False,False,True,False,False,True,False,False,False,False,False,False,False,False,False,False,False,False,12.9541556,79.1412212,Village/Town Center
2026,MA,H_19420,"Krishna Advcd Mri and ct,Thennamaram,vellor DC.",,Vellore,Private,Multi,DC PVT-STANDALONE,Pvt,2,27-03-2017,2017,,False,False,False,False,False,False,False,False,False,False,False,False,False,False,False,False,False,False,False,False,False,False,False,False,False,False,False,False,False,False,False,False,False,False,False,False,False,False,False,False,12.9021849,79.061104,District Center
337,MA,H_18293,"Kumaran Hospital, Vellore TN.","NO.112, KATPADI ROAD, GADHI NAGAR VELLORE - 632 006",Vellore,PVT,Multi,PVT HOSPITAL,Pvt,5,19-04-2017,2017,A6,False,False,False,False,False,False,True,False,True,True,False,False,False,False,False,False,False,True,False,False,False,False,False,False,False,False,False,True,False,False,False,False,False,False,False,False,False,False,False,False,13.0868288,79.6640745,Exact Hospital
339,MA,H_23255,"KVR Kidney and Diabetic Centre, Vellore TN.","438, CIVIL SUPPLY GODOWN MAIN STREET, OTTERI (BEHIND PRIYA MAHAL)",Vellore,PVT,Multi,PVT HOSPITAL,Pvt,37,22-07-2020,2020,A6,False,False,False,False,False,False,False,False,False,False,False,False,False,False,False,False,False,False,False,True,False,False,False,False,False,False,False,False,False,False,False,False,False,False,False,False,False,False,False,False,12.9021849,79.061104,District Center
363,MA,H_21984,"Manisundaram Medical Mission Hospital, Vellore TN.","288, 17th cross, South Avenue Road,Phase-I, Vallalar, Sathuvachari.",Vellore,PVT,Multi,PVT HOSPITAL,Pvt,1,20-03-2017,2017,A5,False,False,False,False,False,False,True,False,True,True,False,True,False,False,False,False,False,False,False,False,False,True,False,False,True,False,False,False,False,False,False,False,False,False,False,False,False,False,False,True,12.9521576,79.134239,Village/Town Center
449,MA,H_25982,"Sam Health Care Services, Vellore, TN.","290/1 VELLORE MAIN ROAD, DHARAPADAVEDU, KATPADI , VELLORE- 632007",Vellore,PVT,Single,PVT HOSPITAL,Pvt,74,06-03-2024,2024,S2,False,False,False,False,False,False,False,False,False,False,False,False,False,False,False,False,False,False,False,True,False,False,False,False,False,False,False,False,False,False,False,False,False,False,False,False,False,False,False,False,12.9071753,79.1309695,Village/Town Center
451,MA,H_22065,"Sandhya Hospital and Fertility Centre, Vellore TN.","565, 16th cross, Phase I, Sathuvachari, Vellore - 632 009",Vellore,PVT,Multi,PVT HOSPITAL,Pvt,3,04-04-2017,2017,A5,False,False,False,False,False,False,True,True,True,True,True,True,False,False,False,False,False,False,True,True,False,False,False,False,False,False,True,True,False,False,False,False,False,False,False,True,False,False,False,False,12.9361096,79.1557785,Village/Town Center
464,MA,H_24076,"Schieffelin Institute of Health, Vellore TN.","SLRS POST, KARIGIRI, VELLORE ",Vellore,PVT,Multi,PVT HOSPITAL,Pvt,50,30-07-2021,2021,,False,False,False,False,False,False,False,False,False,False,False,False,False,False,False,False,False,False,False,False,False,False,False,False,False,False,False,False,False,False,False,False,False,False,False,False,False,False,False,False,12.9938366,79.1969506,Exact Hospital
503,MA,H_18638,"Sri Narayani Hospital and Res Ctr,Vellore TN.","Sri Narayani Hospital&Reserach Center Thirumalikodi,Sripuram,Vellore-55",Vellore,PVT,Multi,PVT HOSPITAL,Pvt,4,12-04-2017,2017,A1,False,True,True,True,True,False,True,True,True,True,True,True,False,False,False,True,False,True,False,True,True,True,False,True,True,True,True,True,False,False,False,True,False,False,True,True,True,False,True,True,12.8738498,79.088265,Village/Town Center
505,MA,H_25719,"Sri Ragavendra Health care, Vellore, TN.","NO-218,SOUTH SERVICE ROAD PHASE I,SATHUVACHARI,VALLALAR VELLORE",Vellore,PVT,Multi,PVT HOSPITAL,Pvt,62,30-08-2022,2022,,False,False,False,False,False,False,False,False,False,False,False,False,False,False,False,False,False,False,False,False,False,False,False,False,False,False,False,False,False,False,False,False,False,False,False,False,False,False,False,False,12.9361096,79.1557785,Village/Town Center
2177,MA,H_26159,"St.Theresa Hospital, Vellore TN. ",,Vellore,PVT,Multi,PVT HOSPITAL,PVT,85,26-03-2025,2025,,False,False,False,False,False,False,False,False,False,False,False,False,False,False,False,False,False,False,False,False,False,False,False,False,False,False,False,False,False,False,False,False,False,False,False,False,False,False,False,False,12.9021849,79.061104,District Center
544,MA,H_22573,"TANKER Foundation,Sathuvachari,Vellore TN.",Suraj Devi Dharmichand Vellore Fort S/F 516 Sixth Main Road Phase II Sathuvachari Vellore -,Vellore,PVT,Single,PVT HOSPITAL,Pvt,15,05-02-2018,2018,S2,False,False,False,False,False,False,True,False,False,False,False,False,False,False,False,False,False,False,False,True,False,False,False,False,False,False,False,False,False,False,False,False,False,False,False,False,False,False,False,False,12.9021849,79.061104,District Center
2095,MA,H_22477,"DEIC, Villupuram TN.",,Villupuram,DEIC,DEIC,DEIC,Govt,0,05-02-2018,2018,,False,False,False,False,False,False,False,False,False,False,False,False,False,False,False,False,False,False,False,False,False,False,False,False,False,False,False,False,False,False,False,False,False,False,False,False,False,False,False,False,11.9398285,79.4945645,District Center
2094,MA,H_22516,"District Disabled welfare office,Villupuram TN.",,Villupuram,DDWO,DDWO,DDWO,Govt,0,05-02-2018,2018,,False,False,False,False,False,False,False,False,False,False,False,False,False,False,False,False,False,False,False,False,False,False,False,False,False,False,False,False,False,False,False,False,False,False,False,False,False,False,False,False,11.9398285,79.4945645,District Center
266,MA,H_18852,"E S NURSING COLLEGE HOSPITAL, VILLUPURAM TN.","NO:13,HOSPITAL ROAD,VANDIMEDU, VILLUPURAM",Villupuram,Private,Multi,PVT HOSPITAL,Pvt,5,19-04-2017,2017,A2,False,False,False,False,False,False,True,False,True,True,True,True,False,False,False,False,False,True,False,True,True,False,False,False,True,False,False,False,False,False,False,False,False,False,False,True,True,False,True,False,11.9398285,79.4945645,District Center
267,MA,H_18640,"E.S.Hospital,Villupuram TN.",32 B TRICHY TRUNK ROAD,Villupuram,Private,Multi,PVT HOSPITAL,Pvt,4,12-04-2017,2017,A1,False,True,True,False,False,False,True,False,True,True,True,True,False,False,False,True,True,True,False,True,False,False,False,False,True,False,True,False,True,False,False,False,False,False,True,True,True,False,True,True,11.9365519,79.4849506,Exact Hospital
118,MA,H_23020,"Govt Hospital Marakanam, Villupuram TN.","Government  hospital,Marakkanam - 604303",Villupuram,Sub-district Hospital,Multi,Govt-DMS,Govt,34,25-11-2019,2019,A1,False,True,True,True,True,True,True,True,True,True,True,True,True,True,True,True,True,True,True,True,True,True,True,True,True,True,True,True,True,False,True,True,True,False,True,True,True,True,True,True,11.9398285,79.4945645,District Center
116,MA,H_22959,"Govt Hospital Mugaiyur PHC, Villupuram TN.","Govt.Upgraded primary health center,Mugaiyur,Kandachipuram taluk,Villupuram-605755",Villupuram,PHC,Multi,Govt - PHC,Govt,32,06-08-2019,2019,A1,False,True,True,True,True,True,True,True,True,True,True,True,True,True,True,True,True,True,True,True,True,True,True,True,True,True,True,True,True,False,True,True,True,False,True,True,True,True,True,True,11.9398285,79.4945645,District Center
117,MA,H_23018,"Govt Hospital Vikravandi, Villupuram TN.","Government  hospital,Vikkiravandi-605652",Villupuram,Sub-district Hospital,Multi,Govt-DMS,Govt,34,25-11-2019,2019,A1,False,True,True,True,True,True,True,True,True,True,True,True,True,True,True,True,True,True,True,True,True,True,True,True,True,True,True,True,True,False,True,True,True,False,True,True,True,True,True,True,11.9930877,79.5167872,Exact Hospital
85,MA,H_19731,"Govt Hospital, Gingee, Villupuram, TN.","Tindivanam Road, Gingee-604202",Villupuram,Sub-district Hospital,Multi,Govt-DMS,Govt,1,20-03-2017,2017,A1,False,True,True,True,True,True,True,True,True,True,True,True,True,True,True,True,True,True,True,True,True,True,True,True,True,True,True,True,True,False,True,True,True,False,True,True,True,True,True,True,12.3477657,79.3797042,Exact Hospital
1547,MA,H_24711,"Govt Iruvelpattu UPHC, T.V.Nallur, Villupuram TN.","Government Block Primary Health Centre, Iruvelpattu",Villupuram,PHC,Multi,Govt-MTM,Govt,51,19-08-2021,2021,A1,False,False,False,False,False,False,False,False,False,True,False,False,False,False,False,False,False,False,False,False,True,False,False,False,False,False,False,False,False,False,False,False,False,False,True,False,False,False,False,False,11.9398285,79.4945645,District Center
1632,MA,H_25027,"Govt Kanai UPHC,Anniyur VillupuramTN.","Government Block Primary Health Centre, Anniyur",Villupuram,PHC,Multi,Govt-MTM,Govt,55,12-11-2021,2021,A1,False,False,False,False,False,False,False,False,False,True,False,False,False,False,False,False,False,False,False,False,True,False,False,False,False,False,False,False,False,False,False,False,False,False,True,False,False,False,False,False,11.9398285,79.4945645,District Center
1544,MA,H_24708,"Govt Kandamanadi UPHC, Koliyanur, Villupuram TN.","Government Block Primary Health Centre, Kandamanadi",Villupuram,PHC,Multi,Govt-MTM,Govt,51,19-08-2021,2021,A1,False,False,False,False,False,False,False,False,False,True,False,False,False,False,False,False,False,False,False,False,True,False,False,False,False,False,False,False,False,False,False,False,False,False,True,False,False,False,False,False,11.9398285,79.4945645,District Center
1551,MA,H_24715,"Govt Kiliyanur UPHC, Vanur, Villupuram TN.","Government Block Primary Health Centre, Kiliyanur @ Thailapuram",Villupuram,PHC,Multi,Govt-MTM,Govt,51,19-08-2021,2021,A1,False,False,False,False,False,False,False,False,False,True,False,False,False,False,False,False,False,False,False,False,True,False,False,False,False,False,False,False,False,False,False,False,False,False,True,False,False,False,False,False,11.9398285,79.4945645,District Center
1569,MA,H_24774,"Govt Melsithamur UPHC,Vallam Villupuram TN.","Government Block Primary Health Centre, Melsithamur",Villupuram,PHC,Multi,Govt-MTM,Govt,52,06-09-2021,2021,A1,False,False,False,False,False,False,False,False,False,True,False,False,False,False,False,False,False,False,False,False,True,False,False,False,False,False,False,False,False,False,False,False,False,False,True,False,False,False,False,False,11.9398285,79.4945645,District Center
1545,MA,H_24709,"Govt Milam UPHC, Villupuram TN.","Government Block Primary Health Centre, Mailam",Villupuram,PHC,Multi,Govt-MTM,Govt,51,19-08-2021,2021,A1,False,False,False,False,False,False,False,False,False,True,False,False,False,False,False,False,False,False,False,False,True,False,False,False,False,False,False,False,False,False,False,False,False,False,True,False,False,False,False,False,11.9398285,79.4945645,District Center
1549,MA,H_24713,"Govt Murukkeri UPHC, Marakanam, Villupuram TN.","Government Block Primary Health Centre, Murukkeri",Villupuram,PHC,Multi,Govt-MTM,Govt,51,19-08-2021,2021,A1,False,False,False,False,False,False,False,False,False,True,False,False,False,False,False,False,False,False,False,False,True,False,False,False,False,False,False,False,False,False,False,False,False,False,True,False,False,False,False,False,11.9398285,79.4945645,District Center
1546,MA,H_24710,"Govt Olakkur UPHC, Villupuram TN.","Government Block Primary Health Centre, Olakkur",Villupuram,PHC,Multi,Govt-MTM,Govt,51,19-08-2021,2021,A1,False,False,False,False,False,False,False,False,False,True,False,False,False,False,False,False,False,False,False,False,True,False,False,False,False,False,False,False,False,False,False,False,False,False,True,False,False,False,False,False,11.9398285,79.4945645,District Center
1570,MA,H_24775,"Govt Radhapuram  UPHC,Vikkiravandi Villupuram TN.","Government Block Primary Health Centre, Radhapuram",Villupuram,PHC,Multi,Govt-MTM,Govt,52,06-09-2021,2021,A1,False,False,False,False,False,False,False,False,False,True,False,False,False,False,False,False,False,False,False,False,True,False,False,False,False,False,False,False,False,False,False,False,False,False,True,False,False,False,False,False,11.9398285,79.4945645,District Center
1568,MA,H_24773,"Govt Sathyamangalam UPHC,Gingee Villupuram TN.","Government Block Primary Health Centre, Sathyamangalam",Villupuram,PHC,Multi,Govt-MTM,Govt,52,06-09-2021,2021,A1,False,False,False,False,False,False,False,False,False,True,False,False,False,False,False,False,False,False,False,False,True,False,False,False,False,False,False,False,False,False,False,False,False,False,True,False,False,False,False,False,11.9398285,79.4945645,District Center
1548,MA,H_24712,"Govt Siruvanthadu UPHC,Villupuram TN.","Government Block Primary Health Centre, Siruvanthadu",Villupuram,PHC,Multi,Govt-MTM,Govt,51,19-08-2021,2021,A1,False,False,False,False,False,False,False,False,False,True,False,False,False,False,False,False,False,False,False,False,True,False,False,False,False,False,False,False,False,False,False,False,False,False,True,False,False,False,False,False,11.9398285,79.4945645,District Center
1550,MA,H_24714,"Govt Valathy UPHC, Melmalaiyanur, Villupuram TN.","Government Block Primary Health Centre, Valathy",Villupuram,PHC,Multi,Govt-MTM,Govt,51,19-08-2021,2021,A1,False,False,False,False,False,False,False,False,False,True,False,False,False,False,False,False,False,False,False,False,True,False,False,False,False,False,False,False,False,False,False,False,False,False,True,False,False,False,False,False,11.9398285,79.4945645,District Center
153,MA,H_25861,"Govt Valavanur Taluk Hospital , Villupuram TN."," Valavanur, Villupuram",Villupuram,Sub-district Hospital,Multi,Govt-DMS,Govt,69,12-05-2023,2023,A1,False,True,True,True,True,True,True,True,True,True,True,True,True,True,True,True,True,True,True,True,True,True,True,True,True,True,True,True,True,False,True,True,True,False,True,True,True,True,True,True,11.9226685,79.5857898,Village/Town Center
154,MA,H_25858,"Govt Vanur Taluk Hospital , Villupuram TN.","Vanur, villupuram",Villupuram,Sub-district Hospital,Multi,Govt-DMS,Govt,69,12-05-2023,2023,A1,False,True,True,True,True,True,True,True,True,True,True,True,True,True,True,True,True,True,True,True,True,True,True,True,True,True,True,True,True,False,True,True,True,False,True,True,True,True,True,True,11.9398285,79.4945645,District Center
86,MA,H_20060,GOVT. HOSPITAL. VILLUPURAM TN.,"Chief Civil Surgeon Medical Officer,Govt. Hospital, Villupuram,Near Signal.PIN: 605602.",Villupuram,Sub-district Hospital,Multi,Govt-DMS,Govt,1,20-03-2017,2017,A1,False,True,True,True,True,True,True,True,True,True,True,True,True,True,True,True,True,True,True,True,True,True,True,True,True,True,True,True,True,False,True,True,True,False,True,True,True,True,True,True,11.9930877,79.5167872,Exact Hospital
87,MA,H_18875,"Govt.Head Quarters,Tindivanam,Villupuram TN.","Hospital Road, Near Murugampakkam, Govt. Hospital, Tindivanam. Pin : 604 001",Villupuram,District Hospital,Multi,Govt-DMS,Govt,1,20-03-2017,2017,A1,False,True,True,True,True,True,True,True,True,True,True,True,True,True,True,True,True,True,True,True,True,True,True,True,True,True,True,True,True,False,True,True,True,False,True,True,True,True,True,True,11.5967429,78.6384016,Village/Town Center
88,MA,H_18734,"Govt.of Villupuram Med Coll and Hsp,Villupuram TN.","GOVT VILLUPURAM MEDICAL COLLEGE AND HOSPITAL, MUNDIYAMPAKKAM, VILLUPURAM TALUK AND DISTRICT. PIN 605 601",Villupuram,Medical College Hospital ,Multi,Govt-DME,Govt,1,20-03-2017,2017,A1,False,True,True,True,True,True,True,True,True,True,True,True,True,True,True,True,True,True,True,True,True,True,True,True,True,True,True,True,True,False,True,True,True,False,True,True,True,True,True,True,11.9398285,79.4945645,District Center
2029,MA,H_22408,"Hariksha Learning Center, Autism, Villupuram TN.",,Villupuram,Private,Autism ,PVT AUTISM,Pvt,12,25-09-2017,2017,,False,False,False,False,False,False,False,False,False,False,False,False,False,False,False,False,False,False,False,False,False,False,False,False,False,False,False,False,False,False,False,False,False,False,False,False,False,False,False,False,11.9398285,79.4945645,District Center
299,MA,H_22807,"I Med Super Speciality Hospital, Villupuram TN.","WHAB NAGAR,MARAKANAM ROAD , OPP FIRE STATION,TINDIVANAM,  VILLUPURAM -604001",Villupuram,Private,Multi,PVT HOSPITAL,Pvt,29,12-02-2019,2019,A3,False,False,False,False,False,False,True,False,True,True,True,True,False,False,False,False,False,False,False,True,True,True,False,False,True,False,False,False,False,False,False,False,False,False,True,False,False,False,False,False,11.9933796,79.5174212,Village/Town Center
2028,MA,H_19597,"KRISHNA ADVANCED MRI AND CT,VILLUPURAM DC.",,Villupuram,Private,PVT-STANDALONE,DC PVT-STANDALONE,Pvt,2,27-03-2017,2017,,False,False,False,False,False,False,False,False,False,False,False,False,False,False,False,False,False,False,False,False,False,False,False,False,False,False,False,False,False,False,False,False,False,False,False,False,False,False,False,False,11.9398285,79.4945645,District Center
364,MA,H_22271,"Maragadam Hospital, Nehruji Road, Villupuram TN.",686 NEHRUJI ROAD VILLUPURAM,Villupuram,Private,Multi,PVT HOSPITAL,Pvt,7,23-05-2017,2017,A2,False,False,False,False,False,False,True,False,False,True,True,True,False,False,False,False,False,False,False,False,False,False,False,False,False,False,False,False,False,False,False,False,False,False,False,False,False,False,False,False,11.9398285,79.4945645,District Center
2030,MA,H_22377,"Newlife Ment Retd Spl Sch,Autism, Villupuram TN.",,Villupuram,Private,Autism ,PVT AUTISM,Pvt,10,21-08-2017,2017,,False,False,False,False,False,False,False,False,False,False,False,False,False,False,False,False,False,False,False,False,False,False,False,False,False,False,False,False,False,False,False,False,False,False,False,False,False,False,False,False,11.9398285,79.4945645,District Center
407,MA,H_18850,"P R G Hospital, VILLUPURAM TN.",no 85 thiruvannamalai road sakkarapuram,Villupuram,Private,Multi,PVT HOSPITAL,Pvt,4,12-04-2017,2017,A3,False,False,False,False,False,False,True,False,False,True,True,True,False,False,False,False,False,False,False,True,False,False,False,True,True,False,False,False,False,False,False,False,False,False,False,True,False,False,True,True,11.9398285,79.4945645,District Center
533,MA,H_18616,"Sumathi Hospital,Villupuram TN.
","39, MAMPAZHAPATTU ROAD,",Villupuram,Private,Multi,PVT HOSPITAL,Pvt,5,19-04-2017,2017,A2,False,False,False,False,False,False,True,False,False,False,False,True,False,False,False,False,False,False,False,True,False,False,False,False,True,False,False,False,False,False,False,False,False,False,False,False,False,False,False,True,11.9400239,79.4874404,Exact Hospital
2033,MA,H_21568,"Aarthi Scans Rajapalayam, Virudhunagar DC.",,Virudhunagar,Private,PVT-STANDALONE,DC PVT-STANDALONE,Pvt,2,27-03-2017,2017,,False,False,False,False,False,False,False,False,False,False,False,False,False,False,False,False,False,False,False,False,False,False,False,False,False,False,False,False,False,False,False,False,False,False,False,False,False,False,False,False,9.4926289,77.8631831,District Center
176,MA,H_22646,"Annai Dialysis Centre, Virudhunagar TN.","117, PSR Road,Sivakasi.",Virudhunagar,Private,Single,PVT HOSPITAL,Pvt,19,21-06-2018,2018,S2,False,False,False,False,False,False,False,False,False,False,False,False,False,False,False,False,False,False,False,True,False,False,False,False,False,False,False,False,False,False,False,False,False,False,False,False,False,False,False,False,9.4926289,77.8631831,District Center
199,MA,H_18382 ,"Aruna Childrens Hospital,Virudhunagar TN.","6/42,Gandhi Road,Near Bus Stand",Virudhunagar,Private,Multi,PVT HOSPITAL,Pvt,62,30-08-2022,2022,A2,False,False,False,False,True,False,False,False,True,False,False,False,False,False,False,False,False,False,False,False,True,False,False,False,False,False,False,False,True,False,False,True,False,False,False,False,False,False,False,False,9.4979398,78.1402889,Village/Town Center
2096,MA,H_22478,"DEIC, Virudhunagar TN.",,Virudhunagar,DEIC,DEIC,DEIC,Govt,0,05-02-2018,2018,,False,False,False,False,False,False,False,False,False,False,False,False,False,False,False,False,False,False,False,False,False,False,False,False,False,False,False,False,False,False,False,False,False,False,False,False,False,False,False,False,9.4926289,77.8631831,District Center
2032,MA,H_22007,"Devaki Scans Virudhunagar, DC.",,Virudhunagar,Private,PVT-STANDALONE,DC PVT-STANDALONE,Pvt,2,27-03-2017,2017,,False,False,False,False,False,False,False,False,False,False,False,False,False,False,False,False,False,False,False,False,False,False,False,False,False,False,False,False,False,False,False,False,False,False,False,False,False,False,False,False,9.4926289,77.8631831,District Center
2097,MA,H_22517,"District Diff.abled welfare off,Virudhunagar TN.",,Virudhunagar,DDWO,DDWO,DDWO,Govt,15,02-05-2018,2018,,False,False,False,False,False,False,False,False,False,False,False,False,False,False,False,False,False,False,False,False,False,False,False,False,False,False,False,False,False,False,False,False,False,False,False,False,False,False,False,False,9.4926289,77.8631831,District Center
250,MA,H_19079,"Dr Anil Kumar Eye Hospital, Virudhunagar TN.","PSR RD, PARASAKTHI COLONY, SIVAKASI",Virudhunagar,Private,Single,PVT HOSPITAL,Pvt,24,08-10-2018,2018,S2,False,False,False,False,False,False,True,False,False,False,False,False,False,False,False,False,False,False,False,False,False,False,False,True,False,False,False,False,False,False,False,False,False,False,False,False,False,False,False,False,9.4569674,77.7955413,Village/Town Center
2178,MA,H_26298,"Dr.Dharmas Scans, Virudhunagar DC.",,Virudhunagar,PVT-STANDALONE,multi,DC PVT-STANDALONE,Pvt,90,24-09-2025,2025,,False,False,False,False,False,False,False,False,False,False,False,False,False,False,False,False,False,False,False,False,False,False,False,False,False,False,False,False,False,False,False,False,False,False,False,False,False,False,False,False,9.4926289,77.8631831,District Center
92,MA,H_18491,"Government Medical College, Virudhunagar TN.","RAMAMOORTHY RD, PROFESSORS COLONY, ANNA NAGAR, VIRUDHUNAGAR, TAMIL NADU 626001",Virudhunagar,Medical College Hospital ,Multi,Govt-DME,Govt,1,20-03-2017,2017,A1,False,True,True,True,True,True,True,True,True,True,True,True,True,True,True,True,True,True,True,True,True,True,True,True,True,True,True,True,True,False,True,True,True,False,True,True,True,True,True,True,9.5632014,77.947711,Exact Hospital
98,MA,H_22047,"Govt Hospital Kallamanayakanpati, Virudhunagar TN.","Govt Hospital, Govt school Backside, Kallamanaickenpatti",Virudhunagar,Sub-district Hospital,Multi,Govt-DMS,Govt,3,04-04-2017,2017,A1,False,True,True,True,True,True,True,True,True,True,True,True,True,True,True,True,True,True,True,True,True,True,True,True,True,True,True,True,True,False,True,True,True,False,True,True,True,True,True,True,9.4926289,77.8631831,District Center
89,MA,H_21241,"Govt hospital,Kariapatti,Virudhunagar TN.","KARIAPATTI, TAMIL NADU 626106",Virudhunagar,Sub-district Hospital,Multi,Govt-DMS,Govt,1,20-03-2017,2017,A1,False,True,True,True,True,True,True,True,True,True,True,True,True,True,True,True,True,True,True,True,True,True,True,True,True,True,True,True,True,False,True,True,True,False,True,True,True,True,True,True,9.6024514,78.0951809,Exact Hospital
91,MA,H_21271,"Govt hospital,Sattur,Virudhunagar TN.","SATTUR, TAMIL NADU 626203",Virudhunagar,Sub-district Hospital,Multi,Govt-DMS,Govt,1,20-03-2017,2017,A1,False,True,True,True,True,True,True,True,True,True,True,True,True,True,True,True,True,True,True,True,True,True,True,True,True,True,True,True,True,False,True,True,True,False,True,True,True,True,True,True,9.2375269,77.9070875,Exact Hospital
94,MA,H_19098,"Govt hospital,Sivakasi,Virudhunagar TN","PERIYAKULAM COLONY, SIVAKASI, VIRUDHUNAGAR- 626123",Virudhunagar,Sub-district Hospital,Multi,Govt-DMS,Govt,1,20-03-2017,2017,A1,False,True,True,True,True,True,True,True,True,True,True,True,True,True,True,True,True,True,True,True,True,True,True,True,True,True,True,True,True,False,True,True,True,False,True,True,True,True,True,True,9.5137465,77.6321785,Exact Hospital
96,MA,H_21272,"Govt hospital,Watrap,Virudhunagar TN.",VIRUDHUNAGAR - 626001,Virudhunagar,Sub-district Hospital,Multi,Govt-DMS,Govt,1,20-03-2017,2017,A1,False,True,True,True,True,True,True,True,True,True,True,True,True,True,True,True,True,True,True,True,True,True,True,True,True,True,True,True,True,False,True,True,True,False,True,True,True,True,True,True,9.6401576,77.6354437,Exact Hospital
1505,MA,H_24547,"Govt PHC,Kanniseripudur, Virudhunagar TN.","Govt Primary Health centre, Kanniseripudur, Virudhunagar Taluk 626119",Virudhunagar,PHC,Multi,Govt-MTM,Govt,51,23-08-2021,2021,A1,False,False,False,False,False,False,False,False,False,True,False,False,False,False,False,False,False,False,False,False,True,False,False,False,False,False,False,False,False,False,False,False,False,False,True,False,False,False,False,False,9.4926289,77.8631831,District Center
1504,MA,H_24546,"Govt PHC,M.Pudupatti, Virudhunagar TN.","Government Primary Health Centre,M.Pudupatti, Virudhungar Taluk 626130",Virudhunagar,PHC,Multi,Govt-MTM,Govt,51,23-08-2021,2021,A1,False,False,False,False,False,False,False,False,False,True,False,False,False,False,False,False,False,False,False,False,True,False,False,False,False,False,False,False,False,False,False,False,False,False,True,False,False,False,False,False,9.4926289,77.8631831,District Center
95,MA,H_19097,"Govt. Head Qrtrs Hosp, Arupukottai,Virdhunagar TN.","VELLAI KOTTAI, ARUPPUKKOTTAI, TAMIL NADU 626101",Virudhunagar,District Hospital,Multi,Govt-DMS,Govt,1,20-03-2017,2017,A1,False,True,True,True,True,True,True,True,True,True,True,True,True,True,True,True,True,True,True,True,True,True,True,True,True,True,True,True,True,False,True,True,True,False,True,True,True,True,True,True,9.4652314,77.5627219,Village/Town Center
90,MA,H_20072,"Govt. Hospital, Srivilliputhur, Virudhunagar TN.","HOSPITAL CHOWK, NEAR SALEM STEEL PLANT,SRIVILLIPUTHUR, TAMIL NADU 626125",Virudhunagar,Sub-district Hospital,Multi,Govt-DMS,Govt,1,20-03-2017,2017,A1,False,True,True,True,True,True,True,True,True,True,True,True,True,True,True,True,True,True,True,True,True,True,True,True,True,True,True,True,True,False,True,True,True,False,True,True,True,True,True,True,9.5137465,77.6321785,Exact Hospital
97,MA,H_22046,"Govt. Hospital, Thiruthangal, Virudhunagar TN.","Govt. Hospital,Pillyar kovil Back side,Thiruthangal,Virudhunagar",Virudhunagar,Sub-district Hospital,Multi,Govt-DMS,Govt,3,04-04-2017,2017,A1,False,True,True,True,True,True,True,True,True,True,True,True,True,True,True,True,True,True,True,True,True,True,True,True,True,True,True,True,True,False,True,True,True,False,True,True,True,True,True,True,9.48809,77.814176,Exact Hospital
1503,MA,H_24545,"Govt.CHC,Pandalgudi, Virudhunagar TN.","COMMUNITY HEALTH CENTRE, PANDALGUDI, Aruppukottai Taluk 626113",Virudhunagar,CHC,Multi,Govt-MTM,Govt,51,23-08-2021,2021,A1,False,False,False,False,False,False,False,False,False,True,False,False,False,False,False,False,False,False,False,False,True,False,False,False,False,False,False,False,False,False,False,False,False,False,True,False,False,False,False,False,9.4926289,77.8631831,District Center
1478,MA,H_24492,"Govt.CHC,Thayilpatti,Virudhunagar TN.","Government Community Health center, Thayilpatti , Vembakottai Taluk  626128",Virudhunagar,CHC,Multi,Govt-MTM,Govt,51,23-08-2021,2021,A1,False,False,False,False,False,False,False,False,False,True,False,False,False,False,False,False,False,False,False,False,True,False,False,False,False,False,False,False,False,False,False,False,False,False,True,False,False,False,False,False,9.4926289,77.8631831,District Center
93,MA,H_18489,"Govt.Hd.Quarters Hosp,Rajapalayam,Virudhunagar TN.","ILANTHOPU, RAJAPALAYAM, RAJAPALAYAM, TAMIL NADU 626117",Virudhunagar,District Hospital,Multi,Govt-DMS,Govt,1,20-03-2017,2017,A1,False,True,True,True,True,True,True,True,True,True,True,True,True,True,True,True,True,True,True,True,True,True,True,True,True,True,True,True,True,False,True,True,True,False,True,True,True,True,True,True,9.4652314,77.5627219,Village/Town Center
99,MA,H_22360,"Govt.Hospital Thiruchuli,Virudhunagar TN.","Narikudi Road, GH street , Tiruchuli",Virudhunagar,Sub-district Hospital,Multi,Govt-DMS,Govt,10,21-08-2017,2017,A1,False,True,True,True,True,True,True,True,True,True,True,True,True,True,True,True,True,True,True,True,True,True,True,True,True,True,True,True,True,False,True,True,True,False,True,True,True,True,True,True,9.6741205,78.0962516,Exact Hospital
1587,MA,H_24824,"Govt.Narikudi UPHC,Virudhunagar TN.","Narikudi Main Road, Near Govt Hr. Sec. School, Narikudi 626607",Virudhunagar,PHC,Multi,Govt-MTM,Govt,52,09-08-2021,2021,A1,False,False,False,False,False,False,False,False,False,True,False,False,False,False,False,False,False,False,False,False,True,False,False,False,False,False,False,False,False,False,False,False,False,False,True,False,False,False,False,False,9.5701276,78.3109482,Village/Town Center
1501,MA,H_24543,"Govt.PHC Kunnur,Virudhunagar TN.","GOVERNMENT PRIMARY HEALTH CENTRE,KUNNUR, Srivilliputhur Taluk 626126",Virudhunagar,PHC,Multi,Govt-MTM,Govt,51,23-08-2021,2021,A1,False,False,False,False,False,False,False,False,False,True,False,False,False,False,False,False,False,False,False,False,True,False,False,False,False,False,False,False,False,False,False,False,False,False,True,False,False,False,False,False,9.4926289,77.8631831,District Center
1477,MA,H_24491,"Govt.PHC Mallankinar, Virudhunagar TN.","GOVERNMENT PRIMARY HEALTH CENTRE MALLANKINAR, Kariyapatti Taluk 626109",Virudhunagar,PHC,Multi,Govt-MTM,Govt,51,23-08-2021,2021,A1,False,False,False,False,False,False,False,False,False,True,False,False,False,False,False,False,False,False,False,False,True,False,False,False,False,False,False,False,False,False,False,False,False,False,True,False,False,False,False,False,9.4926289,77.8631831,District Center
1502,MA,H_24544,"Govt.PHC R.Reddiapatti,Virudhunagar TN.","GOVT PRIMARY CENTRE R.REDDIAPATTI, Rajapalayam Taluk  626136",Virudhunagar,PHC,Multi,Govt-MTM,Govt,51,23-08-2021,2021,A1,False,False,False,False,False,False,False,False,False,True,False,False,False,False,False,False,False,False,False,False,True,False,False,False,False,False,False,False,False,False,False,False,False,False,True,False,False,False,False,False,9.4926289,77.8631831,District Center
1642,MA,H_25051,"Govt.PHC,Arupukkottai,Gopalapuram,Virudhunagar TN.","GOPALAPURAM UPGRADED PRIMARY HEALTH CENTRE, Palayampatti Post, Aruppukottai 626112",Virudhunagar,PHC,Multi,Govt-MTM,Govt,55,12-11-2021,2021,A1,False,False,False,False,False,False,False,False,False,True,False,False,False,False,False,False,False,False,False,False,True,False,False,False,False,False,False,False,False,False,False,False,False,False,True,False,False,False,False,False,9.516758,78.0780476,Village/Town Center
1644,MA,H_25053,"Govt.PHC,Narikudi,Veeracholan,Virudhunagar TN.","Near Mosqee,Upgrade Govt.Primary Health Centre,Veeracholan, Thiruchuli Taluk 626612",Virudhunagar,PHC,Multi,Govt-MTM,Govt,55,12-11-2021,2021,A1,False,False,False,False,False,False,False,False,False,True,False,False,False,False,False,False,False,False,False,False,True,False,False,False,False,False,False,False,False,False,False,False,False,False,True,False,False,False,False,False,9.4926289,77.8631831,District Center
1643,MA,H_25052,"Govt.PHC,Tiruchuli,Paralachi,Virudhunagar TN.","Upgrade Govt.Primary Health Centre,Paralachi, Aruppukottai Taluk 626114",Virudhunagar,PHC,Multi,Govt-MTM,Govt,55,12-11-2021,2021,A1,False,False,False,False,False,False,False,False,False,True,False,False,False,False,False,False,False,False,False,False,True,False,False,False,False,False,False,False,False,False,False,False,False,False,True,False,False,False,False,False,9.4926289,77.8631831,District Center
1474,MA,H_24488,"Govt.UPHC M.Reddiapatti, Virudhunagar TN.","Upgrade Govt.Primary Health Centre,M.Reddiapatti, Thiruchuli Taluk 626118",Virudhunagar,PHC,Multi,Govt-MTM,Govt,51,23-08-2021,2021,A1,False,False,False,False,False,False,False,False,False,True,False,False,False,False,False,False,False,False,False,False,True,False,False,False,False,False,False,False,False,False,False,False,False,False,True,False,False,False,False,False,9.4926289,77.8631831,District Center
1575,MA,H_24812,"Govt.UPHC Sathur,Virudhunagar TN.","Upgrade Govt.Primary Health Centre,Uppathur, Sattur Taluk 626205",Virudhunagar,PHC,Multi,Govt-MTM,Govt,52,09-08-2021,2021,A1,False,False,False,False,False,False,False,False,False,True,False,False,False,False,False,False,False,False,False,False,True,False,False,False,False,False,False,False,False,False,False,False,False,False,True,False,False,False,False,False,9.4926289,77.8631831,District Center
1588,MA,H_24826,"Govt.UPHC Zameenkollankondan ,Virudhunagar TN.", Murugan Kovil Street Zaminkollankondan 626142,Virudhunagar,PHC,Multi,Govt-MTM,Govt,52,09-08-2021,2021,A1,False,False,False,False,False,False,False,False,False,True,False,False,False,False,False,False,False,False,False,False,True,False,False,False,False,False,False,False,False,False,False,False,False,False,True,False,False,False,False,False,9.4926289,77.8631831,District Center
288,MA,H_21129,"Graham Clinic,Sivakasi, Virudhunagar TN.","ALANGULAM ROAD, PARASAKTHI COLONY, SIVAKASI,",Virudhunagar,Private,Single,PVT HOSPITAL,Pvt,5,19-04-2017,2017,S2,False,False,False,False,False,False,False,False,False,False,False,False,False,False,False,False,False,False,False,True,False,False,False,False,False,False,False,False,False,False,False,False,False,False,False,False,False,False,False,False,9.4513491,77.792092,Exact Hospital
289,MA,H_18445,"Graham Nursing Home,Virudhunagar TN.","ALANGULAM ROAD, PARASAKTHI COLONY, SIVAKASI,",Virudhunagar,Private,Multi,PVT HOSPITAL,Pvt,5,19-04-2017,2017,A5,False,False,False,False,False,False,False,False,False,True,True,True,False,False,False,False,False,False,False,False,False,False,False,False,True,False,False,False,False,False,False,False,False,False,False,False,False,False,False,True,9.4513491,77.792092,Exact Hospital
313,MA,H_25899,"Kalasalingam Medical College, Virudhunagar TN.","ANAND NAGAR, KRISHNANANKOIL, SRIVILLIPUTTUR, VIRUDHUNAGAR(DIS)- 626126",Virudhunagar,Private,Multi,PVT HOSPITAL,Pvt,71,08-08-2023,2023,,False,False,False,False,False,False,False,False,True,True,False,True,False,False,False,False,False,False,False,True,False,False,False,False,True,False,False,False,False,False,False,False,False,False,False,False,False,False,False,False,9.4926289,77.8631831,District Center
333,MA,H_22010,"Krishna Hospital, Sattur, Virudhunagar TN.","377,main Road,Sattur",Virudhunagar,Private,Multi,PVT HOSPITAL,Pvt,2,27-03-2017,2017,A4,False,False,False,False,False,False,False,True,True,True,True,True,False,False,False,False,False,False,True,True,False,False,False,False,False,False,False,False,False,False,False,False,False,False,False,True,False,False,False,False,9.354485,77.9196099,Exact Hospital
2031,MA,H_22004,"Krishna MRI Sattur, Virudhunagar, DC.",,Virudhunagar,Private,PVT-STANDALONE,DC PVT-STANDALONE,Pvt,2,27-03-2017,2017,,False,False,False,False,False,False,False,False,False,False,False,False,False,False,False,False,False,False,False,False,False,False,False,False,False,False,False,False,False,False,False,False,False,False,False,False,False,False,False,False,9.4926289,77.8631831,District Center
2162,MA,H_25796,"Kumar Scans, Virudhunagar DC.",,Virudhunagar,Private,PVT-STANDALONE,DC PVT-STANDALONE,Pvt,66,24-02-2023,2023,,False,False,False,False,False,False,False,False,False,False,False,False,False,False,False,False,False,False,False,False,False,False,False,False,False,False,False,False,False,False,False,False,False,False,False,False,False,False,False,False,9.4926289,77.8631831,District Center
344,MA,H_25648,"Lakshmi Priya Hospital, Virudhunagar TN.","Door no:158,West Car Street,Virudhunagar.",Virudhunagar,Private,Single,PVT HOSPITAL,Pvt,58,28-04-2022,2022,S1,False,False,False,False,False,False,False,False,False,False,False,False,False,False,False,False,False,False,False,True,False,False,False,False,False,False,False,False,False,False,False,False,False,False,False,False,False,False,False,False,9.587468,77.952076,Exact Hospital
367,MA,H_22091,"Mathi Cardiac Centre, Sivakasi, Virudhunagar TN.","15/1 Arumugam Road,AVT Padasalai Street,Sivakasi",Virudhunagar,Private,Single,PVT HOSPITAL,Pvt,5,19-04-2017,2017,S1,False,True,False,False,False,False,False,False,False,False,False,False,False,False,False,True,False,False,False,False,False,False,False,False,False,False,False,False,False,False,False,False,False,False,False,False,False,False,False,False,9.4926289,77.8631831,District Center
368,MA,H_18386,"Mathi Integrated Health Center,Virudhunagar TN.","VISWANATHAM, SIVAKASI,",Virudhunagar,Private,Multi,PVT HOSPITAL,Pvt,5,19-04-2017,2017,A5,False,False,False,False,False,False,False,False,True,True,False,False,False,False,False,False,False,False,False,True,True,False,False,False,False,False,False,False,False,False,False,False,False,False,False,False,False,False,False,False,9.4627995,77.7891013,Village/Town Center
377,MA,H_22805,"Meenakshi Memorial Hospital, Virudhunagar TN.",164 PACR ROAD RAJAPALAYAM,Virudhunagar,Private,Multi,PVT HOSPITAL,Pvt,29,12-02-2019,2019,A5,False,True,True,False,True,False,True,False,True,True,False,True,False,False,False,False,False,False,False,True,True,False,False,True,False,False,False,False,True,False,False,True,False,False,False,False,True,False,False,False,9.4926289,77.8631831,District Center
2034,MA,H_22409,"Ritham Special School, Autism, Virudhunagar TN.",,Virudhunagar,Private,Autism ,PVT AUTISM,Pvt,12,25-09-2017,2017,,False,False,False,False,False,False,False,False,False,False,False,False,False,False,False,False,False,False,False,False,False,False,False,False,False,False,False,False,False,False,False,False,False,False,False,False,False,False,False,False,9.4926289,77.8631831,District Center
452,MA,H_26172,"Sankara Eye Hosp, Krishnankoil, Virudhunagar, TN.","sankara eye hospital, madurai rajapalayam high way,kunnur (Po),srivilliputhur(tk) 626126 ",Virudhunagar,Private,Single,PVT HOSPITAL,Pvt,86,30-04-2025,2025,S2,False,False,False,False,False,False,False,False,False,False,False,False,False,False,False,False,False,False,False,False,False,False,False,True,False,False,False,False,False,False,False,False,False,False,False,False,False,False,False,False,9.4926289,77.8631831,District Center
458,MA,H_26010,"Saravana Hospital, Virudhunagar, TN.",1/134 Mudhaliyar Street Dhalavaipuram Tamil Nadu 626188,Virudhunagar,Private,Multi,PVT HOSPITAL,Pvt,75,25-04-2024,2024,S1,False,False,False,False,False,False,False,False,False,True,False,False,False,False,False,False,False,False,False,False,False,False,False,False,False,False,False,False,False,False,False,False,False,False,False,False,False,False,False,False,9.3531567,77.9181089,Exact Hospital
463,MA,H_26134,"SBJ Health Centre PVT Limited, Virudhunagar, TN.","52-A, A.S.K. THANGAIAH ROAD SIVAKASI - 626189 VIRUDHUNAGAR DISTRICT",Virudhunagar,Private,Multi,PVT HOSPITAL,Pvt,83,30-01-2025,2025,A5,False,False,False,False,False,False,False,False,True,True,False,False,False,False,False,False,False,False,False,False,False,False,False,True,False,False,False,False,False,False,False,False,False,False,False,False,False,False,False,False,9.4926289,77.8631831,District Center
467,MA,H_22761,"Shakthi Eye Hospital,Rajapalayam, Virudhunagar TN.","252.B. Thenkasi Road, Rajapalayam",Virudhunagar,Private,Single,PVT HOSPITAL,Pvt,27,18-12-2018,2018,S2,False,False,False,False,False,False,True,False,False,False,False,False,False,False,False,False,False,False,False,False,False,False,False,True,False,False,False,False,False,False,False,False,False,False,False,False,False,False,False,False,9.438203,77.540773,Exact Hospital
2148,MA,H_25737 ,"Sivakasi Med Res and Dia Pvt Ltd, Virudhunagar DC.",,Virudhunagar,Private,PVT-STANDALONE,DC PVT-STANDALONE,Pvt,62,30-08-2022,2022,,False,False,False,False,False,False,False,False,False,False,False,False,False,False,False,False,False,False,False,False,False,False,False,False,False,False,False,False,False,False,False,False,False,False,False,False,False,False,False,False,9.4926289,77.8631831,District Center
498,MA,H_22427,"Sri Krishna Hospital,Rajapalayam, Virudhunagar TN.","218,B,P.A.C.R.Salai, Sri Rengapalayam, Rajapalayam.",Virudhunagar,Private,Multi,PVT HOSPITAL,Pvt,13,07-11-2017,2017,A5,False,False,False,False,False,False,False,True,True,True,False,True,False,False,False,False,False,False,False,True,True,False,False,False,True,False,False,False,False,False,False,False,False,False,False,False,False,False,False,True,9.4926289,77.8631831,District Center
507,MA,H_18259,"Sri Ram Hospital Sugasthala,Virudhunagar TN.","VELLAI KOTTAI, ARUPPUKKOTTAI, ",Virudhunagar,Private,Multi,PVT HOSPITAL,Pvt,5,19-04-2017,2017,A5,False,False,False,False,False,False,False,False,True,True,False,False,False,False,False,False,False,False,False,False,False,False,False,False,False,False,False,False,False,False,False,False,False,False,False,False,False,False,False,False,9.5070532,78.0953144,Exact Hospital
509,MA,H_20933,"Sri Ramakrishna Hospital,Virudhunagar TN.","PULLALAKKOTTAI ROAD, WEST PANDIAN COLONY, VIRUDHUNAGAR",Virudhunagar,Private,Multi,PVT HOSPITAL,Pvt,5,19-04-2017,2017,A5,False,False,False,False,False,False,True,False,False,False,False,False,False,False,False,True,False,False,False,True,False,False,False,False,False,False,False,False,False,False,False,False,False,False,False,False,False,False,False,False,9.4926289,77.8631831,District Center
519,MA,H_22005,"Sruthi Hospital, Virudhunagar TN","111/E Gandhi Road,Near Busstand,Sivakasi.",Virudhunagar,Private,Multi,PVT HOSPITAL,Pvt,2,27-03-2017,2017,A4,False,False,False,False,False,False,False,False,False,False,False,False,False,False,False,False,False,False,False,False,False,False,False,False,True,False,False,False,False,False,False,False,False,False,False,False,False,False,False,True,9.444383,77.8017682,Exact Hospital
521,MA,H_18288,"Star Hospital,Virudhunagar TN.","MAIN ROAD,SATTUR, VIRUDHU NAGAR ",Virudhunagar,Private,Multi,PVT HOSPITAL,Pvt,5,19-04-2017,2017,A5,False,False,False,False,False,False,True,False,True,True,False,False,False,False,False,False,False,False,False,True,True,False,False,False,True,False,False,False,False,False,False,False,False,False,False,False,False,False,False,True,9.3538499,77.9203014,Exact Hospital
525,MA,H_18291,"Sudha Nursing home,Virudhunagar TN.","NRKR RD, SENAYAPURAM COLONY, SIVAKASI, ",Virudhunagar,Private,Multi,PVT HOSPITAL,Pvt,7,23-05-2017,2017,A5,False,False,False,False,False,False,False,False,True,True,True,False,False,False,False,False,False,False,False,False,True,True,False,False,True,False,False,False,False,False,False,False,False,False,False,False,False,False,False,True,9.4485512,77.7989759,Exact Hospital
570,MA,H_18345,"Vijaya Nursing Home, Virudhunagar TN.","NRKR RD, KALIAPPA NAGAR, SIVAKASI",Virudhunagar,Private,Multi,PVT HOSPITAL,Pvt,5,19-04-2017,2017,A6,False,False,False,False,False,False,False,False,True,True,False,False,False,False,False,False,False,False,False,True,False,False,False,False,False,False,False,False,False,False,False,False,False,False,False,False,False,False,False,False,9.4475186,77.8000552,Exact Hospital
